hour_sin,hour_cos,season_sin,season_cos,temp,wind,cloud,station_load_kw
0.6438456926012069,0.7651553594655611,-0.594726686960764,0.8039279618328208,-0.13361161800449925,0.46704530894859,0.20772956700189527,204.96325908584313
0.5194889832752118,0.8544771478838312,-0.994217906893952,0.10738134666416306,-0.39121401543818257,0.546493350040833,0.28745619737822076,210.39560513502408
0.9940713804772634,0.1087294372101129,0.9368813462954315,-0.3496474552512284,-0.7101890994752619,0.26923981647963907,0.20486122961678316,225.292885772825
0.9828022526562895,0.18466112794446723,-0.5307300481619331,-0.8475409228928312,-0.8405036906006843,0.17113859487096197,0.08871869627243581,223.82098961791377
-0.9984692258883155,0.05531008003960879,0.06880242680231986,0.9976303053065857,-0.11519882084364999,0.5876973954522642,0.45255895770002486,212.97760565107208
0.5989634962844597,0.8007763296443621,0.16280701293851715,-0.986657932891657,-0.8741559940557958,0.6121454996637486,0.21692361331056004,252.322709590763
-0.6065626260090777,-0.7950357103482659,0.09453674981719912,-0.9955213724144752,-1.004020345229959,0.5886501375170772,0.09282194124122906,261.47437566334287
0.47513394158079497,0.8799134829958555,-0.19667288979357622,-0.9804691603616321,-0.8208441228940627,0.35362185436009946,0.2634208738157188,253.21895393387666
-0.4671085952919995,-0.884199954876913,-0.060213277365792774,-0.9981855344718586,-0.8860267441802108,0.45775123073274315,0.2759150333065202,256.3760038978216
-0.788929892360705,0.6144832177852593,0.6486295610349814,0.7611042586607747,-0.2694697961120629,0.6387272623087534,0.41803577678996595,216.56301249419866
-0.7529480896771581,-0.6580799147911431,-0.7638886127905429,-0.64534811322955,-0.6994674559014062,0.3479706853259384,0.42829484033839754,244.75949038006425
-0.8016998985058907,-0.597726754241137,-0.2553532951161881,0.9668478136052773,-0.11764747805695591,0.6275529351610196,0.2488668445405729,186.10413848990112
0.8555892868849,0.5176552638269878,0.8263541987239096,-0.5631507242749186,-0.8068914565052837,0.03619691730931294,0.631173512375796,234.41513346498292
0.8930434736001142,-0.4499703926484965,-0.23867276600594997,0.9711000518829505,-0.11496108675471954,0.278367189748952,0.32584350823684205,190.8331414908646
-0.9407832497819102,0.33900866792721984,0.288482432880609,0.9574851883550393,-0.09584756024560946,0.41480248300620576,0.35229986663267376,213.59169671828218
0.9725552253684778,0.23267215907467168,0.3456123126707335,-0.9383773917408641,-0.8919648861672478,0.34064312993279433,0.008229313045593711,242.48270739587787
0.2556707365679396,-0.9667639186806711,-0.5667017562911184,0.8239230057575536,-0.16828483151986187,0.4609478452598805,0.4323953928934513,208.01147703604374
0.43466253140607686,-0.9005934064780072,-0.8996308696522434,0.4366512319560638,-0.29068874693401303,0.4162684072764563,0.19693231252758822,208.3782022835484
-0.05981973439221548,-0.9982091961994964,0.9398560579418954,0.3415707691678556,-0.3809482479738395,0.5272728558399605,0.3451954052820848,198.99656028987565
0.46981690272144394,-0.8827638857119322,-0.27195815753410524,0.9623090774541487,-0.08765466147173814,0.6536710397476413,0.4555077971516892,193.9091034991726
-0.1819122744300632,-0.9833147636498099,-0.8359254794186365,-0.5488429582847199,-0.6010910382132488,0.8656201848967692,0.2661685489517266,241.50660147852227
-0.6623083337450199,0.7492313868571546,-0.2553532951161881,0.9668478136052773,-0.1705640108012189,0.49802379452144657,0.3214154378119103,207.17295183944015
0.6449080602676941,0.7642601610719745,0.12874817745258132,-0.99167731989929,-0.8215522492783954,0.27328471739463056,0.3857325975321839,252.04108604562657
-0.1757152584451824,0.984441033251633,0.7295575540864875,-0.6839194216246106,-0.8634468584027616,0.35810605514186894,0.33340904571882723,244.08987582582705
-0.7267343223287384,0.6869186449277597,0.8115390590073611,0.5842981736283684,-0.33828365937955807,0.38943899305274304,0.5242677125525876,225.54100497180013
-0.24490891312227284,-0.9695460918766405,0.989932495087353,0.141540295217043,-0.5548353331872086,0.4021497048278119,0.35299181452250195,226.2661151904011
-0.5824074755375755,-0.8128969998947889,0.017213356155834685,0.9998518392091162,-0.18195103241474417,0.37782898859485126,0.3252264653598555,188.74018142412496
0.9978047425196012,0.06622458610963411,0.4093559588156213,-0.9123747579707273,-0.8343965171247706,0.9157506604552805,0.33113074245407625,223.03519752020583
0.5125711158600019,0.8586447759033025,0.6486295610349814,0.7611042586607747,-0.23583095103464605,0.39954405883949257,0.3249943854971001,202.29375253017514
-0.8434879862233664,-0.5371480402057239,0.9070138128026359,0.4211008707960896,-0.39875275483875394,0.13496539274160332,0.40513992645428265,219.50189210181867
-0.7184190153395195,0.6956106083137283,-0.9988797155850335,-0.04732138832243232,-0.5194092516702787,0.3527950344030305,0.3680587767807669,225.551654932461
-0.9730245950706371,-0.23070140308984383,0.9796136916454901,-0.20089055513063506,-0.6055794535530828,0.3959074843347643,0.13971734093335983,256.20854430584217
0.3791972895701825,-0.9253158463911807,-0.16280701293851646,-0.9866579328916572,-0.8738918113614115,0.374041137289738,0.31160400470108607,255.64435411752663
-0.33235452568018703,-0.9431545309544443,-0.8840675099433637,0.46735921715800205,-0.2630588148007424,0.6543939973426951,0.30469045015431173,201.71730049287902
-0.7336950543391727,-0.6794788938872482,-0.034421611622745804,0.9994074007397048,-0.09314842495108223,0.5323032055963541,0.6429192852650787,190.11916814942958
0.9840350602210921,-0.17797471802385748,0.8631421280499114,-0.5049610547215204,-0.7491379540449583,0.4158071534455837,0.13405138288436427,233.1681121117065
-0.4607605283155241,-0.8875244985612505,-0.9455963874271428,0.3253420847119795,-0.3276488970689937,0.4849566796231627,0.4896080447768117,213.14803976204072
0.41979387009982166,-0.9076194723707806,-0.4482293417404106,0.893918596519257,-0.09829437286692481,0.5240841538309324,0.17075113676008755,183.24486619666197
-0.8862944252391931,-0.4631222212223554,0.4635502709028509,0.886070621534138,-0.20916189554149792,0.5655900466131938,0.31321780599809135,213.29895481039839
0.9999643622834788,0.00844240267906934,0.8214765533024142,0.5702422926917871,-0.2860099844128877,0.5795891173793496,0.3800528285802016,193.12523097928806
0.9139403838614644,0.40584846278772474,-0.5595892624101763,-0.828770087174504,-0.7278801114143286,0.07871773357510237,0.3911013206778744,232.29870752504772
0.577104456180073,0.8166703414824749,-0.989932495087353,0.141540295217043,-0.42337956996574794,0.6407441838242338,0.21208304650702425,218.95311149301847
-0.1935725394921286,0.9810859656291941,0.13727877211326478,0.9905324521322229,-0.09433086145440907,0.8228248026587808,0.18989087868443058,194.01074375917833
-0.7515619222320484,0.659662547861305,0.9483615800121715,-0.3171912885891061,-0.6987248508295026,0.6744668131461689,0.39359220363916,243.97560265367005
-0.09217622675201957,0.9957427093490367,0.03442161162274574,0.9994074007397048,-0.14775169637608815,0.44160061824374425,0.5814358259350989,198.45450130975115
-0.8505695627541339,-0.5258625475504426,-0.9813064702716093,0.19245158197082995,-0.36088576625384794,0.5335071409448537,0.2229924557094754,216.51129381349116
-0.19534072723066906,0.980735438477163,0.9368813462954315,-0.3496474552512284,-0.697187663201584,0.2552971621378016,0.23051505440007647,233.54176009163027
0.14532559011152882,-0.9893838854856774,-0.8996308696522434,0.4366512319560638,-0.2955697718463177,0.406382363156135,0.48143868072908746,206.70154724863852
-0.24394668808478231,0.9697886436602905,0.49377555015997715,0.869589389346611,-0.2373742281165945,0.5873373277569555,0.3663953469199253,197.1762390798214
0.568429773681835,-0.8227317864237517,0.8717063187093218,-0.4900286664290592,-0.7669746981309709,0.30635142520649894,0.5018248956282763,247.133056496325
-0.5595820012459604,-0.8287749898986854,-0.9209712877166347,0.38963044953078774,-0.3310172014839817,0.3224581383332126,0.21339885714287754,210.3407479957449
0.9589846994572612,0.28345783849960204,0.7412220108485958,-0.6712599575675313,-0.8405726492324067,0.35291413905536306,0.2966446124098208,243.77489626680597
0.7327351198491714,0.6805139558742499,-0.3456123126707333,-0.9383773917408642,-0.764620447164914,0.34003724050182366,0.18865398515987236,230.2993545942481
0.25910920099658497,-0.9658480325387174,0.08596479873744647,0.9962981749346078,-0.11325178180659896,0.2728719053806169,0.8195403295342658,198.66509896668424
-0.2342664331813582,-0.9721724323824885,0.6084768701151261,0.7935716089521474,-0.23381759335821045,0.36845590964382724,0.31704408214793584,189.76642099307648
0.7309994621432019,-0.6823780377080945,0.8263541987239096,-0.5631507242749186,-0.7109615450217764,0.5363640391804186,0.47563557410299195,241.78529597649896
0.9460504633802334,-0.3240193215504992,-0.06880242680232064,0.9976303053065857,-0.1598886495481909,0.8359657826555136,0.29243967918511043,185.19393051431786
0.9522554893703522,-0.30530228129516324,-0.9844738167520923,0.17553149042142777,-0.4504641408774661,0.42130057761396156,0.13636434861409064,210.16986096173358
0.9958721592039401,-0.09076696823449698,0.9275416835791966,0.37371971479046906,-0.3926559390446704,0.7284376815323739,0.16217478952333475,208.34764644518896
-0.9793655105952312,-0.2020969981383739,0.9587178169872964,-0.2843591872810034,-0.6182745400730518,0.6098340894164278,0.3811517207901504,253.20535588813314
-0.03397957210075159,-0.9994225276027401,0.717676913675962,-0.6963762255968722,-0.7662648158137901,0.4719209685106926,0.6477819862499995,236.07862537007023
0.2734763351420772,0.9618787315027079,0.6420547132365637,-0.766658819300159,-0.824810974638833,0.5640137757290823,0.2801883013295095,269.92062535976
0.8496121660932645,0.5274079703856505,0.7295575540864875,-0.6839194216246106,-0.834037050907271,0.18285764054059941,0.4038406184489224,239.229799091834
-0.56763849187078,0.8232779254581447,-0.1882267098432439,0.9821256058680006,-0.12167699178235637,0.43862049814658566,0.04704066100503734,193.53760041554872
-0.3240666000048497,-0.9460342693376899,-0.9070138128026362,0.42110087079608916,-0.33873665314509993,0.42213150643924624,0.33872346350940624,195.56444426763213
-0.5932380852203843,0.8050270642929044,0.3536761221763716,0.9353679493131483,-0.12358707971353876,0.824575270458551,0.3482119357616168,189.4711144969235
0.7952163110046118,-0.6063258354319206,0.7909456567567772,0.6118864012687243,-0.24259195507249814,0.09587469676278823,0.20766091059174502,204.7773970734644
-0.7517471552710167,0.6594514497231271,0.8631421280499114,-0.5049610547215204,-0.7645663359624055,0.42054286510250316,0.590654863261868,252.56057944143407
0.1551085230032702,0.9878974370306586,-0.4862727071086902,-0.8738071036110807,-0.7495865131918609,0.45984635438517485,0.18568936367750208,251.04887164356361
0.9944301963928897,-0.1053972698982234,0.8064799463209448,-0.5912614448635781,-0.8028156257699243,0.3233596585917631,0.33669432199553595,246.72899527084297
-0.7761171742639908,0.6305887184310215,0.3375228995941133,0.9413173175128471,-0.1826552345850396,0.5384810336522833,0.5921282510899966,207.41919383856742
0.9855633794044426,0.16930689642449492,0.9033558023246845,-0.4288919379124835,-0.7602460581909115,0.5171297352116437,0.2389904643164464,230.57517971845718
-0.7527934826307277,0.6582567679171254,0.6287628145958344,-0.7775971469736269,-0.8720919822515539,0.6333229993179605,0.2949339582466203,268.28186515181466
0.8728032487496769,-0.48807221696385233,-0.9997685019798909,0.021516097436222233,-0.41528048126102013,0.3181274755578947,0.6225006161824198,208.04512303823557
0.9009590196496686,0.43390418863143965,0.7412220108485958,-0.6712599575675313,-0.7785121668296546,0.6277707744954139,0.2925183635267707,236.0383408464206
0.38909503910124704,-0.9211976175320902,0.36171373072976765,-0.9322892131745133,-0.8929316398824217,0.6094768218699276,0.39400210851303813,258.59893633891136
0.9299585770050348,0.3676643102814995,-0.9275416835791965,0.3737197147904692,-0.36674053242367877,0.6807948763470917,0.36419727603401875,205.67397485504696
-0.981609861104113,-0.19089808952203818,-0.22192151300416674,0.9750645322571945,-0.160484275065294,0.42974730506118186,0.3086977374625335,218.44048009770003
0.4183892552047766,-0.9082678190540455,-0.07738647923346322,-0.9970011699250151,-0.9312827274989383,0.9023321581241394,0.21335191906455953,269.2133024537535
-0.9819967611574962,-0.18889775296754388,0.8919813464595485,0.45207220393230435,-0.3449979618757412,0.26873935378421643,0.2798761295234661,233.62535922078143
0.8876077017237272,-0.46060022561948766,-0.455906693508459,-0.8900275764346766,-0.8020639749190636,0.3921868779060185,0.1396707476534243,238.66992606999932
-0.8975237491536239,-0.4409661208134053,-0.2135209154397959,-0.9769384927771817,-0.9043546930231422,0.751229739789431,0.4899099293272996,265.23923933451965
0.5564832645832883,-0.8308588184756337,0.4559066935084588,-0.8900275764346767,-0.8627990964601632,0.5604774358768222,0.20959020485488356,251.59497218302934
-0.8260395189859372,-0.5636122009622233,-0.801361088174677,0.5981809144059158,-0.20455152431529097,0.8151433643084631,0.1618386898850888,208.44672748790003
-0.07015062869416988,-0.9975364100090847,0.9483615800121715,-0.3171912885891061,-0.6900897363396286,0.6126091960619319,0.0,233.6527462314691
-0.09693538774319999,-0.9952906764373288,0.5877852522924732,-0.8090169943749473,-0.8832618290333605,0.18282340790549118,0.22905737818022726,249.02779839375506
-0.8846334025125785,-0.4662871895720687,0.8717063187093218,-0.4900286664290592,-0.7187125575993728,0.4961473170223537,0.41869645407718487,255.72502911629246
-0.6435711600136045,-0.7653862828655498,-0.8717063187093217,-0.4900286664290594,-0.6831663609944566,0.4979129578407009,0.3391684391948912,225.44451061990816
-0.45774239085025975,-0.8890848686254244,-0.661634618242279,0.749826401204568,-0.1809975474481729,0.4361024201355777,0.17525806928653292,198.59731491469913
0.03483207253707339,0.9993931792456721,-0.20510449986861926,0.9787400799669153,-0.16911412349605864,0.5416300860509455,0.32155853169906706,198.9790256353261
-0.9840985778814042,0.1776231657520994,0.8115390590073611,0.5842981736283684,-0.33534094059784864,0.5452504660475819,0.5856747025061082,231.3938969293833
0.9999873125417341,0.005037336157161112,-0.9778483415056567,0.20931464596304888,-0.3926155343068598,0.2642416424423514,0.41595098400634084,191.02972603674533
-0.8688733969242101,-0.4950343625622207,-0.8165380514459157,-0.5772916165517278,-0.5970805720323438,0.7432921379633527,0.30466286775528223,235.04613361390113
-0.9177383868220795,0.39718541432586263,-0.7694148268839381,0.6387494220515268,-0.22642062742793126,0.3448624524975823,0.4431937797888196,217.9494011853523
0.33333134255732866,-0.9428097454253052,-0.9922222094179324,0.12447926388678869,-0.4527378217795331,0.6898601511630135,0.5709789264192553,219.8977633236987
0.9853124222146602,-0.1707613265042154,-0.6084768701151264,0.7935716089521472,-0.19411014941384735,0.5780346202942523,0.3498795228035601,180.2260971544512
0.9880808529725917,-0.15393579177356864,0.854322169749827,-0.5197438121555155,-0.7637527593535846,0.6200084442262482,0.3775689513218315,221.98291690200955
0.48493107541205926,0.8745523724167145,-0.9984354211555643,0.05591699010060302,-0.3839860046780268,0.6489214440006771,0.40602726023901,221.1048630567468
-0.9627431658450734,-0.27041744880574115,0.9778483415056568,0.20931464596304847,-0.5189309035183021,0.6632194042077457,0.38027698480617045,248.37472911903447
-0.867411158992166,0.4975920831925154,0.9679377830240642,-0.25119006388481935,-0.6162240045738515,0.42014410337335695,0.12244820947860974,244.286313630398
0.12241508236700366,0.9924789910164747,-0.13727877211326517,0.9905324521322227,-0.19472931290281603,0.6666434257248851,0.1861378378629373,191.300616252024
-0.9997616290305367,0.02183311975434338,0.48627270710868997,-0.8738071036110808,-0.9545452431250813,0.5439472093282822,0.5448167453486626,290.9508150904076
-0.23784532199733177,-0.9713030437530737,-0.5307300481619331,-0.8475409228928312,-0.7646824938325871,0.4404174307340093,0.052189749798342344,250.2133282141359
0.3923218432286453,-0.919828011818339,0.6680638642135335,-0.7441039398713607,-0.82929940510243,0.3363676401101503,0.4535242323436224,266.010100273952
-0.954598533342995,0.29789535098655506,-0.2884824328806098,0.9574851883550389,-0.005432125989348027,0.41310468050380045,0.036356466470766735,210.97470441485163
0.1686256780266999,0.9856801614672154,-0.9999907397361901,0.004303538296243821,-0.40433818744142386,0.20281167446887563,0.16793287126842552,221.09394398821277
0.5033379887859463,0.8640896186420242,0.2386727660059501,0.9711000518829505,-0.11865361277561966,0.11310257530875671,0.4506236177885635,214.18883266965202
0.971124713424586,0.23857240195801313,0.24702218048093552,-0.9690098257244062,-0.8383312139582995,0.6161922582581838,0.2021285810174227,249.19985485777562
0.9842808540462883,-0.1766103064883511,-0.2135209154397959,-0.9769384927771817,-0.8497075943684199,0.6745120005468637,0.2726295254056978,240.2831238870736
0.3214530003871442,0.9469255348453238,-0.9984354211555643,0.05591699010060302,-0.4243905331538174,0.2808645321733206,0.42204737037237744,207.76988914042673
-0.9808060524352719,0.19498586488855713,0.5808002734538009,0.8140460935082178,-0.18983925606774446,0.28105312437254415,0.11507784220297942,216.27504927323758
-0.6906405627564315,-0.7231981838164969,0.1882267098432442,0.9821256058680006,-0.07883023195311527,0.4334770628603405,0.3322193278591273,201.06532107492905
-0.39119778279830697,-0.9203066308213196,0.8498170915275278,0.5270777086423722,-0.34286872754216025,0.5370020373244587,0.5478951540837219,217.4487644522462
-0.22589464584422986,0.9741517381696293,-0.801361088174677,0.5981809144059158,-0.28199325705428935,0.35446561677070504,0.26861457414174233,214.9220657181111
-0.21985508709067786,0.9755325420919337,0.9922222094179323,0.12447926388678915,-0.5361636924656714,0.510495039187075,0.3414925961150439,237.0793868084746
0.6046602968381642,-0.796483474673256,-0.17976658572556214,-0.9837092937736098,-0.8929422082359301,0.7533149061518749,0.3069956014922248,252.4122433989923
-0.8745707260133146,0.484897974011589,-0.1882267098432439,0.9821256058680006,-0.11957918647748096,0.48888495594270626,0.5516273703068912,209.07049511872793
-0.9581139063007439,0.28638739943148583,0.8758917051442429,0.48250774176121847,-0.3693376906122597,0.7628773557189147,0.28023346116266556,226.95346478922667
0.4349783338458241,-0.9004409192638408,-0.9999166586547379,-0.012910296075008843,-0.48522191073026977,0.31179289963856766,0.44941504540515054,230.95008196866956
0.6155788613151019,0.7880752917723044,-0.9242907221930934,-0.3816892202666586,-0.6071772600842015,0.8020616299029697,0.5266970778883233,246.0444785568626
-0.9642394596499703,-0.26503257243956524,-0.7961828637826154,-0.6050560696488494,-0.6584863472333214,0.1759769345764574,0.41623521457811524,263.4983073137167
-0.988038254754195,0.1542089723144677,-0.9992500112396835,0.03872228089217399,-0.40628037216255,0.4408416854660467,0.04640370844693026,239.45158135422753
0.9933277672605948,-0.1153253952478877,-0.8674563547295971,0.4975132889071803,-0.17896004666592014,0.6998432688609422,0.09307473392677013,185.21122692043406
-0.9999955222747842,0.002992562510890204,0.8359254794186372,-0.548842958284719,-0.7945570483887424,0.6890289561465479,0.11830763618367324,281.72902350791907
0.17935167848523695,0.9837850250052235,0.16280701293851715,-0.986657932891657,-0.8831286222839348,0.5500914665120129,0.24345204926083172,263.6886424369094
0.9826870686358824,-0.18527310958640617,0.12874817745258132,-0.99167731989929,-0.9466456789713246,0.8225393146286424,0.06573771320298288,240.7589671893166
0.0637380975225883,0.9979666602267838,-0.9813064702716093,0.19245158197082995,-0.37171590255990156,0.5551516845322058,0.29965556983556096,209.94954910672553
-0.9311790670243745,-0.36456212795025156,0.8452490573530633,-0.5343725582809786,-0.801065526440433,0.24746872231001352,0.21396634942618153,263.8698105317536
0.5519254322470417,0.8338934687589994,0.15430882066428117,0.9880226656636976,-0.13781223506890655,0.5294718519749019,0.5464826050162005,200.74810509944825
-0.3296949920745248,-0.9440875024069427,-0.8631421280499115,-0.5049610547215202,-0.5335683524205895,0.7227093422877886,0.03877328149694814,223.83721441870907
0.8739006438665141,-0.48610458200853457,-0.989932495087353,0.141540295217043,-0.3828053086234711,0.4285899731139972,0.20595199422673988,200.97279617019663
0.9163818751172466,-0.4003052072564123,0.9911140639934547,-0.1330147065341959,-0.7130049774294258,0.5764175415909458,0.30353401808253977,225.93937716964655
0.9181281287751559,0.39628365996067866,-0.1882267098432439,0.9821256058680006,-0.11766766598722399,0.5232468293735206,0.4887665311515739,175.9563915092192
-0.571353544845572,-0.8207040433630134,-0.99665890175417,-0.08167639533042288,-0.4795913800963416,0.015,0.6014943016345797,210.82091179108494
0.9900087466641159,0.14100596274110674,0.5012418134457758,-0.865307254363206,-0.9045601550368586,0.48948277281698155,0.342874410552908,232.8038502432899
-0.32901874355349536,-0.9443233907886002,0.4635502709028509,0.886070621534138,-0.19901071445068363,0.4409124277275797,0.2947153580778056,199.35107360260596
0.6008605214067992,0.7993538852190244,-0.9307239310379793,-0.3657225234972692,-0.6227960658071215,0.6381112851728231,0.32944643517483424,242.17257074129117
0.9998787559503082,-0.015571557380818005,0.4482293417404106,0.893918596519257,-0.19031808998687505,0.49934284387189887,0.36767531843611845,177.45879938504422
0.5841833843629751,-0.8116216935458419,0.5524353131676196,0.8335557718385699,-0.18423435547640943,0.7268338059397756,0.4148687999630022,196.7520809533181
-0.3142371726093564,0.9493445103598996,-0.965739937654855,0.25951179706979943,-0.3221314812822824,0.5125756982619571,0.4174579365130656,202.3747183321253
-0.9958849675555209,0.0906263283871692,-0.9778483415056567,0.20931464596304888,-0.3492111073853731,0.19729227058505217,0.1556610570356546,226.98112046225233
-0.5437373989106608,0.8392554086962257,-0.7412220108485957,-0.6712599575675315,-0.668079694831068,0.7153702647705223,0.2613974408744166,246.24716938203673
0.9400687902592295,-0.3409848524209671,-0.6016240632249227,-0.7987793728863648,-0.7841350477150784,0.2762435650896192,0.17819467693791483,235.80764797458187
-0.7093912946265756,-0.7048148630016474,0.9634705485641488,-0.2678143051621742,-0.6499883216010826,0.015,0.31432757675948525,244.04624075136462
0.8875974368876288,0.46062000611188375,0.854322169749827,-0.5197438121555155,-0.8100949904805718,0.48804208485094946,0.3249889784935522,244.5299047590947
0.20364769653549764,0.9790442358217456,0.5307300481619334,-0.8475409228928311,-0.8364170192431983,0.5571526274653726,0.2910021183957015,246.99564528504342
0.4324747002163012,0.9016460689609979,-0.7638886127905429,-0.64534811322955,-0.693717147301336,0.49130011526394063,0.43695342146473376,254.57029089279428
0.4532123446250829,-0.8914025861974123,0.9829265519799822,-0.18399835165768005,-0.6504814156068679,0.21692077775419422,0.11178321476932007,231.83312330445182
-0.8863069172081552,0.46309831408565527,0.705583610107178,-0.7086266782644596,-0.8477637141753397,0.5835508199739439,0.35919468459908827,261.131226227214
-0.475174150770142,0.879891769730729,-0.9510565162951536,0.30901699437494723,-0.3021193481612588,0.7859728329592413,0.163480850392754,216.09685704711683
-0.9505381048880495,-0.310607970206554,0.440518784350495,-0.8977433935342337,-0.8986345226579793,0.695522412175097,0.257712853522325,274.6550736413766
-0.6402137461039769,0.7681968232813207,0.3536761221763716,0.9353679493131483,-0.20711384304898559,0.47819244834624,0.30019848178011327,217.69474552545432
0.542847316623491,0.8398314061969077,0.2386727660059501,0.9711000518829505,-0.21898180164338263,0.8444393244420866,0.2523938008059008,201.2142058526335
-0.9009888393474278,0.4338422655428756,-0.33752289959411347,0.941317317512847,-0.13843252553195728,0.2516150858926777,0.09408702158036913,211.60284372174948
0.18428936451909028,-0.98287203140854,0.9997685019798909,0.021516097436222254,-0.532300563296473,0.21673182727773838,0.048005304358934464,226.83824068786575
-0.9196284211912227,0.3927894689745884,-0.622046748440868,0.7829801036770624,-0.1608031684949597,0.7161614280195971,0.48584293818590973,211.83446037883112
0.8661037434299931,-0.49986428719858833,-0.455906693508459,-0.8900275764346766,-0.8527776036487998,0.2850105003894309,0.06029196972362899,231.775488207269
-0.8529142951006193,-0.5220509603602064,0.5595892624101765,-0.8287700871745038,-0.8228981544528878,0.7447781292762901,0.11440881570174735,265.81122744162724
0.28004135474544006,-0.959987937232723,0.3212696616923644,0.9469877530760753,-0.10631687854115483,0.4052982073248602,0.44181611656900305,189.3818821122489
-0.8912140841218291,0.4535829100207473,-0.9859481499638303,-0.1670516255021195,-0.5041468784151799,0.43709425843073724,0.6226329949996019,243.2999975259668
0.5184878573454761,-0.8550849909718315,-0.8064799463209447,-0.5912614448635782,-0.681126174216185,0.5474432794934814,0.45136281392922833,239.78875087849653
0.9577269781402864,0.287678701579167,0.4482293417404106,0.893918596519257,-0.20318698853596673,0.19495551480382906,0.0,186.4786876399271
-0.6806597241714959,0.7325997132751166,-0.6680638642135333,-0.7441039398713608,-0.8014294828687498,0.4268129588543165,0.32348230253946186,250.78308757003168
0.8388239475947764,0.54440277822722,-0.01721335615583528,0.9998518392091162,-0.11970540881157309,0.21367235076149452,0.1394650548211587,188.80101477716244
0.9873923699818374,0.15829184344637015,0.7354170229639855,0.6776147890466889,-0.22418781641958432,0.5283240373657921,0.25819449095479924,177.62943119996442
0.010206827723608595,-0.999947908977173,0.9778483415056568,0.20931464596304847,-0.525591201978894,0.38066582534158044,0.28273957914946674,218.6543899022624
0.5063871305510562,-0.8623062530286253,0.6680638642135335,-0.7441039398713607,-0.8574063201575595,0.25025490648245896,0.3386095204898091,256.3396789113218
-0.47143469450050035,0.8819009744983957,0.9932568492674143,-0.11593459959550041,-0.6125542699671339,0.5049836550368879,0.01193343416605136,230.90669140315282
0.9864319363364842,-0.1641707494514608,0.5808002734538009,0.8140460935082178,-0.17157086472492306,0.5265073783448161,0.16956826282118503,179.4992907622617
0.9787886742483908,-0.2048724753671846,0.03442161162274574,0.9994074007397048,-0.05673232653277927,0.3794015646235029,0.2600851904146316,167.28836778545502
0.06504566675973483,-0.9978822882663975,-0.4482293417404106,0.893918596519257,-0.14754449671035666,0.6229810042699782,0.469957711971447,196.45330002440429
0.6972199113938977,-0.716857304598262,-0.9959189961471792,0.0902516100310407,-0.43557075626727015,0.6844886190965344,0.5962245683900202,214.63235684642166
0.9975273840840982,0.07027885885766806,-0.12020804489935275,0.9927487224577402,-0.12988582178211122,0.18298425081033506,0.5181041910301672,185.1843859383383
-0.9606921658742823,-0.27761585406417366,-0.8631421280499115,-0.5049610547215202,-0.682400868336166,0.568069856115687,0.37576322353552677,263.7091137452369
-0.964733509797725,0.26322852253006873,-0.41719360261231697,0.9088176373395028,-0.09478008403361382,0.40865337782809785,0.24965162448218742,210.81113870337563
0.8702001502717677,-0.4926983848836862,-0.8758917051442433,0.48250774176121763,-0.20950185977982336,0.4522216803653949,0.5539539347337554,185.99087023923408
-0.16233391868433442,-0.9867358809958153,0.7802958510707755,0.6254105729852463,-0.35149191278201686,0.1664385097599781,0.38420439028410663,207.80770000633214
0.4530287075684527,0.8914959282682436,0.9813064702716093,0.19245158197082998,-0.5165871636705828,0.6313312690808806,0.343164211708979,229.4705344149311
-0.9358976605633755,-0.3522720098900857,-0.6994583270516471,0.7146733860429608,-0.12677809106184212,0.24497515294810962,0.08306024304179627,201.76827874518253
-0.2841784466033732,0.9587714067941815,-0.2135209154397959,-0.9769384927771817,-0.9324219796747525,0.1579889768407325,0.10083171668321272,262.8027442587368
-0.7186376158938241,0.6953847690469216,-0.9175836260593934,-0.3975428142825566,-0.6611957355300465,0.5483914708991428,0.33263060870253,236.26727038976242
-0.9997936063515696,-0.020316119179677874,0.9033558023246845,-0.4288919379124835,-0.7188500837014594,0.14432405173598245,0.2575036313422014,271.4788949166843
-0.9583260575479166,-0.28567668337592295,-0.6354323008901775,0.7721565844991641,-0.15850635327259296,0.5723824819715089,0.37342086068573677,205.53486798013316
-0.9582644780761282,0.2858831755411386,0.26366549272800704,-0.9646141756912435,-0.8602564936372232,0.5211537661071967,0.2808710074220617,272.4582511675482
0.9993354585361272,0.036450532401989096,0.9611297838723007,0.27609697309746883,-0.44096428666799103,0.21738207991726094,0.4391511705139012,209.48379850755094
-0.7253472726060265,0.68838313033005,-0.780295851070776,0.6254105729852457,-0.22481987129230888,0.5872921163191143,0.23869078119528445,199.56160999319118
0.7828512460934501,0.6222089090409526,-0.9070138128026362,0.42110087079608916,-0.2775537231643415,0.3264376394958301,0.34775171573317115,202.92573522373735
-0.5816205941210295,0.813460192323079,-0.8263541987239094,-0.5631507242749187,-0.6921306505905491,0.5024682267677093,0.28135643947701755,252.61883074857988
-0.3373445398052128,0.9413812519184824,-0.6932812268869771,-0.7206671495538615,-0.6820272756564278,0.6431266052919996,0.3101970320648121,244.8846431392077
-0.8260057023639857,0.5636617599786051,-0.7748840413670406,-0.6321034111873488,-0.6640565282123551,0.4026317389182159,0.36637294296092054,245.24066704048707
0.6210817989758651,0.7837457489396055,-0.9033558023246842,-0.4288919379124841,-0.6308814980921623,0.3364090103402707,0.41594580357149613,232.5816145811287
-0.1381357688007611,0.9904133023025401,0.2051044998686192,0.9787400799669153,-0.15329173629302706,0.7722524109350924,0.2544892878336853,197.31952442837763
-0.7498309551760866,0.6616294572188558,-0.9611297838723007,0.27609697309746883,-0.27529397729219146,0.5704154834973083,0.0,195.23364602181306
-0.9869493250087417,0.16103114563583412,0.5737722679043246,-0.8190148866680801,-0.7881100965406874,0.2988770256173251,0.3536318197705442,275.0383142131184
-0.7567947151790678,-0.6536526287540146,0.9307239310379795,-0.36572252349726897,-0.713633022687719,0.25674146799269026,0.1645472091164348,255.71591424070294
-0.7213894724989104,-0.6925295870702881,0.9398560579418954,0.3415707691678556,-0.4572315762747421,0.18643276278463755,0.49764683603727944,226.41126460733665
-0.9707174281151516,0.24022421766654914,0.39359027665646673,-0.9192859697186104,-0.8283633197442407,0.6613875961369224,0.34974207124666873,264.22981336303286
-0.9998747367778121,-0.01582753150371217,0.24702218048093552,-0.9690098257244062,-0.8792762024660482,0.7973223498948521,0.35597211618162533,283.9979305238963
-0.700587835677803,0.7135661738761806,-0.9984354211555643,0.05591699010060302,-0.419293724340131,0.3179176077505863,0.45218859058376887,215.85342711455996
-0.20350047892644768,0.97907484651415,-0.8958392907349089,-0.4443781781046134,-0.5422077252427747,0.5937266815014963,0.23514316938753943,230.7780668644069
0.1976693168589905,-0.9802687596636445,0.8498170915275278,0.5270777086423722,-0.3362685451174623,0.773224745115149,0.434495261504999,197.25358520357707
-0.1256932630381867,0.9920691526435106,-0.32126966169236515,0.9469877530760751,-0.12066381864650198,0.7718821010771302,0.5853400736675061,199.47041833447406
0.5374325994957028,0.8433067063644707,-0.09453674981719933,-0.9955213724144752,-0.8600449300233656,0.35139716059759174,0.3923048698568795,258.89199452951055
0.9970819941984829,-0.07633804323649218,-0.33752289959411347,0.941317317512847,-0.06834516596431696,0.6094082196852273,0.16306462149620707,167.46699405660775
0.6293827387847686,0.7770954691154645,-0.14579919691987442,-0.9893142039703664,-0.8433966181673938,0.4795691344319598,0.3535960673754566,257.9364438426257
0.9838606625540234,0.1789362922348572,-0.780295851070776,0.6254105729852457,-0.1756965102970374,0.30426588255607256,0.5777727954062578,187.43987804925516
0.9467141328575626,-0.32207506989482027,-0.10310169744743544,0.9946708199115211,-0.06837782415251234,0.3829698749478983,0.3648469078855825,169.07413626437835
0.6665763560276327,0.7454367589439916,-0.9368813462954315,-0.34964745525122826,-0.5304293403335542,0.41855341735096674,0.3377645645397369,227.75757809560525
0.2871640457621466,-0.9578814179330946,-0.2802306751992161,-0.9599326896597445,-0.8224482647881193,0.3170231376796763,0.10291253434783229,256.61794944304035
-0.6593594330361231,0.751827864651399,0.9813064702716093,0.19245158197082998,-0.5484549758239223,0.40558663832344044,0.16018335610837714,225.60696974878246
0.5457843715542359,-0.837925664821855,-0.7469720876965551,0.6648553979642866,-0.22076280129850656,0.5242109750458155,0.30839668688169003,196.84265500883674
-0.7884181552858582,0.6151396690310619,0.8717063187093218,-0.4900286664290592,-0.7127671982890819,0.6323239707036706,0.505169427594196,250.84457703204146
-0.5791298408374769,0.8152353202919748,-0.9959189961471792,0.0902516100310407,-0.4195157109273757,0.431613773274949,0.2781442380911284,210.63559982258846
0.544674641483218,0.8386474437599676,-0.7638886127905429,-0.64534811322955,-0.6518757474890847,0.9933135736222436,0.3705358438309925,237.67988988480613
0.3124719308653912,0.9499269932059274,0.1882267098432442,0.9821256058680006,-0.1177827715643601,0.17463630137472091,0.7091903292305185,204.35014751679907
0.9639871163614411,0.26594894150786424,-0.9844738167520923,0.17553149042142777,-0.2906292065308523,0.3430924157895424,0.3842920875710544,195.99436930795187
-0.9883011950914766,0.15251474610921734,0.23030567023061221,-0.9731183372332619,-0.9184890218797344,0.5397385923917486,0.1239750347559209,274.8426928092983
-0.25000088356487754,-0.9682456084159538,0.9141279881853337,0.40542572835999735,-0.41592534325844904,1.0418590685662719,0.3417258571176009,214.92914346986768
0.7366776094829263,0.6762441124967531,0.2386727660059501,0.9711000518829505,-0.13762012219040187,0.25332107517697955,0.5255533467979213,178.46671094134518
0.32331707181987945,0.94629069057548,0.717676913675962,-0.6963762255968722,-0.8689511336852648,0.4561030901912807,0.31046537352814924,265.7735657518367
0.14869750211532207,-0.9888827295815534,0.5380051715382996,0.8429415373547828,-0.16441044805583108,0.5170302451381693,0.14278426802008853,201.6756783517916
0.2691116766638156,0.9631089790273943,-0.7583058084785625,0.6518989958787125,-0.27403292910900623,0.6248469531197675,0.3824451919302486,217.37896616085064
0.9478412088571188,-0.3187429101835456,-0.9932568492674143,-0.11593459959550066,-0.40654718334914863,0.44374820403626014,0.29042472893758037,200.76849809997032
-0.9204714246480056,-0.3908098724526684,-0.5877852522924734,-0.8090169943749472,-0.7776346311285862,0.4715570458754635,0.0,247.12284368593203
-0.5915061835039651,0.8063004619101825,0.6084768701151261,0.7935716089521474,-0.18573656230193983,0.42538782310320994,0.3964245339186734,192.4946845516534
-0.29917929334221266,-0.9541969138680204,-0.8996308696522434,0.4366512319560638,-0.15652582235469445,0.6743659945699604,0.09932628534633547,183.65913626399487
0.9604727339939567,-0.27837407791346874,-0.9995462806873573,-0.03012030484690836,-0.4445411320627429,0.26300288581513054,0.3144521553331153,207.37360177816754
-0.8123889504817179,-0.583115934557797,-0.4787338401157883,0.8779600847008883,-0.1868874210423842,0.38000006655354823,0.34848257074772954,215.66336768609864
0.42538161837932154,-0.9050140765452156,0.9427611433904207,-0.3334687789181868,-0.6721343273051298,0.6326816391777652,0.21975248273295908,242.24243987070264
0.923763233718785,-0.38296408190509645,0.7469720876965552,0.6648553979642865,-0.256219894021174,0.29666585185045874,0.2759506417935447,192.48196310135032
-0.9222385800353672,-0.3866212636345157,0.9778483415056568,0.20931464596304847,-0.44237370321083624,0.3886617336284443,0.3305615431776392,245.0698476625296
-0.9256267713062489,0.37843768343172335,-0.14579919691987442,-0.9893142039703664,-0.9001915367901493,0.5836823785819582,0.13303529950938306,270.64507902311635
-0.3779380222866451,-0.9258308977940083,-0.970063921851507,0.2428497220959358,-0.2771251390229924,0.3759091027219735,0.18478905274392654,213.0677723544286
-0.7371219838869798,0.6757597064567575,-0.5595892624101763,-0.828770087174504,-0.8959586685264411,0.13547167678441427,0.24870243304111173,263.6146831226228
0.9240023555454481,-0.38238677663651416,-0.8311706263658079,0.5560174366570446,-0.20292837339265135,0.6643366914187634,0.42816206185676925,180.2035996176444
0.808595787578985,-0.5883645573192874,0.8214765533024142,0.5702422926917871,-0.3334542196889651,0.6645625570943586,0.25047680404143874,209.4960427243679
-0.4489447689946644,-0.8935595080308459,0.6287628145958344,-0.7775971469736269,-0.773679411951266,0.6109139697781706,0.04880065421763913,257.09385973038985
-0.8909400834638637,-0.4541208734218277,-0.7583058084785625,0.6518989958787125,-0.21456428641600472,0.41616719700463733,0.1273614815953104,213.0511122695332
-0.8779338082338931,0.4787820259365777,-0.4635502709028512,0.8860706215341378,-0.13124723922963819,0.46119696335065896,0.414052972337781,203.46989400376515
0.8052206340613245,-0.5929753202974627,0.1457991969198751,-0.9893142039703663,-0.8797678849601338,0.3105865346469119,0.3548470080150936,251.9794136942383
0.583791150376996,-0.8119038691504701,-0.4635502709028512,0.8860706215341378,-0.056168508083997606,0.6529654259084865,0.48526788434392754,186.32945440926068
0.7017803142051104,-0.7123934240250793,0.9427611433904207,-0.3334687789181868,-0.6842732499781864,0.5383962581408098,0.23590594186384373,235.00982294718312
-0.9841168472690718,-0.17752191673475856,0.3777079652039649,-0.9259247771938498,-0.8781379609929831,0.518460982639318,0.12851883626470656,270.2707356166852
-0.9996116162652525,0.027867842176413294,0.9844738167520922,0.1755314904214282,-0.48761330381358015,0.5084557198171282,0.37888339860376535,244.30785737706628
-0.8507921190607906,-0.5255023978480493,-0.6932812268869771,-0.7206671495538615,-0.7512682620073469,0.25982515401091655,0.33457831477365346,248.66067368066285
0.8264696173811255,-0.5629813243313637,0.8498170915275278,0.5270777086423722,-0.30678293909074655,0.8068648750793554,0.4932407194860473,201.08526648105988
0.08389017768043758,-0.9964750062539174,-0.8674563547295971,0.4975132889071803,-0.29244623800086667,0.4446650284787711,0.2803259602857562,202.8393668154077
0.9592761440131731,0.2824699621680474,0.06880242680231986,0.9976303053065857,-0.13335406850919468,0.6404352712522818,0.5611956421438518,177.14388553145363
0.9694412086021824,-0.2453237515283422,0.7748840413670407,-0.6321034111873487,-0.8174224376248748,0.6460277304944003,0.4404305536934806,231.29886607029204
-0.9579310337289065,-0.2869984923637553,-0.9999166586547379,-0.012910296075008843,-0.44312148908641136,0.5193980116487784,0.036037692595767445,229.89753271772645
0.4375423585022064,0.8991978005513174,0.008606996888688698,-0.9999629591162655,-0.8060677727575843,0.5129826981381193,0.28633210190494107,254.2376760838428
-0.4582353733665976,-0.8888308852619686,0.36171373072976765,-0.9322892131745133,-0.918959031901809,0.5279631750450905,0.10878737608253991,251.26119622508017
0.9693361891022494,-0.24573838222127256,-0.5160623910158526,-0.8565509959010037,-0.7604384973877163,0.04439546028804218,0.5393830860300882,228.76448358988384
-0.8701035189299618,0.49286901540439476,-0.7961828637826154,-0.6050560696488494,-0.6977818555216578,0.9033694679680163,0.37641800475626763,253.70051482279456
0.99911838880898,0.041981485725827265,0.8115390590073611,0.5842981736283684,-0.34778143968388825,0.2683320443964981,0.22316847893649733,184.3445794468513
0.9840901681611856,0.1776697524298648,0.1457991969198751,-0.9893142039703663,-0.915656059800892,0.5799992016669142,0.3308787191850453,250.59528945674234
0.6567119954452335,0.754141468849406,-0.6354323008901775,0.7721565844991641,-0.19324245213896268,0.04100379294702394,0.2996198811576708,200.61120496605767
-0.9176622584380479,0.39736127068246263,-0.5524353131676203,0.8335557718385695,-0.11399748645333017,0.7366092970084497,0.32727370180276855,210.45319750424224
0.8866854157390489,0.46237319722889425,0.9829265519799822,-0.18399835165768005,-0.5469960667371212,0.6684060659945839,0.5274144761633498,209.7049520119173
0.036955405121264016,-0.9993169157140908,-0.6744436188329457,0.7383263540031063,-0.23402861648912296,0.699191759288931,0.3270767498232911,207.12334402725722
-0.9078364182252681,-0.41932450172141883,-0.7295575540864876,-0.6839194216246105,-0.6895510198980584,0.6867643906602694,0.17465554967329214,242.51543350602623
0.9148892077645383,-0.40370501299336803,-0.6744436188329457,0.7383263540031063,-0.1498608332131615,0.46006306590350265,0.16318898596306955,180.69404387627606
0.9454312815254595,-0.3258215645305378,-0.6486295610349818,0.7611042586607742,-0.19353960788984473,0.4644991489115363,0.3703933530328108,179.15994250228897
0.23410053624539073,0.9722123939395242,-0.7526668275320083,-0.6584015846980489,-0.6890892730587126,0.46705392397314405,0.23624407791547347,253.32060434581462
-0.7532189479374537,0.6577698810891203,-0.5524353131676203,0.8335557718385695,-0.18096577891334698,0.6447717166257103,0.1564720272623444,198.10023249616012
-0.2836248767378965,0.9589353102766698,-0.9844738167520923,0.17553149042142777,-0.3810919173304419,0.46510330306699854,0.3169801988745214,207.73596438884553
-0.8157489485921222,-0.5784061314257025,-0.9455963874271428,0.3253420847119795,-0.3044533711470543,0.37627179656277765,0.4735160644125983,221.03534041842929
-0.9275231151104282,0.37376579690475625,0.7909456567567772,0.6118864012687243,-0.40522954780220316,0.5330565054355695,0.5424758678202082,234.4463770978433
-0.02857832787683968,-0.9995915561747027,0.6870527672236669,0.7266075247685656,-0.29619710275247246,0.5455665820870182,0.4200473437410438,198.509820139564
-0.636481431546422,-0.771292024655135,-0.9951053111006974,-0.09882013873287211,-0.4097156054028855,0.5570235351383165,0.09992500178812938,210.9059043733979
0.542339144973205,-0.8401596585350507,-0.2802306751992161,-0.9599326896597445,-0.8476725752133109,0.3326912028094503,0.49205881201524604,263.83735757535896
0.8772410933006761,-0.4800500642897931,0.5524353131676196,0.8335557718385699,-0.21978072873733892,0.1949834201574454,0.18143406517444963,188.33918446697106
-0.9864123902073603,-0.16428815065427704,0.7856498550787147,-0.6186714032625031,-0.7685267089935689,0.23389860181438005,0.048215122900476026,257.89247502786066
-0.8562703134899035,-0.5165279762373985,-0.9070138128026362,0.42110087079608916,-0.29459197940510484,0.3462717716039715,0.43199102710928367,210.47442320029856
-0.9480618650086894,-0.31808599484454786,-0.4787338401157883,0.8779600847008883,-0.09159013698000656,0.26570101519223843,0.44664019538611854,196.87436506573545
-0.7843172343194406,-0.6203599567585772,-0.17976658572556214,-0.9837092937736098,-0.8589956516081636,0.40962211573105656,0.28287096008556967,262.37647740490127
-0.8794390460894198,0.47601151689148374,-0.0859647987374467,0.9962981749346077,-0.15780370103475327,0.45356436121445676,0.09243901405340521,218.76266303147466
-0.053309450826594953,-0.9985780402415061,-0.5595892624101763,-0.828770087174504,-0.7886215029684835,0.4274187333030164,0.4480890614886212,256.5860324978849
0.8384457403686606,-0.5449850827845186,0.9483615800121715,-0.3171912885891061,-0.6617113300621957,0.4882346189021708,0.22255534065076443,234.43384030631216
-0.8290939804469412,0.5591092662321445,0.5012418134457758,-0.865307254363206,-0.8325037885728682,0.4749829525156682,0.5272326733130626,252.64655808358796
0.23495715544970996,0.972005727916755,-0.9979171608653922,-0.06450844944931625,-0.4370576399686889,0.2981593409245571,0.5386958686383119,221.84185009156562
0.9070774335633371,0.42096381022618756,0.9922222094179323,0.12447926388678915,-0.5657608170667127,0.6176409718576399,0.24619190332342192,208.45013884065924
-0.9836529069022408,-0.18007486982577992,0.994217906893952,0.10738134666416309,-0.5402850900582515,0.6582450035168216,0.35870666338212726,242.75838860097147
0.9760154399929942,-0.21770131119329986,-0.780295851070776,0.6254105729852457,-0.2481984295257999,0.015,0.31849425886228044,174.86085498274872
0.9976850610723814,0.06800381542971286,-0.9999907397361901,0.004303538296243821,-0.4145613299710245,0.8171829782654235,0.2636440871079266,192.3529621555307
-0.3261149686615098,0.9453301154702004,-0.2884824328806098,0.9574851883550389,-0.1081272412159293,0.40046637069223134,0.4861416804627002,205.7289083201992
-0.984427631487683,0.17579032499984393,0.6016240632249226,-0.7987793728863649,-0.8392731911377878,0.2667232582406091,0.3171468202353309,281.6744667953419
0.764060390256837,0.6451447279801409,-0.8115390590073611,0.5842981736283683,-0.16156538937657333,0.5886302354674152,0.3199956663527716,196.56776093146513
-0.336021525513564,-0.941854306350795,-0.14579919691987442,-0.9893142039703664,-0.8623005105776725,0.7841808730431412,0.49430919934997225,263.0398670911976
0.9897641095727732,-0.14271302463901275,0.989932495087353,0.141540295217043,-0.5191094732412131,0.343156516736143,0.3901408654507923,205.02697718731505
0.5448861677391237,0.8385100263005635,-0.655156357209085,-0.7554933140726804,-0.6885220319001231,0.7866904609130906,0.17268471149612266,254.8713298674853
0.3284130008581185,0.9445342242964865,-0.5012418134457756,-0.8653072543632061,-0.8109845784114905,0.1687848880405311,0.21000707730145024,261.9659094143564
0.7074946565086435,-0.7067186929830827,0.6616346182422783,0.7498264012045686,-0.21483911961274793,0.9300354420739124,0.3810826681325087,198.26516767523088
0.7608121946271686,0.6489721138127519,0.9611297838723007,0.27609697309746883,-0.37826304995848675,0.2295239818203632,0.2551766902484675,207.84198325953238
-0.8729239936319674,0.4878562301965785,-0.13727877211326517,0.9905324521322227,-0.1651601987941981,0.4874962916814397,0.15145863447949207,204.23035078211356
0.9993073733342709,-0.03721254626816217,0.1712931441814776,0.9852201067560606,-0.16517538037997345,0.18676036014035713,0.4162954497564968,171.25281208173905
-0.17360936876616107,-0.9848145952800532,-0.7909456567567774,0.6118864012687242,-0.21316715349939852,0.6012553904112494,0.39953246934150677,211.71724129096668
-0.7662981919381532,-0.6424850823422419,-0.5307300481619331,-0.8475409228928312,-0.8118079686622905,0.5343598458820669,0.28127481783135994,250.33549701639342
-0.5710869285426088,-0.82088959065624,-0.9536809966304455,-0.300819807635668,-0.5584285485218669,0.7144467036362542,0.3386112964267952,220.32606578716712
0.009828854290345494,0.9999516956450142,-0.6016240632249227,-0.7987793728863648,-0.736555957736333,0.5862091136726174,0.2025728814979985,240.5219711796346
-0.8587244871253032,-0.5124375622565005,0.9966589017541702,-0.08167639533042241,-0.5504596904922242,0.940651064684048,0.5283615328342101,232.00537267927493
-0.9739425660828209,0.22679479264747232,-0.9721181966290612,-0.23449138957041052,-0.5326077812725292,0.5758271371344702,0.28962968123388416,250.13024306042263
0.27013655889391014,0.9628220186249155,-0.8452490573530634,-0.5343725582809785,-0.659153542961517,0.3284665705411892,0.41460483622887545,247.4071234328255
0.8277774670026012,-0.5610565614291998,0.5667017562911176,0.8239230057575542,-0.2663478184899948,0.28703596169521745,0.297425056979722,210.8010755532854
-0.9956718416065472,-0.09293860248479573,-0.9141279881853337,0.4054257283599973,-0.35338416426776076,0.44515145166415915,0.35923689666994557,229.55662020669942
-0.8751428261701136,0.4838646854266039,0.9997685019798909,0.021516097436222254,-0.6575901274178182,0.37049941489781285,0.1517075902979466,246.98806521842243
-0.7363912404043457,-0.6765559408177192,-0.888057322629493,-0.4597327394521046,-0.6191358069351934,0.5022130375884177,0.26983517747097563,232.8551970110597
0.9540980349251551,0.29949447365845916,0.5160623910158528,-0.8565509959010036,-0.9512948473142312,0.25673827246421665,0.3998154884841846,253.07254030415874
-0.40652054104333124,0.9136416418431448,0.3456123126707335,-0.9383773917408641,-0.9218295102122436,0.015,0.2764700356149358,271.2098325094859
0.9323063491287381,0.361669561028079,-0.5380051715382992,0.8429415373547832,-0.07907266666289653,0.43417064443871933,0.15726235910059916,171.48694890098656
0.8704168204525182,-0.49231550724441814,-0.4787338401157883,0.8779600847008883,-0.072748970143581,0.6109299306868079,0.42127708497608407,176.45588769000008
0.847555820161378,-0.5307062574631788,-0.2636654927280072,-0.9646141756912435,-0.8080252018583053,0.2639373346849614,0.40901577527852434,232.65827826361863
-0.45784648234438474,0.8890312697565103,-0.11165900712169444,-0.9937465804361781,-0.8879650655237961,0.11816749559666669,0.2874275861083878,261.0268358210381
-0.03079426958408284,0.9995257440210246,-0.8214765533024145,0.5702422926917867,-0.193543388483004,0.3947389968379805,0.37294248775994376,190.78248488478604
0.48213305312193105,0.8760980076951009,0.7909456567567772,0.6118864012687243,-0.34194034697149095,0.3841487433435884,0.21124768724417414,205.0213422767208
0.3451832561829858,-0.9385353054898421,-0.1882267098432439,0.9821256058680006,-0.07922213010475479,0.3483174412700853,0.09156621715211549,193.90208587851723
-0.6606116001949667,-0.7507278559423818,0.02581844022713308,-0.9996666485105112,-0.8930212932907219,0.212856373520439,0.4051670316989759,264.15855307109894
-0.7604571253575751,-0.6493881431723968,-0.3536761221763721,0.935367949313148,-0.05406748248464556,0.40857898586153335,0.1438810375323924,188.36121779023895
0.8442832349819895,0.5358972094799026,-0.2884824328806098,0.9574851883550389,-0.1225358811337575,0.8562521435180166,0.37667256273198063,188.29969221846855
0.40998688121021204,0.9120914193410239,0.8996308696522433,0.43665123195606403,-0.42186925794622704,0.28178500911708604,0.3455345661042886,218.90579733449073
-0.3121996168127815,0.9500165257836057,-0.24702218048093527,-0.9690098257244063,-0.9040430835013963,0.5880556419651551,0.33749581774881793,261.6098877021095
-0.9966224832795332,0.08211958244984353,-0.7055836101071774,-0.70862667826446,-0.7580190707820731,0.5345982684381391,0.15532671817070845,271.5266427810855
0.919281321226792,-0.39360113369186783,-0.3617137307297674,-0.9322892131745134,-0.8204369294831767,0.3838345212240558,0.6951843395966932,234.67153610221163
0.6518938564614958,-0.7583102266933756,-0.9911140639934546,-0.13301470653419636,-0.5027458243026454,0.49580210686116405,0.21179794138955,229.29206010661966
-0.9585894753661367,-0.2847915337879181,0.7412220108485958,-0.6712599575675313,-0.8617682574336942,0.5357495341042073,0.5212798939106893,276.6379190005381
0.6965326013036294,0.7175251461246492,0.9796136916454901,-0.20089055513063506,-0.6760072907662462,0.015,0.4190566443496245,241.8484424068515
-0.017199974635581757,0.9998520694945504,-0.7055836101071774,-0.70862667826446,-0.6768417376658905,0.66935966658779,0.0,232.9192752750417
0.3967965613862456,0.9179065795994991,-0.01721335615583528,0.9998518392091162,-0.12585181681497423,0.4499819783749389,0.01499858891842798,207.85031567362788
-0.9713473689165018,-0.2376642356329395,0.9844738167520922,0.1755314904214282,-0.4797590832057038,0.7307956615116409,0.22575272179449257,240.74360840826904
-0.09327916117619385,0.9956399942199317,0.8840675099433636,0.4673592171580022,-0.3995508240385859,0.24546723005835464,0.3488037738625253,229.063766368046
0.16439773817599068,0.9863941320195586,-0.9368813462954315,-0.34964745525122826,-0.5631198526412975,0.2940509773251031,0.2720812644527384,230.41361189936782
-0.6648560010981732,0.746971550866394,-0.7694148268839381,0.6387494220515268,-0.18375602314939235,0.23593754556314744,0.4584441262333373,203.69937215960206
-0.16075007178414752,-0.9869951440718396,-0.888057322629493,-0.4597327394521046,-0.5305164141353305,0.5197340802180327,0.042722196440603266,230.49348004891104
0.44930975417551144,0.8933760377370447,-0.5808002734538013,0.8140460935082175,-0.13208997330723796,0.7145161458254436,0.14309867396556625,194.6413012856747
-0.6938336311277706,0.7201353291681035,0.9070138128026359,0.4211008707960896,-0.3476998211932316,0.5290188409534011,0.1095073400524906,213.09243524279972
-0.017992729977420144,-0.9998381177310454,-0.6287628145958345,-0.7775971469736268,-0.8236318745815495,0.948849309631651,0.5114189197200099,240.0290125592621
0.8200077348852218,0.5723524392613415,-0.9911140639934546,-0.13301470653419636,-0.5002870604028297,0.5651937617448961,0.43382155617751994,218.09126775564496
-0.6132747872846941,0.7898696318259826,-0.9911140639934546,-0.13301470653419636,-0.5159986000047239,0.2966625893059363,0.38459479423145154,218.02596090187947
-0.2708258269155859,0.9626283662325192,-0.622046748440868,0.7829801036770624,-0.1654257634516737,0.4321330832751701,0.5276207245924094,202.9341293250607
0.8721454901008169,0.48924660867174735,-0.5808002734538013,0.8140460935082175,-0.1506796104229,0.4166585501105242,0.40103231028023356,198.65495847803334
-0.7047890900804527,-0.7094169003509626,-0.4482293417404106,0.893918596519257,-0.10872102111996851,0.6231908299656684,0.24136545050582014,173.76683408398682
0.48847242344780967,0.8725793325142555,0.255353295116187,0.9668478136052775,-0.15612190132974382,0.44831628569988036,0.5642149051010291,194.0364964128925
-0.813169760730543,-0.5820265803495845,0.717676913675962,-0.6963762255968722,-0.8502986852041837,0.49708211981604755,0.1651633302702493,257.45743568961694
-0.2824736261736216,-0.9592750650967246,-0.6744436188329457,0.7383263540031063,-0.192886596938185,0.29502364768443406,0.24008676816162605,192.9259821180616
-0.941542680369555,0.3368937236615041,0.8263541987239096,-0.5631507242749186,-0.7617490768682431,0.4082498812004511,0.20433044532801198,263.7357532707576
0.5056750111345912,-0.862724048067533,-0.6807734094770159,-0.7324940716135792,-0.7389049409940749,0.5061169234549038,0.18661038809971142,240.5769098888112
0.9236810413590989,-0.3831622813296876,0.9562348265919056,0.29260033563334836,-0.3748946655187277,0.4107064458610884,0.0806252413283445,198.09620001392693
-0.9977556606751613,0.06695999993034864,0.9141279881853337,0.40542572835999735,-0.39929255249013534,0.0572711043659889,0.24924077983559234,245.85463806554793
0.20910444942550743,-0.9778933117832719,0.8452490573530633,-0.5343725582809786,-0.7370035151651626,0.45845977447729974,0.43254826037130256,240.24579543373432
-0.7535750246762039,0.6573619111146148,-0.24702218048093527,-0.9690098257244063,-0.8169500153924614,0.5696335831029057,0.0,253.32939860176592
-0.9215109064434449,0.38835248075141793,0.9873494423939864,0.15855938510313475,-0.4908713304307226,0.7673328077595607,0.22307329152726582,234.44142867019815
0.2069992376497911,-0.978341103916423,-0.9859481499638303,-0.1670516255021195,-0.5370461287572613,0.5845172271650685,0.44755450700399163,228.29069904814034
-0.33736128396079795,0.9413752514721863,0.7236440382959124,0.6901733882429719,-0.2649928460211291,0.015,0.3066183201825651,213.41693187879025
0.9806547131230257,-0.19574558393383035,0.4327755925504312,0.901501684131884,-0.21557048671967635,0.6571434215479378,0.08392297903634893,179.86274148866255
0.18375805286347624,-0.9829715041687749,-0.33752289959411347,0.941317317512847,-0.18223744560483127,0.09760171652555934,0.25356633635494086,196.10502068355686
-0.9962122698025564,0.08695466344503126,-0.09453674981719933,-0.9955213724144752,-0.8572094330607345,0.6490246318723228,0.2189712687903985,273.83377930642706
-0.37871438565427346,-0.9255135947669846,-0.9510565162951536,0.30901699437494723,-0.3519728100138254,0.36778921837615786,0.4141172985911806,195.92855500079156
0.9826145983912801,-0.18565707912262186,-0.989932495087353,0.141540295217043,-0.3867644425360161,0.6183065237832825,0.5460306177155219,191.52361063323443
0.7231940495287267,0.6906448919135229,0.8674563547295969,0.49751328890718066,-0.30729395851054786,0.6337287414591775,0.4027559521974924,204.77695689039444
-0.9995134100174963,0.031192037368476096,-0.09453674981719933,-0.9955213724144752,-0.8421132819051984,0.4538130767908826,0.37630254239290556,274.5579203492494
0.25024087223584546,0.9681836116474205,-0.9587178169872964,-0.2843591872810036,-0.5366389062723333,0.7818637947903845,0.37742082203571714,227.27598849904564
-0.6191458685675627,-0.7852759982552111,0.9700639218515071,0.2428497220959356,-0.468678065257277,0.24669642298661087,0.1868990915038282,220.30110925851358
0.9087209364049069,-0.4174041922877501,-0.7694148268839381,0.6387494220515268,-0.17043426974464243,0.2584055601037442,0.44938359308212683,183.61215700052801
-0.881433903674431,0.4723073929690853,-0.9721181966290612,-0.23449138957041052,-0.5448983440268249,0.25073357307356176,0.08924327012672706,240.98307503184174
0.1571009354043574,-0.9875825515343393,0.4711595076738638,-0.8820480249558537,-0.8459284537472724,0.653426251492496,0.33403975900228916,262.1039757011652
-0.9571592717274702,0.28956195977051064,0.4093559588156213,-0.9123747579707273,-0.9464128342876633,0.6069384878936261,0.28464436511530317,279.8167992971005
-0.5719663827429408,-0.8202770611274923,0.2386727660059501,0.9711000518829505,-0.07979953928576605,0.4465499863529245,0.537970981711103,173.0252308426026
-0.9838976443956075,-0.17873283233019843,0.9033558023246845,-0.4288919379124835,-0.7384448409056992,0.42908106155047054,0.2406227326561426,260.85185575179673
-0.9836527229784108,-0.18007587450060544,-0.661634618242279,0.749826401204568,-0.14977499076814824,0.5051235602860772,0.1750344897966516,211.60221052640384
-0.31972241436211235,0.9475112546848516,-0.9398560579418953,0.341570769167856,-0.3017591620265454,0.34089413028539467,0.342612801569924,206.75492977193696
0.4884551364416587,-0.8725890096051867,0.36171373072976765,-0.9322892131745133,-0.9459697134647249,0.3596376302210298,0.3726771600353256,266.38659946838993
-0.7167356700464358,0.6973449499946829,-0.8543221697498269,-0.5197438121555157,-0.6664671102802002,0.47185603533867104,0.3152193938749033,249.82142811102977
-0.11712065175809167,-0.9931176933937689,0.9398560579418954,0.3415707691678556,-0.4628812450849801,0.015,0.12158502323816567,220.17502200264053
0.25073700251993725,-0.968055244067877,0.9992500112396835,0.03872228089217446,-0.5580150918478719,0.501352469329405,0.13549211655521404,223.7279996672275
-0.9904702681513416,0.1377267145771268,-0.3049212246562894,0.9523775757303973,-0.12392672572564618,0.42282793954724635,0.10820109951485152,205.0123908052601
-0.26485837130875145,0.9642873239588269,0.9911140639934547,-0.1330147065341959,-0.5817798078306171,0.21773813212821613,0.2971070679319112,229.26818331318722
-0.991162978470424,0.13264972713744178,0.48627270710868997,-0.8738071036110808,-0.9213027582100182,0.3893907701170815,0.09951067001531291,278.5140918382202
-0.40462875450675917,0.9144810391835956,-0.9741004551724206,0.22611568550828803,-0.38089109136669236,0.4907866229354464,0.3537437249148612,211.90326026823422
-0.44544243956636137,-0.8953105790915064,0.8840675099433636,0.4673592171580022,-0.40018534698355684,0.06525907623392654,0.23449514060230234,206.9976609642437
0.9678719467056838,-0.25144362147437765,0.9611297838723007,0.27609697309746883,-0.38998115464961813,0.5882183210023235,0.26439457625057483,206.85578474458694
-0.45952611069547417,0.8881642604772446,0.07738647923346301,-0.9970011699250151,-0.8818979341812125,0.2902095478588197,0.11336328186209241,251.86038542022584
-0.40851181919422086,0.9127530298928775,0.6807734094770161,-0.7324940716135789,-0.8525849217146676,0.8406658469825411,0.2929532364812445,258.04295816657606
-0.9983625998965079,-0.05720243987703026,-0.7469720876965551,0.6648553979642866,-0.1673377207969061,0.4793443391756834,0.36830997669930476,207.29703270604725
0.32386455292553085,0.9461034570058108,0.8800122039735357,-0.47495107206704995,-0.7099558152030894,0.39473597545803696,0.11605882121400002,238.58766133938894
-0.9079905082303532,-0.41899073613098525,0.7802958510707755,0.6254105729852463,-0.2790101971592196,0.8107273727353697,0.6146910640678567,225.38296063086625
-0.39696278849575534,0.9178347043720205,-0.49377555015997737,0.8695893893466109,-0.15734719107325149,0.4587760722933125,0.4433972759809948,194.1917865906208
-0.9993103790177683,0.0371317436617819,0.9796136916454901,-0.20089055513063506,-0.5772014645857669,0.43697874390769736,0.4396213281062519,243.66070965576944
-0.4491319928859849,-0.89346541789051,-0.5086709438521042,0.8609610158889945,-0.14234881347592765,0.5993128386619347,0.08544971282254349,189.16721324011843
-0.5185837298539168,0.8550268505320754,0.3375228995941133,0.9413173175128471,-0.1091961795945479,0.662657178993927,0.5965016077089381,190.25970399059545
-0.9716902058923313,0.23625863745674738,-0.3617137307297674,-0.9322892131745134,-0.7845089881480599,0.8761596017687552,0.41716200670688813,257.69684630231785
-0.6993198330179982,0.7148089053360199,0.545240438540651,-0.8382797052177744,-0.7761482390846831,0.7336734247889708,0.33130918233576395,257.2722094185804
0.2829162309475903,-0.9591446221850017,0.5877852522924732,-0.8090169943749473,-0.8942870758079438,0.8313970534763747,0.2046107088081754,260.50340435295584
-0.805085301036738,0.5931590495428565,0.9275416835791966,0.37371971479046906,-0.39277237002209203,0.34672972894771403,0.339594559595787,215.49278554230725
-0.8026376416437937,-0.5964669447810909,-0.7856498550787144,-0.6186714032625032,-0.7021206443540597,0.5524364620395961,0.3150475070516288,246.65988686078128
-0.9673723734805189,0.2533588187268555,0.16280701293851715,-0.986657932891657,-0.8644493847011041,0.1685087091902409,0.21572103942041884,275.4914630614706
-0.8852610464804298,0.46509448457746116,-0.42500033996955394,-0.9051931898913975,-0.8327506713480656,0.8264760691343677,0.2563963191527722,268.40328919592355
0.5640830099073467,0.8257180862339568,-0.3697245428906732,0.9291414114031743,-0.10565307610690242,0.7013599762446955,0.30037696852216705,190.95100997449177
0.9958648413942323,0.09084722161321486,-0.24702218048093527,-0.9690098257244063,-0.9666664590757001,0.465812166919234,0.32878644134717616,240.05040267495605
-0.49524444427470515,-0.8687536707347132,0.4559066935084588,-0.8900275764346767,-0.8988408265792607,0.33529957862551585,0.26836270783825644,255.3829504687517
0.6763740631690258,0.7365582982169318,-0.38566340624360745,0.9226395488404875,-0.07332686110904886,0.5884175005693013,0.2665583541786216,204.17229576993685
-0.46456131768220643,0.8855409545093733,-0.9634705485641486,-0.26781430516217486,-0.5668298471874726,0.7360960660187417,0.1533925124496692,218.88427136533952
0.7394454154456372,-0.6732165161197614,0.5012418134457758,-0.865307254363206,-0.774464612207677,0.20946182827187845,0.38862826323161337,251.02878776798966
0.820618971832121,0.5714757239543887,-0.8800122039735356,-0.4749510720670502,-0.6764936719631267,0.47111649122476446,0.11536640668613882,233.968730414976
-0.9989336763033723,0.04616828291185861,-0.8543221697498269,-0.5197438121555157,-0.7229815962271676,0.6023648067062977,0.4099641520274367,265.85250390364234
-0.9057396850266126,-0.4238344287193911,0.8165380514459161,-0.5772916165517272,-0.8277228963101335,0.18493968382799034,0.1705232697809233,262.03566524718315
0.4712732845068709,0.8819872398794134,-0.060213277365792774,-0.9981855344718586,-0.8962072895614368,0.43588178187418986,0.27073497360495113,265.3825705566722
-0.5730081727092267,0.8195496531683929,-0.9922222094179324,0.12447926388678869,-0.3490468862998705,0.5484566177117467,0.4977162703610021,215.6444976838948
0.6671360663506312,0.7449358824584881,-0.6932812268869771,-0.7206671495538615,-0.6906863676789715,0.8124146028710054,0.37488044634233625,240.1410373573605
-0.5934165459598637,0.804895523022128,0.7236440382959124,0.6901733882429719,-0.2450986660298055,0.4112596858916067,0.33704734365341266,204.4371504578212
0.35486614815843326,0.9349171176586708,-0.965739937654855,0.25951179706979943,-0.3205518329722311,0.6277952899941686,0.0555207714420442,206.61591703962623
0.6081861413330747,-0.7937944428442324,0.2051044998686192,0.9787400799669153,-0.13716290190412792,0.6092309992144215,0.09306561113860881,187.28545789901852
-0.9518010182488449,-0.3067161907374014,0.09453674981719912,-0.9955213724144752,-0.9028293600351361,0.44623303621481175,0.26887573828679867,278.9401458237399
-0.08699214305966785,0.9962089976736238,0.5808002734538009,0.8140460935082178,-0.20599722670360332,0.3129908810892365,0.34154383601726723,207.4458014475557
-0.13571587378429978,0.9907477991915824,-0.5808002734538013,0.8140460935082175,-0.17552521550610997,0.5726226203277047,0.22467151622974396,188.996714982919
0.31774542219722307,-0.9481760631194549,-0.23030567023061196,-0.973118337233262,-0.779727041737016,0.6439163144104703,0.24733223079710592,238.5481046483852
0.7416988146902073,0.6707330827439046,-0.9984354211555643,0.05591699010060302,-0.43137604895269055,0.7242968961535864,0.36815571531740404,231.24422495227088
0.6224995098689188,-0.7826201889888581,-0.9992500112396835,0.03872228089217399,-0.3885051970067038,0.8616083684336597,0.6186369993056546,217.8663874765971
0.23036557408506655,-0.9731041579792257,0.48627270710868997,-0.8738071036110808,-0.9169143029445772,0.1855865793529481,0.2895901188328009,258.3407847906705
-0.8956360260039729,0.4447877121996637,-0.2135209154397959,-0.9769384927771817,-0.8877513134923127,0.47788197499284485,0.4582587321633469,279.7251269993694
0.2010477172658217,0.9795814490802703,0.8406184056344782,0.5416278206559814,-0.3858098884191111,0.9397408548511788,0.2091782999180254,216.63101360885926
0.9982808511288573,0.05861179292125626,0.15430882066428117,0.9880226656636976,-0.1759283978961345,0.7198718709091054,0.40263261519310123,176.08770720193039
0.9994526981844204,0.033080267409466485,0.4171936026123168,0.9088176373395029,-0.15564198527208592,0.5736119940276161,0.47508219901930027,173.87358375369146
0.9789277202938512,0.2042070479691712,-0.9984354211555643,0.05591699010060302,-0.4489554691690867,0.5196761742938495,0.28137676642045517,196.81735877121858
0.9077384495613676,-0.4195365385612134,-0.9338372288229252,0.35769823883312546,-0.3352412101305615,0.4709547128539131,0.13696302711195765,192.69830856818155
0.996616550389124,0.0821915536444142,0.29671281927349075,-0.9549667548552551,-0.9368135323172999,0.8904198528008548,0.01332319884413824,256.09706478961436
0.3737123307922277,0.9275446586627732,0.6551563572090853,-0.7554933140726803,-0.8657193826814701,0.4474921469868763,0.6127053773796076,254.26625776261073
-0.7115053800889725,-0.702680648733439,0.9997685019798909,0.021516097436222254,-0.4605549428616489,0.2650591352242359,0.3975043785363097,214.26262077697083
0.6792406384365329,-0.7339156321378713,-0.3536761221763721,0.935367949313148,-0.1179470218212858,0.392427327325774,0.09115209411007291,186.93255233064704
0.8061177282424166,0.5917551928063541,-0.455906693508459,-0.8900275764346766,-0.8999522336207171,0.2358448456240326,0.4961049546641474,252.04128015111726
-0.7802683747698168,0.6254448523523627,0.4711595076738638,-0.8820480249558537,-0.8428528454910428,0.5394468176172604,0.4230619990028379,270.10567183989826
-0.38202128220288406,-0.9241535261762865,0.49377555015997715,0.869589389346611,-0.16790706897014743,0.7251046807215392,0.2815059919748544,195.4246101724157
0.8755094160856123,-0.4832010578893949,0.9721181966290613,-0.23449138957040985,-0.6329280935578758,0.5863417327314744,0.46414441956968455,224.89322332372916
0.548833730541463,0.835931537998143,-0.12874817745258066,-0.99167731989929,-0.8906814517478179,0.4543253335354744,0.22372552303360954,258.4858204529504
0.2459353970331025,0.9692862221687515,-0.8214765533024145,0.5702422926917867,-0.19185234591223985,0.7723013807239377,0.5632223608752587,203.4321292605304
-0.9869960477056392,-0.16074452343220785,-0.8919813464595487,0.45207220393230374,-0.24151628786246895,0.26192627835629284,0.2580599806223536,228.6505304325701
0.9713453798847049,0.23767236477268075,0.13727877211326478,0.9905324521322229,-0.05630501678535875,0.3433933629109449,0.41079222206643207,190.08875336486707
-0.5120598527524791,0.8589497698929254,-0.888057322629493,-0.4597327394521046,-0.6499476775676459,0.37047771862543377,0.09954051662704799,239.11391947944554
-0.9871780948861207,0.1596227082122376,0.29671281927349075,-0.9549667548552551,-0.8621847583786629,0.5644665588716117,0.1844140977338187,274.6388700515563
0.9333799905276634,-0.3588896672831065,-0.02581844022713239,-0.9996666485105112,-0.9637794763255022,0.21172574028095256,0.559771018118493,255.090070742331
-0.9973317964096613,0.07300197168760472,-0.8452490573530634,-0.5343725582809785,-0.6341465243970505,0.551398812462283,0.27682703396848807,253.83194251865635
0.5148157250985902,-0.8573008627029445,0.36171373072976765,-0.9322892131745133,-0.8720551505834077,0.34432699122590754,0.2793872602767752,256.1048122887929
-0.4770276646387867,-0.8788882791170134,-0.8996308696522434,0.4366512319560638,-0.2602989420357732,0.5983988842215806,0.24504883172051323,209.86983078987532
0.992129362347648,0.12521712489771264,0.23030567023061221,-0.9731183372332619,-0.989935956586917,0.33900945455551423,0.2721704349423049,249.11152210297845
0.9989405592039188,-0.04601911752046059,0.16280701293851715,-0.986657932891657,-0.9938737885545547,0.32501561893453157,0.48998756444308805,259.6921193158205
-0.9978633415748321,-0.0653356835206447,-0.5808002734538013,0.8140460935082175,-0.15552824680469104,0.15987237252796901,0.3793727852110166,214.99985858731839
0.07334479969946517,-0.9973066430928079,-0.994217906893952,0.10738134666416306,-0.42078502509074345,0.5629609705214279,0.48250990874285027,225.5080647217938
-0.26546724127224475,0.9641198804149326,-0.5808002734538013,0.8140460935082175,-0.07644571962963137,0.09703285465687084,0.2770272154564748,188.4949079260246
-0.9959443150045391,0.08997178118798921,0.4171936026123168,0.9088176373395029,-0.12721084666521276,0.6412213981209025,0.07418138043850431,211.17763820001338
0.41419225134701626,0.9101894192551846,0.8880573226294932,-0.45973273945210397,-0.7509939759092623,0.5568580406632536,0.4056609075789929,250.41965167614254
-0.866301928917861,-0.49952073826137927,-0.6084768701151264,0.7935716089521472,-0.17947233199638193,0.49427399345151,0.19181163921667405,198.9286361096021
0.09868472398976573,0.9951187493214384,-0.9175836260593934,-0.3975428142825566,-0.5363249172156447,0.2733088510750856,0.2889587092300189,233.26577064257881
-0.14102969511404784,0.9900053661955771,-0.9997685019798909,0.021516097436222233,-0.42153533141253247,0.5085788950862906,0.5931566794873595,219.91206242120612
0.4225177334506701,-0.9063546573608525,-0.32126966169236515,0.9469877530760751,-0.0634615889855328,0.5918040655776959,0.2851319392868634,185.73868663969375
0.934176705623399,0.3568107098597423,0.8452490573530633,-0.5343725582809786,-0.7763454664712856,0.3549247027309931,0.04814558478702413,235.3047755888671
-0.9604052156898596,0.27860693041579987,0.705583610107178,-0.7086266782644596,-0.8530887991314389,0.9199760115474591,0.5008016342662562,284.715683048423
0.9885166085365372,0.15111225842870052,-0.13727877211326517,0.9905324521322227,-0.17111273243830744,0.5130417421913965,0.2027865085046291,177.39780478966387
-0.05228551727673884,0.9986321768714965,-0.49377555015997737,0.8695893893466109,-0.15804997180230498,0.4451413838850236,0.2892203019906645,202.6366787107422
0.34532077166942526,0.938484717325558,-0.8717063187093217,-0.4900286664290594,-0.6379088103901362,0.5841132434477505,0.4118156581897504,242.88071799326025
-0.8259140726192281,0.5637960133324112,-0.9536809966304455,-0.300819807635668,-0.4526717834308603,0.3649521248980846,0.21372330624909935,232.70559665038238
-0.4864147167037568,0.8737280603105316,-0.9988797155850335,-0.04732138832243232,-0.3712667507591181,0.3983553553330466,0.3609260079404379,220.04868414763718
-0.6491885439204197,0.7606275267451772,-0.1712931441814778,0.9852201067560606,-0.018647776892162363,0.41396893733701956,0.32710235774026947,188.93220690974994
-0.3885378556068162,-0.9214327619313614,-0.9959189961471792,0.0902516100310407,-0.38363578018270866,0.6803099812350536,0.6574492331069911,213.49543476447042
0.09822408012916291,0.9951643231561207,0.3456123126707335,-0.9383773917408641,-0.8604889304167334,0.5046819445717203,0.40069274823674755,249.4844686520437
0.952450694410546,-0.304692754618269,0.6354323008901774,0.7721565844991642,-0.25540622752786457,0.14006490258943977,0.1414593584260428,188.35890425395615
-0.8967382878371181,-0.44256123093528427,-0.2967128192734901,-0.9549667548552553,-0.8633265794277151,0.28453127438880743,0.2827833699302607,265.03568019960323
-0.9868525720014709,-0.16162302167105266,-0.20510449986861926,0.9787400799669153,-0.10107182396705224,0.12212128825965544,0.0,215.0858719647124
0.5759599159984324,0.8174779355817982,0.4635502709028509,0.886070621534138,-0.22291679494598202,0.4839039760096142,0.3792725697675797,205.8716436746339
0.6044170132166301,-0.7966681078932982,-0.858763958275803,0.5123714121284235,-0.2540180283150895,0.30566267766892186,0.3254246542954221,205.65303153428903
-0.9778660990672011,0.2092316713480414,0.6680638642135335,-0.7441039398713607,-0.8725405303460276,0.3379609838608249,0.3530026297980991,272.88529770312886
-0.9040090589833538,-0.42751329953117384,0.9966589017541702,-0.08167639533042241,-0.6093215536075534,0.4115242794607471,0.2862045627497631,237.1778441959099
0.9596257448478175,-0.2812799847576638,-0.7354170229639858,0.6776147890466887,-0.19110081564379533,0.4767431873089346,0.3786000926235817,182.8884246720712
0.8245182597914593,0.5658353464308,-0.6354323008901775,0.7721565844991641,-0.13135405042852397,0.6693123429157153,0.2108886076663608,189.4201754781509
0.03263674820540036,0.9994672794376899,0.7236440382959124,0.6901733882429719,-0.2757429427252561,0.4073683472377814,0.4523035194853824,216.5004666198322
0.4202025226409271,-0.9074303499256574,0.9966589017541702,-0.08167639533042241,-0.6117893860145928,0.5808173912187167,0.15160911141636377,244.00448297264896
0.16426062620562593,0.9864169740421824,0.7909456567567772,0.6118864012687243,-0.33716334525518454,0.4212963074816366,0.3726637155042263,213.3836465664213
0.07746069745678186,0.9969954063833538,-0.2636654927280072,-0.9646141756912435,-0.8288090613844307,0.37265332006364654,0.09660034110642102,252.8049161292029
-0.5610041985626525,0.8278129554404642,-0.9741004551724206,0.22611568550828803,-0.3312552589273448,0.7330976574230531,0.2932851502841634,208.14836084312847
0.9929431162265754,-0.11859160146594515,0.9455963874271426,0.3253420847119801,-0.40878799961427675,0.646332474426493,0.3102775131803796,204.6858613453719
0.39901383593607626,-0.9169449049597135,0.995918996147179,0.09025161003104117,-0.5001015040754626,0.2725573424814154,0.4021060668688643,230.85038378156827
-0.9833305304014837,-0.18182702763983374,0.8165380514459161,-0.5772916165517272,-0.7778632878274057,0.5457770860536961,0.11235003418333425,250.36481437698748
0.6226519327150613,0.7824989269553019,-0.7856498550787144,-0.6186714032625032,-0.7230047833413006,0.3108023684020339,0.6643774812376235,246.75992298725774
0.3668218940890554,-0.9302911899061056,0.23030567023061221,-0.9731183372332619,-0.8674067403266491,0.7169789877425294,0.06674206543768513,258.60279427855954
-0.1612397740515925,0.9869152624535662,-0.5086709438521042,0.8609610158889945,-0.1029757470261659,0.5903718861097997,0.4195570075648261,192.7712603661167
0.8984066897221091,0.4391644565109543,0.36171373072976765,-0.9322892131745133,-0.870043053592164,0.4314424615616065,0.21445882788166154,234.29728039344232
-0.7413306041327977,-0.6711400266532321,-0.154308820664281,0.9880226656636976,-0.11488954287469691,0.8169360223469295,0.26733328887101754,194.59953776972884
0.7500465059260246,-0.6613850912654154,-0.3294084822245302,-0.9441875088341994,-0.8635331009770603,0.619122238889845,0.41116548499147093,241.29996560202522
0.9046322333651083,0.42619305761222365,-0.994217906893952,0.10738134666416306,-0.40950960070759285,0.4801612358605629,0.2851741463556958,204.4047534336933
0.3771331567024405,-0.9261590479586389,0.9587178169872964,-0.2843591872810034,-0.6132138383976355,0.015,0.2608191715911994,237.29980478737056
-0.8851659888174076,-0.4652753724848341,-0.455906693508459,-0.8900275764346766,-0.8235918317515053,0.5839576935497318,0.41774949967007974,270.7032285165675
-0.9700094737909324,0.24306711162935749,-0.5595892624101763,-0.828770087174504,-0.7377165182011782,0.5907091936362631,0.7301432729623845,263.31149650463067
-0.49406094324108346,-0.8694272737634419,-0.888057322629493,-0.4597327394521046,-0.597951161409467,0.03206383281973668,0.24712919286616924,233.41038047229296
-0.9674467489173442,0.2530746688415522,0.3212696616923644,0.9469877530760753,-0.08064607952663845,0.32290659280542655,0.11751352797654749,217.63024394304225
-0.5559355828645908,-0.831225377202241,-0.9997685019798909,0.021516097436222233,-0.42875435524969013,0.5576703530017282,0.2830161225553641,207.70999311975692
-0.7977938636509952,-0.6029303037008649,0.995918996147179,0.09025161003104117,-0.49556103395746154,0.7706452468267048,0.7335572969426614,236.24762613443426
-0.7968221028215606,-0.6042139823398879,-0.3049212246562894,0.9523775757303973,-0.09936252486943245,0.6506353700648271,0.292125610139802,195.21504812038438
0.9984931100444785,-0.054877219259953175,0.7694148268839378,0.6387494220515272,-0.2995301826781436,0.38431327042932006,0.13898025038245976,198.17242430757958
-0.9242743556717378,-0.38172885068801654,-0.9141279881853337,0.4054257283599973,-0.3418481264671594,0.5100466082571193,0.4628142775892494,223.4241475332731
-0.002926588051790293,-0.9999957175320178,-0.1882267098432439,0.9821256058680006,-0.0928574101907807,0.5443998161118287,0.3012021482696456,179.37740451208154
0.9595324832825207,-0.2815979643493166,0.8013610881746766,0.5981809144059165,-0.28265697164316134,0.549400312702684,0.2895730808621081,200.41092408948782
0.9253386510951944,-0.37914163684476276,0.06021327736579302,-0.9981855344718586,-0.8905856737919029,0.19262739471044363,0.22187114917530326,236.0226047503058
0.8152480228577952,-0.5791119591464641,-0.9033558023246842,-0.4288919379124841,-0.6275117446050568,0.7366770793644055,0.45815907225205266,225.92312009446331
-0.9293457803520886,0.36921053687803584,0.38566340624360707,0.9226395488404876,-0.1085096344881619,0.4969547168350439,0.5387505135723207,220.03343927820777
0.6343334530873522,0.7730595515833667,-0.5380051715382992,0.8429415373547832,-0.13648672426019418,0.6176389280819297,0.0,198.950285714392
0.8447845173125188,0.5351066429311588,-0.9873494423939864,0.15855938510313475,-0.413118764575908,0.23448893361506462,0.0,216.9359960162738
-0.9553192091927921,0.29557606220270677,0.8880573226294932,-0.45973273945210397,-0.7594823717097523,0.3869230693254163,0.24986764710899945,257.25751273241394
-0.6702316374583124,0.7421519737560154,-0.7583058084785625,0.6518989958787125,-0.18222851445701377,0.30738927673046684,0.16897632892527334,195.1891506170129
-0.9598289081772717,-0.2805859351913892,0.051619667223253764,0.998666816288476,-0.10366237218665654,0.5666400493973294,0.5609978764116276,207.00866601518646
-0.9520180949526226,0.30604174042568016,0.7909456567567772,0.6118864012687243,-0.31701779903444527,0.4079470174339058,0.18067739063993912,220.86148223424945
0.2635674533004202,-0.964640968216015,0.9859481499638304,-0.16705162550211924,-0.6842604020791625,0.44409925426223634,0.617982407531336,240.65429563860636
0.6439883277174974,-0.7650353153702261,-0.8498170915275277,0.5270777086423724,-0.22674759808866238,0.4255270348538963,0.26232766359886045,200.77289541042296
-0.8252474899702142,0.5647712636969601,0.02581844022713308,-0.9996666485105112,-0.9057404529153622,0.2035853364212595,0.1350945474244276,258.8162414299754
-0.5367196827861679,-0.8437606189612759,-0.7583058084785625,0.6518989958787125,-0.22603590358649245,0.31332972230177514,0.25887678464942865,192.47771354730955
0.9400693082730599,-0.3409834242936315,0.854322169749827,-0.5197438121555155,-0.800515292929904,0.6006011286604955,0.530549455400174,232.2546932081854
-0.45290433245003364,-0.8915591206689489,0.9398560579418954,0.3415707691678556,-0.40286070855828854,0.4608521530499283,0.16663424762894855,213.18498286115215
-0.937499929285657,-0.3479854631868812,-0.9992500112396835,0.03872228089217399,-0.4663098063477211,0.015,0.0,227.24391946931848
0.9229113921109556,0.38501241838649547,0.9455963874271426,0.3253420847119801,-0.4776744631758886,0.3965418806699698,0.43390596859211095,212.19878016153285
-0.2979896673670307,0.9545690955307984,-0.02581844022713239,-0.9996666485105112,-0.9316426369490571,0.3438363102480448,0.3295429060994168,256.5058475164044
0.03160011647324244,-0.9995005916150713,-0.49377555015997737,0.8695893893466109,-0.16383844936177647,0.6461254535723885,0.25797839173561016,186.05172905747605
0.07094341603343776,-0.9974803415213287,-0.7055836101071774,-0.70862667826446,-0.7337099109413621,0.5184722539586055,0.3386434564844645,244.46458658173884
0.9875339557701754,0.1574061186895518,0.6551563572090853,-0.7554933140726803,-0.7719149599725317,0.3091630404738608,0.2571295968689442,233.37841115464263
-0.9988952705733543,-0.04699189745249098,-0.9611297838723007,0.27609697309746883,-0.316355277989417,0.5002293126518754,0.13145973476794431,231.98161138300932
-0.8958528690067606,0.44435080408654126,-0.9959189961471792,0.0902516100310407,-0.3472854389387657,0.5393028643359423,0.13307961492275563,231.62386462635095
-0.9980250983540038,0.06281642345343394,0.3697245428906731,0.9291414114031743,-0.21461378254723698,0.34396944489908154,0.3579361895284787,216.49763765283143
-0.9999642652156634,0.008453892103551268,-0.49377555015997737,0.8695893893466109,0.020033066969790028,0.6229026216672306,0.1509527385935511,207.63076287264624
0.9967599811647857,-0.08043345043186992,-0.7412220108485957,-0.6712599575675315,-0.7057979202510313,0.5302904925245726,0.2712613998810293,224.9348462643233
0.9683925063435043,0.24943126038599486,0.8631421280499114,-0.5049610547215204,-0.8146560452169311,0.40014945986390427,0.30217175325389317,245.46429342667474
-0.6386905859099518,-0.7694636674138698,-0.01721335615583528,0.9998518392091162,-0.08785752025435199,0.22594655748057374,0.4105387221535207,184.854341101959
-0.42620190988760265,-0.9046280628015914,0.5086709438521044,0.8609610158889943,-0.202973978280375,0.11720238650355355,0.12195427438062736,204.98932736004565
0.8948151657889751,-0.44643680300133065,0.9973249731081555,0.07309512989807777,-0.542529349782912,0.4279398035099212,0.2011552395426494,219.27657225059622
-0.9173026087528058,0.39819081352449226,-0.2884824328806098,0.9574851883550389,-0.053651724545064526,0.8678316769912952,0.48450144097969583,205.7314555091962
-0.48851865885689727,0.8725534481902288,-0.47115950767386394,-0.8820480249558535,-0.7630600989638606,0.8763248194877867,0.30577939337797405,244.95830737092186
0.7949193597200804,0.6067150991546341,0.8064799463209448,-0.5912614448635781,-0.7570817333538558,0.7619287909291044,0.2704856885327634,247.20106616667363
0.6242577622666828,-0.7812184369622838,-0.3049212246562894,0.9523775757303973,-0.1317261028943587,0.6523682081912662,0.4853435195260665,187.42457204028477
-0.7443814168792383,-0.667754675165107,0.6220467484408675,0.7829801036770629,-0.24214954652688805,0.3354437214665461,0.36837502154588136,200.27966726787176
-0.9999992291340787,-0.001241664708567658,-0.9859481499638303,-0.1670516255021195,-0.549154580403835,0.3355021844107576,0.03108669128593139,239.33403327008043
0.015538226910406525,0.999879274464913,-0.9141279881853337,0.4054257283599973,-0.34735275856031445,0.5399927280130816,0.35681062290985593,215.37796867430401
-0.7494481368553375,-0.6620630560332326,-0.7856498550787144,-0.6186714032625032,-0.6841117202923945,0.3482972610254301,0.04364489960651746,245.68918025385116
-0.8914407019871956,0.45313736862079246,-0.6016240632249227,-0.7987793728863648,-0.776917410488657,0.2818376647954814,0.1876161713291427,261.569925107343
0.8518014059598359,-0.5238648344800849,0.5877852522924732,-0.8090169943749473,-0.8930183222611774,0.2469097639801708,0.22882669899407304,251.90147708041513
-0.9970374033601058,0.07691824426582888,-0.2553532951161881,0.9668478136052773,-0.0861545933222774,0.49188687969399514,0.5217193566276654,200.76398856168763
0.10212042067349912,0.9947720440791787,-0.7961828637826154,-0.6050560696488494,-0.8089244623552858,0.5809466554496445,0.2822625434061078,254.52734137361222
0.9554565258791704,0.29513188095308557,-0.6016240632249227,-0.7987793728863648,-0.7978023043740505,0.642344867588948,0.28997352408676885,247.5105820833631
0.9473691836918691,-0.3201431395344928,-0.5234156073655503,0.8520775211013093,-0.09940279869735603,0.7632445537510089,0.10224438294671886,184.77415417038335
0.7209895933594832,-0.6929458898552809,0.6744436188329455,0.7383263540031065,-0.26466382666161326,0.5796508749592812,0.3942494988863276,199.305258121807
-0.7097863974935148,-0.7044169716390841,-0.3456123126707333,-0.9383773917408642,-0.8649638205558833,0.42456714424787434,0.07119420050760686,269.57800707915334
0.006825394399215081,0.9999767067243592,0.7469720876965552,0.6648553979642865,-0.2814670909214455,0.5126233112522731,0.24080682132522485,205.26926851564795
-0.12186815969686769,-0.9925462969817069,0.9106046300942162,-0.4132786077829042,-0.7317294548621937,0.4510524933414004,0.3264577007111077,245.0637023509138
-0.9388009713907266,-0.3444600646168264,-0.5595892624101763,-0.828770087174504,-0.7885229916253974,0.5593679122828664,0.21289389082157978,263.2147307135782
-0.9927044436584087,-0.12057316260615085,0.7116566222817746,0.7025274741691571,-0.2515391231805394,0.6137292279818102,0.3980462111095707,232.1426402469687
-0.7767879146536655,-0.6297622850314313,0.9275416835791966,0.37371971479046906,-0.4243798524533176,0.40113504859109117,0.29504095161648575,219.4713933670717
0.053223214376319154,0.9985826402714261,-0.965739937654855,0.25951179706979943,-0.34723728696842265,0.3484097466080237,0.1892876908142342,214.69518412367438
-0.482336516822322,0.8759860070456091,0.9741004551724205,0.22611568550828828,-0.5008777308771999,0.1979156634943994,0.19911751637698183,217.32406026430093
0.5181418386903791,0.8552947065184918,0.9368813462954315,-0.3496474552512284,-0.7303170341217367,0.744798703808567,0.4679205899410831,251.34382468649426
0.9189886844339841,-0.3942839051778493,-0.6016240632249227,-0.7987793728863648,-0.7532904668189703,0.36994765808726954,0.3971025133438746,238.05420949439025
0.9999336811497808,0.011516653257284454,0.6870527672236669,0.7266075247685656,-0.2771412476406407,0.21758362396781564,0.17787190294250552,179.44714561625887
-0.816730615688875,0.5770191516721704,0.2386727660059501,0.9711000518829505,-0.1600043598738106,0.9398144707108326,0.2508201020881826,207.25628109534054
-0.6224282129044675,-0.7826768936033253,-0.9911140639934546,-0.13301470653419636,-0.5334695878996694,0.5499905647506224,0.4585980775025832,239.7095536957703
0.03211587949585622,-0.999484152092572,0.854322169749827,-0.5197438121555155,-0.7283541128584461,0.1968485054512735,0.4540399134590824,239.35250471084015
0.4315240733621189,0.9021014211877535,-0.858763958275803,0.5123714121284235,-0.26674234729387236,0.49885277453317184,0.3049573493662771,207.6291623637676
-0.767243050330825,0.6413564544923915,-0.2802306751992161,-0.9599326896597445,-0.8776528591159446,0.6086593467468094,0.1899456692295455,268.5516985991093
0.8845590970156244,0.4664281336786012,-0.2553532951161881,0.9668478136052773,-0.054406343419854224,0.015,0.400328769644273,179.5173617067204
0.9970705343553875,-0.07648757755519602,0.13727877211326478,0.9905324521322229,-0.1139837094514927,0.5928105967797613,0.37132950743988347,166.11967939120996
-0.04152370972588635,-0.9991375188284145,-0.3617137307297674,-0.9322892131745134,-0.8994096514357424,0.31202005574039493,0.19215343499227847,265.55994980317865
-0.7726607162773448,-0.634819200656203,0.6744436188329455,0.7383263540031065,-0.2563855539592753,0.6326507776215896,0.2360603064549388,210.5522597766731
0.9299916998324237,-0.3675805194005785,0.6744436188329455,0.7383263540031065,-0.23329402673066635,0.3405368165903854,0.3128247882163116,175.06260600198954
-0.5167930239787044,-0.8561103727714938,-0.3131070409358267,-0.9497178427914317,-0.9134254149741156,0.24333307042874522,0.33803501325909047,266.81769783036856
0.40356813363565397,0.9149495950673102,-0.5667017562911184,0.8239230057575536,-0.13147552022679393,0.3724366028512708,0.08979143267536194,191.66636194831835
-0.4560732209129589,0.8899422549615674,0.699458327051647,0.7146733860429609,-0.22523398449534546,0.41822607160113534,0.47404109405011136,209.37661166021846
0.9314093089041197,-0.3639734870656792,0.47873384011578846,0.8779600847008882,-0.1376154085998455,0.4578584871309307,0.07389617190976258,174.73288785732484
0.07125750139867805,0.9974579532463599,-0.0859647987374467,0.9962981749346077,-0.10011477329888743,0.6889899426360631,0.18162380636224604,194.39735026022578
-0.9785975849156369,0.20578330057923278,-0.9886775902323404,-0.15005539834465262,-0.4491482439913802,0.4529190665323151,0.23085845166680413,241.26708393327692
-0.994257729894705,-0.10701199252713665,0.6932812268869777,-0.7206671495538609,-0.7702150888092448,0.7244878210152814,0.5572713867426525,263.0248056195221
-0.9363121424958781,0.35116886509879885,0.1797665857255624,-0.9837092937736097,-0.9121880326589624,0.46499620434990385,0.3739800375626635,276.85630063979437
0.024203174629480732,-0.9997070602620824,0.6354323008901774,0.7721565844991642,-0.2360866610548276,0.22008316052990287,0.26945477415886054,203.4840213836843
0.8666991969811487,0.4988311357085001,-0.9562348265919058,0.2926003356333479,-0.2779034744122199,0.6645300385614075,0.5358369177941094,199.8510675731366
0.9908083617793517,0.1352730210652414,0.8587639582758029,0.5123714121284237,-0.3524722970382336,0.29035059560304194,0.2750506819728852,204.5453390256035
0.9994140653928099,0.03422756045961059,0.1202080448993527,0.9927487224577402,-0.061174859998591485,0.28154414804763467,0.34601400109349495,175.69706978264185
-0.3260850250050089,-0.9453404447433119,0.3212696616923644,0.9469877530760753,-0.18013719861494568,0.8494649205373141,0.5312889606188833,194.9690269519335
0.9872073599656475,0.1594416144852296,-0.5307300481619331,-0.8475409228928312,-0.8335843594239946,0.4798559736977427,0.6537232839374879,246.5082046008845
0.7167774782492743,-0.6973019766748199,-0.9455963874271428,0.3253420847119795,-0.31389927570051723,0.8134927110984735,0.0,202.64938489445953
0.9858402436334432,0.16768725065655185,0.9999166586547379,-0.01291029607500882,-0.6345742066028202,0.4139712052953392,0.3154485825146316,217.48718339893915
-0.9890933966499027,0.1472896897395003,0.6016240632249226,-0.7987793728863649,-0.8375050704216899,0.7137330772097958,0.2962679395443255,270.25031361754566
0.050050873624315456,0.9987466696061834,-0.7748840413670406,-0.6321034111873488,-0.7200459155924053,0.5535783167700922,0.5040161925577238,236.75292343105215
0.7363509596402882,-0.6765997814342144,-0.8165380514459157,-0.5772916165517278,-0.7018561019669944,0.7383835746759373,0.8363267973293804,251.71784315301986
-0.9939356504602175,-0.10996327907180779,0.9859481499638304,-0.16705162550211924,-0.5737073938362713,0.1335545559092639,0.24287222222713908,248.22112435635336
0.9942992776644194,0.10662526171603945,0.2219215130041655,0.9750645322571948,-0.06604084364939611,0.8515555412671869,0.1565874839112523,170.43387358383515
-0.30309357687518634,0.9529607985940479,0.08596479873744647,0.9962981749346078,-0.07438717280215515,0.7676869612312256,0.3220165831674734,197.90737982883778
0.9606336959734287,0.27781810984964633,0.8013610881746766,0.5981809144059165,-0.3187354274529023,0.2130146877541586,0.47563982062491933,190.85829718964294
-0.17156243998782628,0.9851732483098714,0.5086709438521044,0.8609610158889943,-0.16418442157865826,0.5764224451831431,0.41479240766165676,191.7684691065962
0.5195124119899112,-0.8544629036935569,-0.9932568492674143,-0.11593459959550066,-0.5111176950926449,0.5145256441695809,0.4516394437759743,224.27970051711065
-0.48599108241643796,-0.8739637680199901,0.6870527672236669,0.7266075247685656,-0.29859132646415215,0.19035735264237688,0.31271666203966314,207.80131417516986
0.3972466185121669,-0.9177118960112967,0.5234156073655503,0.8520775211013093,-0.2031062752276909,0.6399766634276305,0.4274924304393481,203.3644023316104
-0.8056292157842382,0.5924200930715241,0.7412220108485958,-0.6712599575675313,-0.7941995559424129,0.6536396137374417,0.25283512395723945,251.0237380656178
0.9904995921122376,-0.1375156646549434,-0.7526668275320083,-0.6584015846980489,-0.7010784957936029,0.3202775436139125,0.4100519675692045,226.45123289167032
0.6324379521663354,0.7746110228105795,-0.8996308696522434,0.4366512319560638,-0.2796318054718523,0.6471330720451212,0.42099738449415397,199.55552347043925
-0.2203824990565926,0.9754135297962454,-0.02581844022713239,-0.9996666485105112,-0.8602019102974491,0.5683563403432623,0.3538786561961799,259.49221656197653
-0.7997518589889554,0.6003307122276104,0.717676913675962,-0.6963762255968722,-0.8410073883225752,0.7810731188132548,0.4665329151540791,268.25977211076435
0.25069649382706494,0.9680657353624372,-0.8214765533024145,0.5702422926917867,-0.2543509110577951,0.7694323638170362,0.38872223048202914,213.34033108619323
-0.9703660436005261,-0.24163969340127403,0.7236440382959124,0.6901733882429719,-0.2409770529840019,0.6719678868014098,0.29027762424336506,226.11201252974678
0.1940554964080116,0.98099055261192,0.9997685019798909,0.021516097436222254,-0.5296425656315137,0.5260200289952791,0.18424199222325352,232.98418439116273
0.9999995712951872,0.0009259640607215382,-0.989932495087353,0.141540295217043,-0.37866546031790305,0.12420683019623331,0.3839626068439633,205.33943350860298
0.7320375902152891,0.6812642413276895,0.9242907221930933,-0.3816892202666588,-0.743408215040517,0.4988765582681586,0.38463676011415887,237.89014445940307
-0.38224861390476983,0.9240595203599615,-0.661634618242279,0.749826401204568,-0.14902457274994607,0.7044748918908429,0.42038622939471193,201.6991557418195
0.9465936818300685,0.32242890924883727,0.5524353131676196,0.8335557718385699,-0.2635087364385976,0.4358442525857683,0.1539747561787658,193.8250169760633
-0.5616781217026514,0.8273558409781014,0.7354170229639855,0.6776147890466889,-0.2359203969565989,0.5608420757750752,0.20175989090424873,202.17797839965675
-0.45884463188916597,0.8885165185782962,0.9973249731081555,0.07309512989807777,-0.5077470787344408,0.5339384066555165,0.10009579641539865,219.21450058254774
0.18418509676306444,0.9828915759789483,-0.9483615800121716,-0.31719128858910595,-0.5606892331059119,0.42480629535549913,0.23561919518478808,235.54213598413173
0.3327518172629157,-0.9430144368503736,0.6152845999633276,-0.7883050558305255,-0.8056306647093989,0.600599902148039,0.44310670985236794,248.11820899213058
0.9996492925414119,0.0264819168765164,-0.7469720876965551,0.6648553979642866,-0.20449332928969796,0.41736645975365816,0.4684158495748969,171.07394964715627
0.6706143795221454,-0.7418061431250943,0.6152845999633276,-0.7883050558305255,-0.8221211073443151,0.45278458195407606,0.1319274188923027,240.43402062074057
0.9999856630263231,0.005354786812290911,-0.9979171608653922,-0.06450844944931625,-0.4245146707388102,0.7253481735656593,0.313021325683135,194.63333796143158
0.12730008045144361,-0.9918642495407605,-0.02581844022713239,-0.9996666485105112,-0.9293554174703508,0.49903768913140895,0.34703011515944143,256.83410058231993
-0.01503670137208739,-0.9998869424149146,-0.9611297838723007,0.27609697309746883,-0.34307316714703456,0.37879144864666425,0.3809396494354686,204.64849476744132
0.35988026546031604,0.9329984965326645,0.6152845999633276,-0.7883050558305255,-0.8526197611416415,0.6026639141881501,0.503917756329505,261.7994674097237
-0.0024771633088002116,0.9999969318262639,-0.8996308696522434,0.4366512319560638,-0.28908235397750004,0.5656486318764689,0.3087848345158473,205.35210859773292
-0.9961061137646627,0.08816240763874773,0.47873384011578846,0.8779600847008882,-0.2003830687641214,0.3437307672097929,0.5059446454389549,220.60719840543754
0.7909067708531861,-0.6119366632410465,-0.2802306751992161,-0.9599326896597445,-0.8377595646599189,0.68041613403784,0.07459440682308249,235.47660919294952
0.7753642920935574,-0.6315142235502353,-0.12020804489935275,0.9927487224577402,-0.1341704753177865,0.7146201930541591,0.12376865021682457,183.25543969318147
-0.32356824965815745,0.946204833962053,0.02581844022713308,-0.9996666485105112,-0.8515417575371438,0.23790017307794034,0.2448899225699998,248.13668106935026
-0.2615972181979932,-0.965177131634951,-0.9368813462954315,-0.34964745525122826,-0.5699471796889957,1.0256309820773377,0.3388161774727363,226.03943927475785
0.9940457099408079,0.10896387726340938,0.47873384011578846,0.8779600847008882,-0.09407366914008757,0.522618465106709,0.49989380115785365,181.96271425090197
-0.9377656600841884,0.3472687241415019,0.9760105506323683,-0.21772323039653177,-0.6263472366049977,0.4769204802446284,0.26938340372623354,250.41144278059397
0.36552907693508374,0.93079992152717,0.28023067519921585,-0.9599326896597447,-0.8845773543819193,0.6622251957169312,0.5075402170600247,265.9211581046983
-0.7678251848826901,0.6406594145564886,-0.9979171608653922,-0.06450844944931625,-0.47298554749545896,0.5503637582501572,0.46064987473982594,231.68138420079364
0.6099459866782868,-0.7924429905898916,-0.41719360261231697,0.9088176373395028,-0.09972966699019616,0.611492986064247,0.3953951350027468,181.1507142532174
-0.965639254458279,0.25988618710747025,-0.655156357209085,-0.7554933140726804,-0.77182844203306,0.5635357970104864,0.5305118244681291,276.70611251806633
-0.9640297996408947,-0.2657941786502036,0.9997685019798909,0.021516097436222254,-0.5828382665542056,0.08656405500611535,0.2004478230476438,246.79386062917422
-0.5302456821357374,-0.8478440402434911,-0.4014879892059737,0.9158642882672868,-0.08269623489023102,0.3518856066598876,0.37804757331107836,184.33771402789853
0.9611354793051432,-0.2760771457779016,-0.20510449986861926,0.9787400799669153,-0.11602701803123786,0.4802644673942905,0.32808635554987886,181.43310033815777
0.20206580001888574,0.9793719479660052,-0.9562348265919058,0.2926003356333479,-0.3791317847229329,0.22591209016342867,0.049562785382748664,220.8694459534302
0.9833257294504107,0.1818529895295035,-0.7694148268839381,0.6387494220515268,-0.15797324255067868,0.04442592462875776,0.17892793802041018,174.0155615045171
0.820634449649346,-0.5714534977132568,0.8631421280499114,-0.5049610547215204,-0.7021535550922806,0.7307343022706903,0.22976212455373723,235.10813797086033
-0.9003320647076504,0.4352035997774596,0.7116566222817746,0.7025274741691571,-0.27057524437122465,0.3192834796476748,0.10748681651629935,211.14858763127268
0.9999958388461965,0.0028848380009759947,0.9587178169872964,-0.2843591872810034,-0.6598820936385194,0.5009904729299336,0.42520528780155953,232.0882259739307
-0.9827708719564457,-0.18482806397830193,0.8214765533024142,0.5702422926917871,-0.3477308867080064,0.6800292068298022,0.36799204029569954,221.42529808604988
0.04345343052856184,-0.9990554536037023,-0.4862727071086902,-0.8738071036110807,-0.780196497653277,0.5333493896667318,0.1836286024439194,258.71398716785234
-0.8798932430224924,0.4751714226290983,0.7802958510707755,0.6254105729852463,-0.30075801873078517,0.5383071881971546,0.12875335676749405,220.30374980963052
0.44675035150804954,0.8946586630818673,-0.7526668275320083,-0.6584015846980489,-0.7408212365255276,0.3321828553127227,0.39097928417924255,248.21835463317427
0.9975567696679304,-0.06986051309347566,0.3131070409358269,-0.9497178427914316,-0.8767512343324797,0.6197307542113768,0.40389855812260905,235.3030718770575
-0.29131422425971254,-0.9566274210704824,0.6220467484408675,0.7829801036770629,-0.24061709922946764,0.39830614026875827,0.37318739133433326,195.8581991479508
-0.09238108327774629,0.9957237244599679,-0.858763958275803,0.5123714121284235,-0.2972241787952969,0.7196128910415437,0.17439042744839495,203.9701660276839
-0.6386177097580437,0.7695241521767794,-0.801361088174677,0.5981809144059158,-0.1985592506516697,0.5968087777073926,0.3581979917303582,200.31369996185435
-0.1601666369840726,0.9870899900197612,0.9679377830240642,-0.25119006388481935,-0.615592978852943,0.26099458397855124,0.42288064097543393,231.17584579095868
0.980449106587056,-0.19677283702951426,-0.4327755925504317,0.9015016841318838,-0.10425821035468755,0.36262721787017005,0.3237408655893239,175.3646409755636
-0.3070003128969451,-0.9517094135717992,-0.9455963874271428,0.3253420847119795,-0.29566796570180887,0.40814766791061236,0.32285468119889965,204.31307991689187
-0.7075107623813833,-0.7067025690589455,-0.4327755925504317,0.9015016841318838,-0.11475527068766897,0.4770532708318297,0.25276130586067336,197.499440093423
0.878813689911502,0.47716506412784493,0.9679377830240642,-0.25119006388481935,-0.6410114963684913,0.4535233547447214,0.37989592168313857,217.5607483981494
0.18154898716594112,-0.9833819020395997,-0.3617137307297674,-0.9322892131745134,-0.8650207116455672,0.3322153672356124,0.4129517041270365,259.8442871901452
-0.2737136458462058,-0.961811228920508,-0.5808002734538013,0.8140460935082175,-0.17200523799401382,0.6406481644122705,0.6065059064505112,190.7610064782291
0.36964050117463954,-0.9291748489339137,0.7295575540864875,-0.6839194216246106,-0.7400322752810107,0.6339554336427036,0.29596849495109867,242.16494483506392
0.3776819832067119,0.9259353754777084,-0.965739937654855,0.25951179706979943,-0.30602123680188875,0.47916786307448583,0.09743280985327293,210.55907598722675
0.5145114462871958,-0.8574835110014991,-0.9973249731081555,0.07309512989807776,-0.4379130611787362,0.5691518508277879,0.3243713701882377,222.13853294478366
-0.8416335262390555,0.540049078797856,0.5234156073655503,0.8520775211013093,-0.27489078931576816,0.5617976460215526,0.177982622190071,222.0309964573036
-0.4411478999591576,-0.8974344156324879,-0.8717063187093217,-0.4900286664290594,-0.6057950608871315,0.38611463529895346,0.3313874558111885,230.20068051606546
-0.5735794032100646,0.8191499668639352,-0.3456123126707333,-0.9383773917408642,-0.7909515007463358,0.4224702820391917,0.14728923690771936,250.63696672287074
-0.10814310793834499,0.9941353369664693,-0.3049212246562894,0.9523775757303973,-0.02670022334297599,0.26477205371375173,0.5400028273607584,199.05090553280633
0.8848773376608362,0.46582410553155196,-0.7295575540864876,-0.6839194216246105,-0.7173083592777678,1.0076925990209231,0.2806330017424441,235.82610029415906
0.4727456075627336,0.8811989505952341,-0.5595892624101763,-0.828770087174504,-0.8170796608588979,0.3780496516062276,0.2789031617388283,246.11514891646155
0.8011093690949856,0.5985179853172619,-0.6744436188329457,0.7383263540031063,-0.17689703883283164,0.3298220634022435,0.24595521272362483,190.97672949725293
0.6465808368126896,-0.7628454767950072,0.699458327051647,0.7146733860429609,-0.2405390813791179,0.11577902686762571,0.21349535614187992,206.54351605275156
-0.12338920514792587,-0.9923583546546898,0.6420547132365637,-0.766658819300159,-0.8594599857453998,0.5023702234833054,0.30823336133105983,250.0915128597232
0.6495380695413254,0.7603290710057904,-0.5307300481619331,-0.8475409228928312,-0.7599837140991571,0.22162760344714316,0.43436394183214405,231.0003756293125
-0.998615009761292,0.052612377625940336,-0.9070138128026362,0.42110087079608916,-0.2944140755136365,0.8978011846263897,0.1936434819283826,231.45651772341193
-0.7397356703176726,0.6728975687722937,0.5737722679043246,-0.8190148866680801,-0.915633540455781,0.4395847939791155,0.5444234045740846,263.2749601385795
0.670482946132011,-0.7419249415851571,0.717676913675962,-0.6963762255968722,-0.7889124226182553,0.20205029914521527,0.3385923601005225,243.89292885871265
-0.6764649543006744,-0.7364748234685191,0.9562348265919056,0.29260033563334836,-0.4814730067630481,0.5124431450085094,0.25596774404167527,227.18336134736208
-0.6394830547989608,0.7688051915960176,-0.3456123126707333,-0.9383773917408642,-0.8515771213737133,0.40282367571993427,0.4163133158077099,266.14059528482375
0.12678484263516537,0.991930241336545,-0.14579919691987442,-0.9893142039703664,-0.9127443381478948,0.02471897378595438,0.3723701815694731,265.9085791835779
-0.834609853444653,0.5508415312347961,0.6152845999633276,-0.7883050558305255,-0.8216630924532113,0.6661267727466301,0.1427592796342995,260.00060377654916
-0.16127668150900512,0.9869092318959444,0.4711595076738638,-0.8820480249558537,-0.8518219902298161,0.45026236639227585,0.05728696331631361,263.3594643751828
-0.9911410301429092,-0.13281362267197092,0.6932812268869777,-0.7206671495538609,-0.9108136431919696,0.40664494028567866,0.2802445505360706,269.5463384170928
-0.9983818872467934,-0.05686481528617717,-0.4405187843504952,-0.8977433935342336,-0.9074406841831698,0.6334241292366508,0.33796781267646764,277.4097579819084
-0.09579524820522477,-0.9954010600864857,0.47873384011578846,0.8779600847008882,-0.20509009806627274,0.5684613081236244,0.4288931769490847,187.2553342214705
-0.6875979731501989,0.7260916108314007,-0.99665890175417,-0.08167639533042288,-0.4656179647613041,0.4703905947012356,0.41654501863781884,224.45943361980648
-0.8543535959916977,0.5196921521593865,0.9796136916454901,-0.20089055513063506,-0.5866089124652785,0.4757073026298226,0.48562946405164065,244.48635562190728
0.7360180019560982,-0.6769619640692918,0.6551563572090853,-0.7554933140726803,-0.8305846911390455,0.32114915409897815,0.1729376500052133,257.13486092255954
-0.9079441001538748,-0.41909129195888867,0.8919813464595485,0.45207220393230435,-0.47362417599369017,0.4867308063397737,0.4935401191324953,236.09129074055588
-0.5191744189564618,-0.8546683115110917,-0.8631421280499115,-0.5049610547215202,-0.6264342569373069,0.6439223066157664,0.26742302021857955,230.46146578393711
-0.9999786967011697,-0.006527338188728898,0.7526668275320085,-0.6584015846980488,-0.8253849309733287,0.41358552308630453,0.20607442305105048,274.27595021184703
-0.9824866818699167,0.18633282037322657,-0.9455963874271428,0.3253420847119795,-0.28520669039137714,0.5529916147442492,0.3435897454711426,221.27563374398028
-0.8985666028967514,-0.43883716815989043,0.9106046300942162,-0.4132786077829042,-0.6513945606472505,0.4504435537970295,0.47286171580435765,258.8529961802224
0.05587857505213599,0.9984375718341847,-0.2553532951161881,0.9668478136052773,-0.13260902704298583,0.518754219293972,0.503958131525296,200.93398340936358
-0.94936336292274,0.31418021124829904,-0.8311706263658079,0.5560174366570446,-0.1696168153759603,0.5199273286734211,0.5225988942648188,209.14023816040364
-0.7813735839653657,-0.6240635562834282,-0.01721335615583528,0.9998518392091162,-0.0858719472369282,0.36427725767932995,0.19059454577033164,191.9495753747661
0.2547827625862225,-0.9669983163837115,0.06021327736579302,-0.9981855344718586,-0.9535769852219822,0.5086614844080745,0.44470411656053843,261.9590760638753
0.5994757059093077,0.8003929522581625,-0.8996308696522434,0.4366512319560638,-0.27594680470789174,0.43884683704388944,0.09953682328387709,212.1011817635916
-0.3766214234727439,-0.9263672616092195,-0.16280701293851646,-0.9866579328916572,-0.8980133068045933,0.3394595387791696,0.25205524076740227,238.91535531360375
-0.0730650422399164,0.9973271778120153,0.16280701293851715,-0.986657932891657,-0.9614635757595178,0.26488904702974636,0.13074409183417232,270.15325265687227
-0.8310141576788191,-0.5562512649310226,0.7412220108485958,-0.6712599575675313,-0.7934619927944722,0.7523769981099779,0.25555379608387296,256.2737045800387
-0.5893749302207995,0.8078596360923275,0.8452490573530633,-0.5343725582809786,-0.8318876408026102,0.6985085401056489,0.41218270542126073,250.5927022858977
0.5667595430802723,-0.8238832564917441,-0.8311706263658079,0.5560174366570446,-0.1824685573237467,0.428501952950566,0.39461352572472463,194.23231428275258
0.998246592803103,-0.059192397797317546,0.5012418134457758,-0.865307254363206,-0.8538448593999071,0.512360625512769,0.19033069366329658,251.04176548170858
-0.4983142297538306,-0.8669964985078351,0.3212696616923644,0.9469877530760753,-0.18124914572972728,0.8428108883747125,0.3109035134428323,185.29530531475447
-0.21590516162941992,-0.9764143388857899,-0.22192151300416674,0.9750645322571945,-0.18594908604173185,0.7385291869189239,0.39103471549596563,180.06533955389315
0.7764978689889579,-0.6301198770516664,-0.3536761221763721,0.935367949313148,-0.13653388323130305,0.4371311296740473,0.40704857329675403,181.7492976796697
0.5755349398652263,0.8177771903118418,0.5160623910158528,-0.8565509959010036,-0.848449948755279,0.2612188489542017,0.40052845565042905,261.94118002243056
-0.9967077217429742,0.08107846457555716,-0.9741004551724206,0.22611568550828803,-0.35907668766549955,0.5982117214319465,0.5266270267281796,237.20590237686682
0.9859903698430931,0.16680224991492307,0.008606996888688698,-0.9999629591162655,-0.9258044347266035,0.5492839499172243,0.42828002128489745,246.7975473216402
0.721691672991016,-0.692214655389084,0.21352091543979612,-0.9769384927771817,-0.889514286914143,0.28322228781279424,0.23423960907612434,253.6575881816418
-0.5013123603044467,-0.8652663852282628,-0.6354323008901775,0.7721565844991641,-0.16081311885150812,0.5197988914479048,0.3741638198779192,180.26819587262807
-0.0029994279011374267,-0.9999955017060156,0.9886775902323405,-0.1500553983446526,-0.6254678314714678,0.6069814178473786,0.2112126536256884,225.97215144182596
0.7598558694149797,0.6500915764072053,0.9741004551724205,0.22611568550828828,-0.43301663282006486,0.5386261874257585,0.36728154454881895,209.3280548816486
-0.6235488448062256,0.7817843936411251,-0.9510565162951536,0.30901699437494723,-0.3025308428502638,0.585812912010046,0.3130119288522386,210.9420352513992
0.07795268270881094,-0.996957059886984,0.6616346182422783,0.7498264012045686,-0.2639413503930469,0.37902905961815986,0.25638723772202254,206.09452730036034
0.3564916479310623,0.9342985095543048,-0.6354323008901775,0.7721565844991641,-0.14781566776764948,0.34407844198143234,0.350509533416687,202.30179720410982
0.06544226925985232,-0.9978563570946076,0.9873494423939864,0.15855938510313475,-0.5166806231383794,0.21576602341101864,0.3254838523376123,226.208829664176
0.4045653220775907,-0.914509103384026,-0.7583058084785625,0.6518989958787125,-0.1992639591326404,0.2837496864195674,0.38814759622131234,193.92839296604623
0.9499127815063048,0.31251513168317985,-0.9999907397361901,0.004303538296243821,-0.4313755119630905,0.4777383805579257,0.30235415356523443,211.30935515825422
-0.9990745413672553,0.04301233301982757,0.29671281927349075,-0.9549667548552551,-0.8308173363034308,0.43769063811916925,0.31447353729746286,279.62204322291507
-0.9377005351511077,-0.34744453712402235,0.9106046300942162,-0.4132786077829042,-0.703051081857375,0.4834278997439164,0.2759670805519887,252.5815924581664
-0.020962178374648775,-0.999780269398126,-0.24702218048093527,-0.9690098257244063,-0.7739964057542724,0.44962117845890426,0.3717292199318407,247.0439085925837
-0.9903153486663809,-0.1388362711822252,-0.7748840413670406,-0.6321034111873488,-0.7221608115707935,0.6129978721243313,0.20801355379298647,252.79723552883144
-0.02844385122006578,0.9995953918099917,-0.22192151300416674,0.9750645322571945,-0.1173284991855361,0.23812508474434627,0.5895953568097434,196.88944511625436
0.11987526671249922,0.9927889606712028,-0.4093559588156211,-0.9123747579707274,-0.7206161828371559,0.5749659893635648,0.38976981751347917,248.15700768259464
-0.9949992171527022,-0.09988272055520794,0.9536809966304457,-0.30081980763566735,-0.7175847361117933,0.3721276874516186,0.27124505507890906,276.8328251034492
0.7062513086833343,-0.7079612199711772,0.3375228995941133,0.9413173175128471,-0.20260329223062817,0.6906157050190531,0.1561721756448807,190.73651756473078
0.30056108287828215,0.953762567654568,-0.6994583270516471,0.7146733860429608,-0.17883215614197923,0.7694023173189202,0.31261693499983834,198.18158191442146
0.6650262269172158,0.7468200034226801,-0.1882267098432439,0.9821256058680006,-0.09319354585805431,0.44217044559631,0.2476181721161678,186.36163215600703
0.1601795518415673,-0.9870878943497557,0.7856498550787147,-0.6186714032625031,-0.8168518194687943,0.6512760880681118,0.5096960473914349,232.31657971395381
0.5927548441886883,0.8053829490936867,-0.4327755925504317,0.9015016841318838,-0.12409111658059117,0.3513608559674153,0.1122422708979475,189.95747125880007
0.7590312383128804,0.6510542060882606,-0.10310169744743544,0.9946708199115211,-0.10443644057697705,0.5207018852739511,0.25825264561454275,181.1206605124612
-0.9762445143952434,0.21667175199641384,0.8498170915275278,0.5270777086423722,-0.34465920345435763,0.37681662156866536,0.11445480222157536,221.7248379551021
-0.8717310378254244,0.48998469128311406,0.7295575540864875,-0.6839194216246106,-0.8359113066142263,0.6605859975748434,0.2962656562912498,257.61965084876977
0.02290200890842288,-0.999737714597163,-0.9922222094179324,0.12447926388678869,-0.2994528529121737,0.5385161771880005,0.4116513693925956,208.19574058568193
0.9952646188996151,0.09720256358041132,0.21352091543979612,-0.9769384927771817,-0.8591445680958583,0.561078384373192,0.32518269192515975,246.82382506782392
0.8058457931673099,0.5921254576815197,-0.9368813462954315,-0.34964745525122826,-0.5541965018285503,0.6421233173409514,0.47159474359923437,221.6303150051387
-0.5632293129773176,0.8263006359691966,0.7802958510707755,0.6254105729852463,-0.27122947706684175,0.3388572525325722,0.1894909767543968,195.1076771960871
0.5868135051969281,0.8097221190744975,0.4327755925504312,0.901501684131884,-0.16121311235480243,0.45272577963910193,0.3393907389311777,191.011871060266
0.7696528012579735,-0.6384626578867039,0.545240438540651,-0.8382797052177744,-0.8070680568944306,0.3814180932904207,0.17838731005350478,254.20410409909832
0.06073562491511077,0.9981538878680837,0.401487989205973,0.9158642882672872,-0.11955181415523514,0.734850982932885,0.4596944795175222,195.86455297478096
0.7803227377977983,-0.6253770261816056,0.23030567023061221,-0.9731183372332619,-0.8861040868111933,0.21718165702323025,0.3997887196255783,248.92417898181478
0.9123560014917291,0.4093977607926355,0.11165900712169512,-0.993746580436178,-0.8397942519778573,0.4139100260613529,0.008164398192147426,235.99521285913858
-0.8584679366138184,0.5128672360426361,0.6680638642135335,-0.7441039398713607,-0.90936829065575,0.3908886973236022,0.1609542593400228,277.00003343966506
0.6521031712320483,0.7581302355592382,0.995918996147179,0.09025161003104117,-0.5401919335766877,0.6718408654789646,0.3026959051886665,221.5963419638282
0.6064980558838275,0.7950849691757087,0.9873494423939864,0.15855938510313475,-0.5385552954498274,0.6698196664204502,0.22884493555865337,229.20207113619404
0.6856877588925654,-0.7278958011315156,-0.780295851070776,0.6254105729852457,-0.1970256623605173,0.3848501065747332,0.29712521809864,200.07552888424652
-0.684774955685175,0.7287545952283022,-0.23867276600594997,0.9711000518829505,-0.14750930146568814,0.414993983970553,0.006904244852119268,204.3202889595578
0.36410255927848484,-0.9313588601215202,-0.47115950767386394,-0.8820480249558535,-0.7964860074447649,0.4995610088340019,0.5217287566880588,246.8982771167064
-0.9595331857026976,-0.28159557087289616,0.1202080448993527,0.9927487224577402,-0.1612683486602544,0.3255257892146616,0.08959425446747474,208.95192154497246
-0.715306420546269,0.6988109363234695,-0.3697245428906732,0.9291414114031743,-0.11727197128828305,0.35546717777660997,0.09263029699346237,202.74938221266868
0.5633410478667208,0.8262244633200018,-0.7354170229639858,0.6776147890466887,-0.22069608332799234,0.39535932757046693,0.22360155239718593,210.24417786838274
0.8040188132188046,0.5946038580350997,-0.2636654927280072,-0.9646141756912435,-0.9394986467515861,0.7226485943524888,0.4662345753185704,252.4020142564019
0.33617165581069336,0.9418007314870257,-0.7694148268839381,0.6387494220515268,-0.1544497518187864,0.4024505279536371,0.25129104370171423,194.39127519157805
0.45323591608865604,0.8913906014577878,0.994217906893952,0.10738134666416309,-0.5186465022223535,0.15712715090583326,0.20878682460911185,231.5617925212671
0.31111199469172157,0.950373256546573,0.6287628145958344,-0.7775971469736269,-0.8706608630075824,0.5240075579023558,0.5322260909163963,260.03362495158626
0.34352864228628227,-0.9391422000575543,-0.7961828637826154,-0.6050560696488494,-0.6970884609832578,0.5585899377795357,0.26227087425698137,247.2014819148698
0.3264835032395301,-0.9452028999703945,-0.9536809966304455,-0.300819807635668,-0.5701769088642012,0.647308104543265,0.43939502332907165,225.28732039086862
0.22324153586395942,0.9747631592674707,-0.4862727071086902,-0.8738071036110807,-0.8376134916366774,0.398553035177075,0.05276306943766362,264.2826075163487
-0.22934225442592174,0.9733458431281431,-0.8115390590073611,0.5842981736283683,-0.2727428874754259,0.20210536148792008,0.08024480801883407,205.66337785003992
-0.30689408921837213,0.9517436724259457,-0.7748840413670406,-0.6321034111873488,-0.6913726398313539,0.3636846817070175,0.28725391464465144,235.8483939652216
-0.8294835416545349,0.5585311577022802,0.9175836260593937,-0.39754281428255595,-0.7661131018085334,0.3067427638162242,0.5429531224390404,250.95995042079346
-0.9771527546992859,-0.2125382177011875,-0.07738647923346322,-0.9970011699250151,-0.8447289760857302,0.28838133982428316,0.5109262335861797,259.86104903723236
0.013803391723146971,0.9999047286501537,0.9242907221930933,-0.3816892202666588,-0.6933269320321709,0.30108483031255134,0.48785469957175015,242.7867749987513
-0.9550436415008988,-0.2964652472528655,-0.16280701293851646,-0.9866579328916572,-0.8728490486658214,0.2353531844127928,0.40613767560413777,263.39410912780977
-0.8998479065581924,0.43620378845539465,0.9455963874271426,0.3253420847119801,-0.43181733263275496,0.4653481675149485,0.16627649550307214,226.89933677463793
-0.4245494231980462,0.9054047643248881,0.8758917051442429,0.48250774176121847,-0.3371201650741307,0.6070302973144883,0.19036272720237538,202.18245952373184
-0.9783057086589249,-0.2071664557918558,0.9932568492674143,-0.11593459959550041,-0.5400077595505616,0.6362764186075635,0.41723712449419065,245.15468771202416
0.6991507539341675,0.7149742815467457,-0.8840675099433637,0.46735921715800205,-0.28834006573770476,0.3053978923516139,0.44895886666005136,194.20609420084926
-0.27180132288756453,0.9623533866914845,-0.8840675099433637,0.46735921715800205,-0.2729173337852512,0.6308668431534867,0.45198743600079894,193.6496578477555
-0.8482903284232391,0.5295314142745386,-0.6287628145958345,-0.7775971469736268,-0.7629337699947897,0.4630318851704406,0.14228707233347307,252.0945996213802
-0.9339201150197233,-0.35748177402707804,0.9999907397361901,0.004303538296244289,-0.5146631892423915,0.6446383726768026,0.5645511013044593,246.33668801275817
-0.6721017792901557,0.7404587755405475,-0.801361088174677,0.5981809144059158,-0.21500021409302683,0.6523414239553664,0.1722274124241918,190.80863549510096
-0.5041103467236762,0.863639252423218,-0.7909456567567774,0.6118864012687242,-0.10580195704161363,0.4874210085755072,0.2004282149706238,199.55163255672645
-0.941312417990056,0.33753656355677075,-0.7526668275320083,-0.6584015846980489,-0.6717870851023505,0.3546154885615658,0.4516680858774319,250.20243791011077
0.9531445929383294,-0.3025150987181075,-0.9829265519799822,-0.18399835165767986,-0.5338321990784253,0.35583836128545004,0.03589462494411727,215.57172092098313
0.9790217255218034,0.2037558856973475,-0.6486295610349818,0.7611042586607742,-0.09778389520147296,0.020075238924711324,0.3794703926279276,180.38504129631917
0.8260423357038014,-0.5636080727110003,-0.22192151300416674,0.9750645322571945,-0.16017612340590126,0.21052829841679066,0.0,193.2779335079527
-0.26382140467527726,-0.9645715455243139,-0.9634705485641486,-0.26781430516217486,-0.5936367035274146,0.06692202910265443,0.1659422466849478,227.63843816963072
-0.3814072159346892,-0.9244071265589363,0.02581844022713308,-0.9996666485105112,-0.9114176785836876,0.060036876816037935,0.14168728363111996,258.1304028640456
0.9746282585740178,-0.22382975134904975,-0.9999907397361901,0.004303538296243821,-0.4957299035904923,0.18480604026580397,0.47649118135313817,207.40192995326288
0.6201811978141846,0.7844585915634829,-0.9951053111006974,-0.09882013873287211,-0.4476665874421109,0.42660851523881477,0.3537103954080238,225.18719291018886
-0.10328450078432246,0.9946518546193605,0.989932495087353,0.141540295217043,-0.5270166496912613,0.529887044554864,0.28569590473283113,231.19315006178527
-0.9311458743080221,-0.3646468987378736,0.5234156073655503,0.8520775211013093,-0.1246892090218564,0.3813220135020282,0.5610365044470873,210.15050458184342
-0.6665218031522856,-0.7454855370311524,0.7909456567567772,0.6118864012687243,-0.35411413421287563,0.5489535413206045,0.23307925498203352,212.43377255631006
-0.9988638965049097,-0.047654131605024734,0.9175836260593937,-0.39754281428255595,-0.6993862568470159,0.33846559691058636,0.2785080109340143,252.19078749292706
-0.9364090186516155,-0.3509104583621274,0.5595892624101765,-0.8287700871745038,-0.8510842901725308,0.12511994553823427,0.4606994264557543,269.2968678173563
-0.2687061677274364,0.9632221942133782,-0.5160623910158526,-0.8565509959010037,-0.8123521224931214,0.6461915700044346,0.3003442456173562,250.22488909633637
0.9568714063424778,0.2905118099564433,0.7961828637826158,-0.6050560696488488,-0.8472667820513791,0.4646060327067353,0.522208221368706,246.20741377108791
-0.8763566745805403,0.4816627231976094,-0.6932812268869771,-0.7206671495538615,-0.7817806891088227,0.7402764675325175,0.1963289768224247,264.517332734001
-0.9973679104763088,-0.07250690416864991,-0.994217906893952,0.10738134666416306,-0.3351841348970246,0.20654466039734146,0.39953887363985774,231.09131500417715
0.9617222776164085,-0.27402602200577186,0.9886775902323405,-0.1500553983446526,-0.6119442583073684,0.6084378583148488,0.5240448991886272,211.77799410683195
0.6815817691582362,0.7317419572165647,-0.9859481499638303,-0.1670516255021195,-0.49655772112939395,0.5890205596687719,0.43742199369371854,227.01231485252686
0.7292547188179804,0.6842423219019036,0.717676913675962,-0.6963762255968722,-0.8506367455593471,0.34241146847069476,0.26204241755068886,252.1032895089421
0.24832830908228695,0.9686759266691478,0.9813064702716093,0.19245158197082998,-0.5091882585458113,0.7501082854861499,0.5022041824547798,233.1734200527816
-0.6641757654090578,-0.7475764527078768,-0.6870527672236675,0.7266075247685652,-0.20414201860376074,0.35287606971037466,0.17181135145884222,194.36113689556348
0.9104727069168286,-0.41356915982643416,-0.034421611622745804,0.9994074007397048,-0.07785075617827097,0.39196310479369156,0.3379397576605689,176.34660172050633
-0.9741616960946513,0.22585169882467623,0.5667017562911176,0.8239230057575542,-0.2408649293837345,0.6099627326384386,0.478114594797276,226.30652264160193
-0.8553679807911607,-0.5180208658319204,0.9483615800121715,-0.3171912885891061,-0.6558067741111999,0.5807548269051275,0.2590204539576328,252.5153915706714
-0.1904595191488076,-0.981695050189011,-0.7354170229639858,0.6776147890466887,-0.18141153557587603,0.8475291826749594,0.31408497391096557,199.4260074670364
0.8235066104060765,-0.5673066742225887,-0.3697245428906732,0.9291414114031743,-0.05271208846545981,0.47185444397050247,0.3330356011499401,185.0025133772262
0.9992479533260172,0.03877535007921639,-0.711656622281775,0.7025274741691566,-0.2307524942994901,0.8785111293377879,0.3974542861902095,193.34434760087146
0.6571735138163487,-0.7537393267823256,0.8498170915275278,0.5270777086423722,-0.3535963043492492,0.7169425197814228,0.20157765503090985,204.50577774566545
-0.8991054977269591,0.43773200015209884,-0.9886775902323404,-0.15005539834465262,-0.5091345938517767,0.22022436151492353,0.5111825047546174,249.52720835715579
0.9354715409520371,0.35340203178366314,-0.5086709438521042,0.8609610158889945,-0.13679186624455222,0.49509130049950023,0.0,179.2519384911947
-0.17731908444313105,0.9841534140022326,0.995918996147179,0.09025161003104117,-0.5462965257540582,0.5110421291759981,0.1368243982627044,224.40889339631812
-0.9890426356320361,0.14763016257538764,-0.661634618242279,0.749826401204568,-0.1942747286875175,0.37651921696382007,0.4241920073930149,218.48647992391665
0.9613032716524937,0.27549232277907826,0.8013610881746766,0.5981809144059165,-0.31663187417953453,0.6700454737120204,0.04888256870001523,212.38828314902088
-0.9998091878281449,-0.01953427588689518,0.5947266869607634,0.8039279618328213,-0.18357345161723596,0.2615194800455467,0.4145618638340255,226.73673012323314
0.23580489484105724,0.9718004175595923,0.21352091543979612,-0.9769384927771817,-0.8995093217134265,0.5871922106666778,0.36171332461867395,260.7883104696492
-0.5305826885772058,0.8476331816193746,0.9033558023246845,-0.4288919379124835,-0.7021660800562544,0.5514385641744438,0.18260070377313675,246.00687234253772
0.4085055057794334,-0.9127558554990974,-0.42500033996955394,-0.9051931898913975,-0.8870388463642546,0.7724768386057891,0.3437675095262984,257.38186038875665
0.3869609526892491,0.9220961018754112,-0.7354170229639858,0.6776147890466887,-0.19889924725117378,0.412805612055173,0.318835315915211,200.49574475546518
0.7796435423190188,-0.6262235598572226,0.6084768701151261,0.7935716089521474,-0.24643854751432615,0.3095547929169592,0.3177879591461405,201.80201654073636
-0.9953983280154548,0.09582363270110927,0.6016240632249226,-0.7987793728863649,-0.8379788553926351,0.22369263101931924,0.18097884292716981,279.0389286648069
0.19243452474768738,0.9813098153412773,-0.4327755925504317,0.9015016841318838,-0.11843911634936619,0.5532460984677507,0.40791550499789003,188.6058215559573
0.9603314191677681,-0.2788611937133248,-0.994217906893952,0.10738134666416306,-0.42095858633033595,0.11803990854571937,0.23597851697218336,206.88150031580432
0.7153637122932417,-0.6987522873909123,-0.5380051715382992,0.8429415373547832,-0.1529077204919228,0.7162912357021235,0.2605266374534905,180.99502454260877
-0.4411721707240544,-0.8974224845515215,0.051619667223253764,0.998666816288476,-0.0777440250393514,0.44021218617562613,0.1714042677227088,194.74199416431662
0.941536333855772,-0.33691146022275986,0.6870527672236669,0.7266075247685656,-0.27935802022444295,0.4703706160615397,0.0,187.26721906259309
-0.8035953065614366,0.5951760943388357,-0.5524353131676203,0.8335557718385695,-0.1165210180807496,0.6464824557682346,0.379828836574335,199.3887606513016
-0.8615457746496356,0.5076798973599007,-0.7469720876965551,0.6648553979642866,-0.16700367434922087,0.5183625376795005,0.40914708846763626,207.43622850829965
0.24098234957991801,-0.9705294983620757,-0.989932495087353,0.141540295217043,-0.3928038156218516,0.10276005852751866,0.20169166575194025,223.3011500411618
0.9999906670376068,-0.00432039786157003,0.5667017562911176,0.8239230057575542,-0.17452697323206312,0.5605313601527167,0.5070464065953101,178.860650597344
-0.8287473331756183,-0.5596229603530404,-0.3536761221763721,0.935367949313148,-0.07579437014817113,0.41863582364126833,0.4886680836657209,197.51788419909406
0.9106624808302006,-0.41315111764121437,0.9886775902323405,-0.1500553983446526,-0.6396391527778217,0.21136445347833574,0.3833591911635344,223.48810104996812
-0.4078569309860011,-0.9130458498052988,-0.9611297838723007,0.27609697309746883,-0.42568417950669923,0.7239028212710403,0.4542828657909149,198.4366187592893
0.030354950605645387,0.9995391823103928,0.9973249731081555,0.07309512989807777,-0.5366718350475679,0.47840120390270185,0.42612427459320623,230.78114959595737
0.7472195768501152,0.6645772370251142,-0.04302223300453034,-0.99907411510223,-0.9735895776977038,0.2613500948812454,0.28715271001244763,267.9861775719276
0.3366208227637901,-0.9416402825292836,-0.8064799463209447,-0.5912614448635782,-0.638736733805871,0.510813283989761,0.14879075180642926,244.4480726859397
-0.8382379984932484,0.5453045551634726,0.6616346182422783,0.7498264012045686,-0.26268069559751406,0.6569799816778963,0.3719987544049324,204.56607208822228
0.943890298460068,0.3302591474478242,-0.9992500112396835,0.03872228089217399,-0.434582125626452,0.4460258145161281,0.11057272752798786,205.0090833878865
-0.7359262138082958,-0.6770617459506824,-0.9721181966290612,-0.23449138957041052,-0.5808053411082976,0.057186483890099546,0.3956593264006176,239.42811833416573
0.9727509852624825,0.23185236826668293,-0.8758917051442433,0.48250774176121763,-0.21587290129242606,0.6263149655502656,0.3466101620301752,192.3472433167348
-0.9874937148004462,0.15765837506968963,-0.49377555015997737,0.8695893893466109,-0.10458382548542533,0.3210548120215753,0.24906767371990488,206.7323607823086
-0.9944517224810802,-0.10519397156877712,-0.8840675099433637,0.46735921715800205,-0.30065637746025886,0.4180358616323481,0.48216223293870497,233.74739332695242
0.0665003966839509,0.9977863986048703,-0.9634705485641486,-0.26781430516217486,-0.44302801111345835,0.4618537556496382,0.3469993040125824,214.83627757696703
-0.9156499405079203,-0.40197659937842417,-0.7583058084785625,0.6518989958787125,-0.1675135331847679,0.4799788435996021,0.2375834532305618,203.1009942840658
-0.8423469743522009,-0.5389355942964732,-0.9611297838723007,0.27609697309746883,-0.34441986406179814,0.6926127995479472,0.5597680905238229,224.5322945091528
-0.37293769498650486,0.9278563874103323,-0.9033558023246842,-0.4288919379124841,-0.6096693110898385,0.8027556490468782,0.3838066538698407,228.55269165296613
0.2657418568104339,0.9640442238502043,0.8800122039735357,-0.47495107206704995,-0.6587834733082089,0.6306897676213465,0.40784952794858326,248.40519980626846
0.6466098013667849,-0.7628209257593861,-0.04302223300453034,-0.99907411510223,-0.8359926787460163,0.8343588864380675,0.16716980602530213,251.93115225933
-0.9580481470705704,-0.28660730607339147,0.7909456567567772,0.6118864012687243,-0.3183248539660985,0.546758792183297,0.04032684828393057,214.09970693619618
-0.4742006406054105,-0.8804168060921023,0.7295575540864875,-0.6839194216246106,-0.8544349189467978,0.29913467498749113,0.2577708533712645,242.65113398435645
-0.10450491093728885,-0.9945243705359811,0.6354323008901774,0.7721565844991642,-0.17400923528637618,0.6590427184742655,0.08677687089800046,187.31991031404417
0.5576988540709258,-0.8300433652333932,-0.9886775902323404,-0.15005539834465262,-0.475721105644247,0.5504384454980336,0.19413714526336617,208.90382775495743
-0.011541857563634171,-0.9999333905435805,0.06880242680231986,0.9976303053065857,-0.09189940543392972,0.07212366154523941,0.3779847572898976,180.19551444052968
-0.09123845214119736,-0.9958290741140663,0.6354323008901774,0.7721565844991642,-0.20532033953817908,0.4530455084328636,0.40399378707637257,197.69082033050108
-0.8480432076277689,-0.5299270874341157,0.8674563547295969,0.49751328890718066,-0.33991462061141064,0.7017819897934962,0.20456830846544344,224.9096039210479
0.1158734389062786,-0.9932639861366327,0.8498170915275278,0.5270777086423722,-0.3053644502161774,0.33863401378740665,0.33369489419534126,214.43967154006543
0.9992092526741754,0.039760148016776284,0.2051044998686192,0.9787400799669153,-0.08785745346767887,0.7962614257487424,0.4594930837472552,177.80772554210878
-0.7269888958199854,-0.6866492156512221,0.9275416835791966,0.37371971479046906,-0.381840710404559,0.7277921274764615,0.36765339176496986,229.42786459393938
-0.10436615626666765,-0.9945389411310759,0.9995462806873573,-0.030120304846908114,-0.515738626593742,0.5282007925705994,0.0,224.25315442392633
0.11672642841522392,0.9931641057294739,-0.6084768701151264,0.7935716089521472,-0.1522846827081022,0.4189980499204788,0.10317317779361446,203.2762266375396
-0.6204543792874926,-0.784242541069389,-0.7295575540864876,-0.6839194216246105,-0.7165769843983508,0.5578233979120217,0.15080334612834853,239.92110514849483
-0.8752038729106179,0.48375425666577343,0.9307239310379795,-0.36572252349726897,-0.6921151831312241,0.18821673360697,0.16199136417949025,247.64494604170258
-0.06783710440917466,-0.9976964103700978,-0.4482293417404106,0.893918596519257,-0.06612584414886921,0.3604867542357564,0.43277932594710894,194.38773181947306
-0.5700255936951253,-0.8216269363479509,-0.7638886127905429,-0.64534811322955,-0.7024722263775138,0.6520109097351551,0.38129634377109084,242.4912666942759
-0.7721460005119439,0.63544516198757,-0.9951053111006974,-0.09882013873287211,-0.47836223267725636,0.5019911977430114,0.16354410843639908,223.74333017377737
-0.615440935406792,-0.7881830085872271,0.9700639218515071,0.2428497220959356,-0.5316120923342686,0.6646715766161541,0.610016895631974,230.97448791316512
-0.020916506197049305,-0.9997812259532126,-0.9999166586547379,-0.012910296075008843,-0.4121050122606907,0.23437001799010848,0.44728421557266185,212.51889574942206
-0.5776508918942601,0.8162839255392488,0.9141279881853337,0.40542572835999735,-0.34180012084352085,0.4654953583625498,0.31820376674444595,214.48970249418136
-0.13806553771999291,-0.9904230950932481,-0.6152845999633277,-0.7883050558305253,-0.7644325309582675,0.3600996781874734,0.2893207998753169,231.69276415886964
0.4317039343512092,-0.9020153618789909,-0.9995462806873573,-0.03012030484690836,-0.44546567982117125,0.6874772996708579,0.2550703222741377,219.6245077860051
-0.46025392580918484,-0.8877873190000144,-0.13727877211326517,0.9905324521322227,-0.0862247695791222,0.29046446202732523,0.21740292986398704,189.75498993895127
-0.5353738949033311,0.8446151742989448,0.8800122039735357,-0.47495107206704995,-0.772636216530737,0.7085149891370259,0.4218267056870703,257.0039223168839
-0.9672393192685168,-0.2538663019405613,0.051619667223253764,0.998666816288476,-0.15978733357922237,0.43309668544210594,0.3683075245278303,211.54645852726654
-0.12384852440428669,-0.9923011352421607,0.8674563547295969,0.49751328890718066,-0.34449981566000254,0.3790778840076563,0.39191457766967375,202.33688020909142
0.8262977928456957,0.5632334840351129,0.8115390590073611,0.5842981736283684,-0.3453672320473497,0.28174331190304225,0.25348270179687193,202.10164528847284
0.4620248217773686,-0.8868669934446713,-0.9997685019798909,0.021516097436222233,-0.45774388050340803,0.36831450208066635,0.41002115812201495,229.71497982778726
-0.32156806595517406,-0.9468864657169036,-0.4862727071086902,-0.8738071036110807,-0.8237857404680038,0.17095616640382666,0.23196163013756682,253.57517810597452
-0.3382138302594872,-0.9410692881085891,-0.9741004551724206,0.22611568550828803,-0.38515647769142025,0.47093763299050906,0.44833874531262075,196.54835195404843
-0.7901591605731787,0.6129017057916298,0.9398560579418954,0.3415707691678556,-0.4802361021146278,0.7343571981153978,0.18564343870739883,231.70013877832858
-0.9784393484428822,0.2065343589301021,-0.7176769136759615,-0.6963762255968726,-0.8005800324035411,0.5623077523840256,0.2983801202820156,267.6192340110123
-0.6567059643320412,-0.7541467207451902,-0.989932495087353,0.141540295217043,-0.39461548157866,0.4565947837240973,0.3003982477894233,209.92639598190033
-0.220777603875508,0.9753241766853672,-0.2967128192734901,-0.9549667548552553,-0.8029964393596384,0.5623622993164016,0.32217887779997995,250.763700293937
0.5259266842487033,0.8505299070551046,-0.6420547132365636,-0.7666588193001592,-0.7245121249184635,0.836068803662531,0.3081351476776818,252.2110597687924
0.23500507253539973,0.9719941439549065,-0.7909456567567774,0.6118864012687242,-0.24582721324643664,0.04370416329857667,0.6076225078745365,204.04860884738284
-0.2271487392132155,0.9738600773590869,6.432490598706546e-16,1.0,-0.08042865664767873,0.3157105475583217,0.5618783102722491,189.28084626330633
-0.7716786815449297,-0.6360125882787847,0.9997685019798909,0.021516097436222254,-0.5943228272047761,0.35050162710682403,0.3576687151666116,245.04338042155638
0.9403400265072915,0.34023614527011414,0.5737722679043246,-0.8190148866680801,-0.9062611005871547,0.1740270607286946,0.3579697571692412,250.1261773419507
0.9933758750162459,0.11491027341237983,-0.12020804489935275,0.9927487224577402,-0.10017203931376743,0.501267697557626,0.35556139268088155,158.5608002749033
0.5189733726162244,0.8547904061905126,0.9844738167520922,0.1755314904214282,-0.45283121896438316,0.47978335397405714,0.2954238079834266,222.31877274581075
0.6121962741003623,-0.790705837829489,-0.3697245428906732,0.9291414114031743,-0.11119819012062544,0.26793451145532365,0.22672796999057732,175.29220592638274
-0.3065818192221837,-0.9518443087618984,0.7236440382959124,0.6901733882429719,-0.3237194246234234,0.39984349816271075,0.2913261842447874,197.60457390410937
0.8159934490061798,-0.5780611483043978,-0.9070138128026362,0.42110087079608916,-0.29802014394413345,0.6316517170609857,0.29240768410532364,196.6845459245062
-0.4534682166344078,-0.8912724479654971,-0.4093559588156211,-0.9123747579707274,-0.7941266855720179,0.3934835008932535,0.30930421082227233,234.59637012945277
-0.36011170932874453,-0.9329091900095796,0.8115390590073611,0.5842981736283684,-0.28483386428470603,0.2927256884654005,0.3172774928654802,199.72878922072113
-0.7021443955661901,0.7120345832717604,0.7638886127905428,-0.6453481132295501,-0.8511430286246816,0.6359835458285725,0.3958184580502395,243.8787676588438
0.3518953877626051,-0.9360393346817247,-0.154308820664281,0.9880226656636976,-0.09846023196919136,0.31029331042052577,0.44034223272991524,192.48144133699702
-0.9090477122595191,-0.41669204076360106,-0.7856498550787144,-0.6186714032625032,-0.7437046803502828,0.657046297297183,0.5576393221260596,252.11816812488243
0.6672684188625593,0.7448173314233901,-0.8958392907349089,-0.4443781781046134,-0.5597490953363347,0.7332845574306406,0.40754448093631973,218.64859617139217
-0.9507426632687207,0.309981270790188,0.895839290734909,-0.4443781781046132,-0.7123101750562764,0.4640425088517115,0.20066410896062178,261.08055562860756
0.061054619671013804,0.9981344265262209,-0.9997685019798909,0.021516097436222233,-0.37948171844620776,0.5495935888377873,0.22145353073308544,233.63949442386317
0.4597406810556015,0.8880532113463313,0.11165900712169512,-0.993746580436178,-0.9186087435555126,0.6401353445280189,0.4750619493466649,263.56940999760064
0.9805592448376145,0.19622325897682769,0.008606996888688698,-0.9999629591162655,-0.8978344670816608,0.3613119248721423,0.27741999021880726,256.1330107922971
0.006287288500908273,-0.9999802348063217,0.9932568492674143,-0.11593459959550041,-0.5463023393561635,0.015,0.3960759108766812,223.7473007745486
0.9633515137930523,0.26824216833420234,0.717676913675962,-0.6963762255968722,-0.8372565890367133,0.5193333120022169,0.4287283843826063,232.41812033536314
0.6839903730782421,0.7294910345825281,0.8115390590073611,0.5842981736283684,-0.27314588643234156,0.39601498801499097,0.6499769517059355,200.6813483077018
-0.655765386232168,-0.7549647397195286,-0.9368813462954315,-0.34964745525122826,-0.5355906042585407,0.4973232677030852,0.1334312229028098,239.67516941399575
0.9167111502687082,-0.3995505812447555,-0.7236440382959124,0.690173388242972,-0.23175740244478024,0.5352277767610613,0.5682172260164193,175.25004305269294
-0.7342421697731533,0.678887646173365,-0.9338372288229252,0.35769823883312546,-0.2727183776712166,0.015,0.3449823795879744,209.63863059401302
-0.9999994336516004,0.0010642821423774162,0.9242907221930933,-0.3816892202666588,-0.6736254109205645,0.39331659811043496,0.4468870226948566,250.58546613514793
0.1357980957464305,-0.99073653268245,-0.5595892624101763,-0.828770087174504,-0.8403782610419543,0.24638729039949867,0.2750937169085175,249.01605338738764
0.26571474949193397,-0.9640516956587125,0.9997685019798909,0.021516097436222254,-0.5212756818871741,0.6635994481360117,0.4518564345848852,229.43384581629215
-0.9279390592710923,-0.37273194426971257,0.3456123126707335,-0.9383773917408641,-0.9233609100419004,0.6122216210095834,0.32765737405575485,270.7872475499507
-0.7630844011142625,0.6462988447893803,-0.7694148268839381,0.6387494220515268,-0.17110353542616413,0.38852037516221133,0.3650662872617479,205.64462011212393
0.17907127176600363,-0.9838361040478775,0.6932812268869777,-0.7206671495538609,-0.8556975472719546,0.33028624871228257,0.22661109775799884,257.9343659168719
-0.9999048313456254,0.01379595055356635,-0.10310169744743544,0.9946708199115211,-0.07018882244096206,0.47606277269537295,0.2195824046069038,220.67097112729522
0.904530492466823,0.4264089447909444,-0.7412220108485957,-0.6712599575675315,-0.7165808834352597,0.6529505718561457,0.46417782509258687,227.66464587260683
-0.9428072466246159,0.3333384101961708,0.6807734094770161,-0.7324940716135789,-0.8589276470589795,0.5659149636449139,0.04221012630749699,272.2037651702776
0.7933931258557582,0.6087095759431004,0.9859481499638304,-0.16705162550211924,-0.6194702931626348,0.5851079968224762,0.2983248843489981,231.63775783963092
0.7479117140548299,0.6637982132994682,-0.9536809966304455,-0.300819807635668,-0.5946410044933832,0.3578668985059797,0.4858629854474825,228.27842062547907
-0.9829408664628366,-0.18392186666432025,-0.9999907397361901,0.004303538296243821,-0.48410896774425927,0.5121960945464155,0.1964106663595121,245.56051321082978
0.5825617897988492,0.812786417865334,-0.3617137307297674,-0.9322892131745134,-0.8219265975705713,0.37640330478058387,0.37412844612913615,260.3104435108467
0.14687389220184485,-0.9891552253258742,0.7748840413670407,-0.6321034111873487,-0.8175479023370592,0.32518893861638865,0.20055795768347406,246.15974359754549
-0.3534248148648157,-0.9354629336525155,-0.9741004551724206,0.22611568550828803,-0.3843686512279676,0.6381205884840087,0.37073037434834877,212.97515175015744
0.6901943600399985,0.7236240359254086,-0.47115950767386394,-0.8820480249558535,-0.8025844273253468,0.820485792649895,0.034764264137951306,243.85304130683593
-0.23917361484091645,-0.9709768184482722,-0.5234156073655503,0.8520775211013093,-0.13513341617737934,0.723601313829216,0.44173706675635127,197.22733831311402
-0.8857942618727985,-0.4640781460414012,0.26366549272800704,-0.9646141756912435,-0.8674644400572125,0.14935204818069497,0.3392314465794227,269.6644870163796
0.22578853084559133,-0.9741763389338655,0.5737722679043246,-0.8190148866680801,-0.8812232098324304,0.3497732619701125,0.6108490821785008,275.15574626240317
-0.9349608949055479,0.35475079280731275,-0.594726686960764,0.8039279618328208,-0.21553021289543725,0.3275542323434401,0.5007418056504549,213.10573210589558
0.47685647471751136,0.8789811730179364,0.5947266869607634,0.8039279618328213,-0.19119981418105098,0.30583492499627074,0.24780598327811665,216.11292430453656
0.9664286248644898,-0.25693523122088835,-0.49377555015997737,0.8695893893466109,-0.1315947391138812,0.4434791241045347,0.5344754982339054,180.7551431115072
-0.9999125777656307,-0.013222587722964843,-0.060213277365792774,-0.9981855344718586,-0.8963429976140488,0.6900674545548089,0.15732532383001233,276.3536934213382
0.9149528476338521,0.40356075949812686,0.995918996147179,0.09025161003104117,-0.5769569003389209,0.794236188726522,0.354998607289951,215.44486981411978
-0.9999986629280112,-0.0016352804621089254,-0.10310169744743544,0.9946708199115211,-0.0615250963273404,0.07071262368101125,0.35699842225429734,204.90737041694877
0.3901729913172951,0.9207415689793277,0.7469720876965552,0.6648553979642865,-0.24488367718088921,0.6574165913303586,0.1893904752396263,206.16550651588696
0.6075730589791266,0.7942637962306647,0.6744436188329455,0.7383263540031065,-0.26233427428928613,0.5081724663410445,0.27359591664701155,201.82036122006255
0.9312248879371738,-0.36444506868168486,-0.2967128192734901,-0.9549667548552553,-0.873638275511474,0.47767510601130736,0.4426391953507006,233.2224393298558
0.17855605679037398,0.9839297406743394,0.9984354211555643,0.055916990100603484,-0.6087328914698574,0.3992769526042591,0.16615612932321985,235.71141664785213
-0.7532556975648853,0.6577277963459032,0.26366549272800704,-0.9646141756912435,-0.8513171168333256,0.07887907850407987,0.38212148162039716,266.1781993213033
-0.19020562983100903,0.9817442734136976,0.9338372288229252,0.35769823883312546,-0.44122263462341593,0.3746183441808584,0.2897376212611269,208.3367473374809
0.26966559237902976,-0.962954032281327,-0.8498170915275277,0.5270777086423724,-0.29151835204894766,0.4721983869166751,0.012747888681636788,209.06109322929038
0.930557726532297,-0.36614521380327086,-0.9999907397361901,0.004303538296243821,-0.3953703276442907,0.5885442657800407,0.21288153195943824,212.42101012607006
0.35723182607530707,-0.9340157506374834,0.7116566222817746,0.7025274741691571,-0.267647518990829,0.3718344300060436,0.406897833961021,195.20602075536175
0.8309983511185279,-0.5562748784893021,0.9338372288229252,0.35769823883312546,-0.4165983836945785,0.47756555830871683,0.30097546926563135,200.4079789003082
-0.3271403128038113,0.9449757752125842,-0.9307239310379793,-0.3657225234972692,-0.6167840309509942,0.4481889788168524,0.32291765774072156,230.39979632049102
-0.9571363993568375,0.28963755458543106,0.8880573226294932,-0.45973273945210397,-0.7451184664463198,0.545488776808953,0.22744553952503332,254.97295108153074
0.38496726565457196,-0.9229302272514658,-0.970063921851507,0.2428497220959358,-0.38951486724558715,0.475206821816262,0.5576492358202962,209.3984415364406
0.9966760321513221,-0.08146709111719246,0.9307239310379795,-0.36572252349726897,-0.6890770385319043,0.1768492952103097,0.22197637939985115,219.99591618533103
-0.9352774883471373,0.3539152720511936,-0.7694148268839381,0.6387494220515268,-0.20317111618601102,0.40964264987974497,0.207424805790137,209.51482292826486
0.9250787000546861,0.3797754582712423,-0.4862727071086902,-0.8738071036110807,-0.8058621415850814,0.11154821858582568,0.3938988881977052,237.69282301224916
-0.7579223250802557,-0.6523448084755019,0.8311706263658079,0.5560174366570446,-0.3513371013927762,0.35725126129115237,0.23940966804627753,219.37018487356852
0.8168807191486723,0.5768066319687629,0.1712931441814776,0.9852201067560606,-0.12333247540941976,0.38508328595054475,0.3511616906665556,190.64815729485676
0.9797110752104483,-0.20041509202150232,0.7909456567567772,0.6118864012687243,-0.290879886512729,0.62688295479652,0.4339683473347392,191.35808065409134
0.040329916233744795,-0.9991864179704302,0.13727877211326478,0.9905324521322229,-0.08852297630759706,0.47948065201955287,0.24923694230304316,189.13232390046625
-0.01279569593099478,0.999918131731614,-0.9536809966304455,-0.300819807635668,-0.5967784641841921,0.13006494090110796,0.3800759954273448,235.20804640549193
0.34486907760826396,0.9386507973200817,0.9611297838723007,0.27609697309746883,-0.46671769415156916,0.8122863833229166,0.32926477003988613,233.61203880246737
0.909071445276394,0.41664026135635057,-0.8452490573530634,-0.5343725582809785,-0.6632090301221065,0.5953002276648685,0.25064670110091813,236.59912655564224
0.6622638504629091,-0.7492707070011756,0.8064799463209448,-0.5912614448635781,-0.7889281754342856,0.49658478878577805,0.4316351721902068,252.35432051112392
0.9494515353055581,0.3139136539017034,0.30492122465628907,0.9523775757303974,-0.15692239115484768,0.4668181736706229,0.2536479681192907,196.6553844337043
-0.9086484117981316,-0.41756204776863176,-0.2967128192734901,-0.9549667548552553,-0.8260944266067151,0.35685466308285985,0.26959256988740243,256.5335842305791
-0.9906655797702084,-0.1363147426310039,-0.661634618242279,0.749826401204568,-0.12975820315467662,0.4666287914688397,0.13065522981179586,221.98093234378382
0.9485477488828443,0.31663412338105384,0.48627270710868997,-0.8738071036110808,-0.9275325334846357,0.6340879412813905,0.5477225142182349,252.57582222485118
-0.16713594235352935,0.9859338602429667,0.9368813462954315,-0.3496474552512284,-0.6261861842714579,0.49379641338330493,0.47945649499999127,237.5368862965741
0.682940493663482,0.7304740119365504,-0.8996308696522434,0.4366512319560638,-0.27688269742031574,0.5086275724168473,0.32489166825843535,211.46704235455823
-0.48767268232925876,-0.8730265488000842,0.3697245428906731,0.9291414114031743,-0.11782396755721486,0.36390751357143525,0.10662146029573108,190.72720752332128
0.8364913083130066,0.5479801922668324,0.8064799463209448,-0.5912614448635781,-0.7540353129766234,0.758923241070952,0.4948680934156243,232.99020412297642
0.36843027577975607,0.9296553834022868,-0.6870527672236675,0.7266075247685652,-0.18890893492208266,0.4038304528458398,0.38835317689492677,194.9420849790197
0.9940807617599462,0.1086436334939382,-0.9175836260593934,-0.3975428142825566,-0.608093092034854,0.4534131504564766,0.5826770219559685,214.62791889487949
-0.9397574577700251,0.3418419526120507,0.07738647923346301,-0.9970011699250151,-0.9127665273533269,0.35362646275947107,0.35689171700958344,268.89761102206944
0.9999904314008251,-0.004374597900580055,0.9275416835791966,0.37371971479046906,-0.3954881480746845,0.3002089605723235,0.5477187120457524,206.55809948175204
0.9607924403637038,-0.27726861802223246,-0.9741004551724206,0.22611568550828803,-0.3358742263610833,0.4326147747774671,0.22802468144736301,196.14714255028662
0.9873673716055861,-0.15844769953734422,-0.8359254794186365,-0.5488429582847199,-0.7421811470846184,0.6454038851208568,0.48271853671772535,230.35698196515293
0.8454821142260349,0.5340037401777951,-0.9844738167520923,0.17553149042142777,-0.3484353506288322,0.2606791186549374,0.2881448675401449,211.7806129767932
0.004522801844207689,0.9999897720794338,-0.7638886127905429,-0.64534811322955,-0.7371783980785471,0.24858342737908362,0.22526877180249183,238.26072672205618
-0.671000693868774,0.7414567208054856,0.9979171608653922,-0.06450844944931623,-0.613902170819726,0.33606041622728766,0.22247176766503385,239.32110606580665
-0.8385202526413277,-0.5448704303871922,0.5380051715382996,0.8429415373547828,-0.21067663183819552,0.3544411972265024,0.17590558263192638,198.81696239513883
-0.9132662969174837,-0.40736307014090817,-0.99665890175417,-0.08167639533042288,-0.47884196045487953,0.4864215631856953,0.23363314855703066,238.91530763898024
0.6396682777687599,0.7686510875659701,0.29671281927349075,-0.9549667548552551,-0.8980144659864591,0.6759541502787769,0.2648656810336298,270.16090128273805
0.9011524533712173,0.43350231346907014,0.9141279881853337,0.40542572835999735,-0.393862963782838,0.5683442792156131,0.3339363611707069,205.13351136016468
-0.8565569726316472,0.5160524708167837,-0.5808002734538013,0.8140460935082175,-0.18328778785191432,0.5224762203178996,0.2198015834952295,200.06839570555383
-0.5374221956206985,-0.8433133365803174,-0.0859647987374467,0.9962981749346077,-0.10224937632336334,0.6095836387341869,0.3521567168721053,184.21423542636066
-0.8297178987528655,-0.5581829525246446,0.9634705485641488,-0.2678143051621742,-0.6992361899450411,0.44319800140973314,0.5751665163507209,246.00917695930724
-0.9490566560748626,0.3151054800539019,-0.8359254794186365,-0.5488429582847199,-0.6264139586894445,0.7122125975347865,0.39134631112313223,263.0859344499032
-0.9615984622329934,0.27446019279877804,-0.11165900712169444,-0.9937465804361781,-0.8657901546506275,0.3965213350394655,0.5140107627839305,264.2004904727462
0.2526627277551811,0.9675544150089499,-0.9988797155850335,-0.04732138832243232,-0.3610255643910666,0.6288600574048892,0.37464490727907807,218.5104289272633
0.593995314949207,0.80446849895965,0.7583058084785624,0.6518989958787126,-0.2512129547670608,0.3015200847087501,0.3376082369107559,206.68094144919107
-0.1638274915248109,-0.9864890029902452,0.9911140639934547,-0.1330147065341959,-0.5861623984937111,0.47717805376584366,0.5301753345937118,231.49457053162118
-0.9997010698038271,-0.024449356496309603,-0.5012418134457756,-0.8653072543632061,-0.8627801790147299,0.7749893475006717,0.3400844238766717,275.52728332790724
0.2564679705721688,-0.966552730103533,-0.32126966169236515,0.9469877530760751,-0.09330810087630013,0.2647198632021577,0.05239758965597241,185.69953815032918
-0.029481337240032823,-0.9995653309086603,-0.39359027665646645,-0.9192859697186105,-0.8799550840087452,0.584308853466738,0.2182749821831767,249.52733985128552
0.35046270461094203,-0.9365766880916819,-0.8311706263658079,0.5560174366570446,-0.1933972753558065,0.3706652142231251,0.42446095074778145,192.28464448600016
0.5233378442270632,-0.852125284685163,-0.14579919691987442,-0.9893142039703664,-0.9373314996734788,0.46549922730839716,0.13212645766056375,260.0966361103972
-0.6297111279209374,-0.7768293862699459,0.28023067519921585,-0.9599326896597447,-0.8877874133877148,0.3470112267781989,0.27978266145704483,258.867214144514
0.7704790187506041,-0.6374653572274389,0.7748840413670407,-0.6321034111873487,-0.7684680649454879,0.020654104050439947,0.0,233.40166927733335
-0.9889455311841335,-0.14827925124889202,0.017213356155834685,0.9998518392091162,-0.23220228430533055,0.7426424759592413,0.29842154851667924,213.5290147325733
0.04126145271895655,0.9991483836345437,0.4559066935084588,-0.8900275764346767,-0.8829060588198051,0.40500899636850773,0.42382083432428225,261.07136204179096
0.13593160834377135,0.990718223236595,0.3456123126707335,-0.9383773917408641,-0.9006161130546113,0.6086436788722048,0.11356385252136594,262.7875520280168
-0.4295744045984028,-0.9030314672888912,-0.9813064702716093,0.19245158197082995,-0.3707996337865814,0.725665293282076,0.25988751179333025,212.9679025069975
0.787623001074211,-0.6161574540479514,-0.7961828637826154,-0.6050560696488494,-0.7148210855280875,0.5984032276294504,0.4296255500839948,236.77838198922714
0.5458949652512247,0.8378536190250443,0.4711595076738638,-0.8820480249558537,-0.8253270013027226,0.4030985337655289,0.048919508505987364,258.21059541199804
-0.9862538665831732,-0.1652371345967376,0.6354323008901774,0.7721565844991642,-0.20715342823870714,0.5078198979522704,0.230912535585648,222.53882493543063
-0.9061196416368138,0.423021506592717,-0.9275416835791965,0.3737197147904692,-0.26246295142189985,0.2030367755252664,0.4976069116290178,213.87543246673118
-0.9927241125977758,-0.12041111355252308,0.3375228995941133,0.9413173175128471,-0.08510274601969062,0.403252200526887,0.29203303326927416,209.86666483799868
-0.6854969125729558,0.7280755337552179,0.06021327736579302,-0.9981855344718586,-0.8610986914145893,0.5931761243958261,0.0029160224271708723,253.71860200832987
-0.7298862032044958,0.6835686727547756,0.8758917051442429,0.48250774176121847,-0.3695305100406648,0.5174035103600817,0.535845634478662,224.5394317861283
0.6730731010956065,-0.7395759599808146,-0.6486295610349818,0.7611042586607742,-0.148169967958092,0.4568183959884117,0.3053198722049846,188.99182763622758
-0.3966455411478888,-0.9179718485266847,-0.9984354211555643,0.05591699010060302,-0.3817054926715882,0.33137461017749814,0.525528393623201,221.05617782885474
-0.1809570788061025,0.9834909941783717,-0.3294084822245302,-0.9441875088341994,-0.904813823265883,0.7206222570548781,0.3235028117148987,260.64979935187534
0.9846583575033853,0.17449332078545468,0.7236440382959124,0.6901733882429719,-0.26190238673221616,0.42545657316271734,0.4655426068753275,174.49314081510053
-0.9995667779833274,-0.02943223321512636,-0.9455963874271428,0.3253420847119795,-0.3220957082896655,0.5362941318247796,0.20824668050917677,221.84934170385688
-0.0114547226758509,-0.9999343925120384,-0.37770796520396466,-0.9259247771938499,-0.808358482704662,0.49076612396026154,0.24160113639523795,250.11806454194794
0.611323064028342,-0.7913811416675278,-0.9175836260593934,-0.3975428142825566,-0.622238871450855,0.6669122418082539,0.14649472058501328,249.76676454435642
0.9997218141453161,0.023585892435905097,-0.99665890175417,-0.08167639533042288,-0.5107846591319355,0.7868554299936023,0.4330264760466538,211.78784185628652
0.6495907556276479,0.760284058890558,0.7116566222817746,0.7025274741691571,-0.24776205893404618,0.8817423258355703,0.19754983306624901,195.6992591622876
0.9028420169878186,-0.42997243209462566,0.9932568492674143,-0.11593459959550041,-0.648337852220833,0.4382054554739215,0.3015290971852697,225.7460750557422
-0.9005445678220069,0.43476370750819915,-0.7469720876965551,0.6648553979642866,-0.24385621401344085,1.0330843376375076,0.38825212634764666,230.3972257212032
0.27825220220612784,0.9605080488821737,-0.6807734094770159,-0.7324940716135792,-0.794259916007572,0.530446869689609,0.22892622952730934,257.86524545886186
0.6488350442756387,0.7609290934902082,0.6870527672236669,0.7266075247685656,-0.2236271906680974,0.7148937773539027,0.6646033312295656,205.83749375295423
-0.734312479517137,0.6788115956768817,0.9657399376548549,0.2595117970697999,-0.4650794112726126,0.4891870629191183,0.29743752942149604,217.08231144890397
0.18002971554091718,-0.9836611721127638,-0.7412220108485957,-0.6712599575675315,-0.661886090911954,0.3838473767550662,0.19885039679820232,246.9136791043588
0.9581652994975608,0.2862154063616241,0.9536809966304457,-0.30081980763566735,-0.7431478309734328,0.3219136598574936,0.3030953499234161,241.82664352704762
-0.9410320937520794,-0.33831730450654984,0.9510565162951535,0.30901699437494745,-0.4717642171601242,0.5094473005745283,0.2483541053555199,232.91851800843952
-0.167589080662044,-0.9858569369045648,-0.41719360261231697,0.9088176373395028,-0.09622414691692932,0.47258614547138056,0.372786213079576,186.31054684344264
0.3273941898071797,0.9448878475673715,0.6807734094770161,-0.7324940716135789,-0.8363550044547826,0.7691616657581768,0.3090675636652999,246.10874015367622
-0.8455807989984031,-0.533847461701582,-0.2802306751992161,-0.9599326896597445,-0.8739660177594483,0.2452776378547333,0.036926075822989235,265.6073705147238
-0.7400096847899439,0.6725962135018959,0.5307300481619334,-0.8475409228928311,-0.8914968619493802,0.5485530770255059,0.25574458325387134,269.0346404794844
-0.05363474104798087,-0.9985606213709391,-0.2135209154397959,-0.9769384927771817,-0.9263260328087156,0.3665330139850139,0.005714261236809404,265.80933752236314
0.921255067929698,0.38895899502884296,0.7116566222817746,0.7025274741691571,-0.267649000641451,0.5009488772000898,0.1539866992078226,191.12845438797652
0.1346061306569369,0.9908991823538698,6.432490598706546e-16,1.0,-0.12483350260749948,0.4790235730380207,0.5041493113906577,198.5871409013374
0.11517989343028624,0.993344649227743,0.9844738167520922,0.1755314904214282,-0.5270262719553427,0.6480365811468435,0.2636163988027953,226.72431112210634
0.996245812336948,0.08656951773629447,0.4559066935084588,-0.8900275764346767,-0.858918057006828,0.7087067051010083,0.2958896844570413,248.61361960451342
-0.6354753473279354,0.7721211581989188,-0.2802306751992161,-0.9599326896597445,-0.8707440639145146,0.21551791893879294,0.3345400225796707,258.3901994237204
-0.31429219235788114,0.9493262968141547,-0.9813064702716093,0.19245158197082995,-0.3800502867094451,0.5029526334203559,0.4555751968487588,206.28590113679053
-0.12980672545261654,-0.9915393154218692,-0.23030567023061196,-0.973118337233262,-0.9431286500199115,0.5427667111052454,0.18686458703560443,274.21641931199144
0.9899597941711179,0.1413492339019845,-0.22192151300416674,0.9750645322571945,-0.014718448374579154,0.4819700807854906,0.40620791012397267,169.76863741531642
0.3139774310694438,-0.9494304465199295,0.23030567023061221,-0.9731183372332619,-0.8560331791627478,0.39426267568901274,0.46751003635521404,260.2675553210345
-0.2569198930283453,-0.966432702554246,-0.9141279881853337,0.4054257283599973,-0.305765759993972,0.5983853721306964,0.035832553286762214,199.52951374079726
-0.538144594454887,0.8428525348238476,-0.99665890175417,-0.08167639533042288,-0.4330955796315299,0.7663376902379968,0.022777958250252417,216.08279861839972
-0.8314059112113735,-0.5556655566100761,0.9611297838723007,0.27609697309746883,-0.40657693004817974,0.36728900446614354,0.28513576439009697,222.5069193444651
0.9155831460620446,0.4021287140296359,0.8674563547295969,0.49751328890718066,-0.3771968866798337,0.5770030828809597,0.3648629114055293,198.00065991046367
-0.9953010232159496,0.09682909265961194,0.2719581575341055,0.9623090774541486,-0.17386301267502147,0.6258575420652994,0.21392782239279529,209.28792049240914
-0.4072147440372116,0.9133324434392486,-0.6084768701151264,0.7935716089521472,-0.08001165433949133,0.58949626828514,0.28116941981076365,190.1204254784047
0.7355831784594854,0.6774344156945681,0.8115390590073611,0.5842981736283684,-0.36092268657167764,1.0512633313995778,0.39179289195187017,201.44721825160394
0.99281611195839,0.1196501894516912,-0.7694148268839381,0.6387494220515268,-0.13932172828330308,0.2920899478739355,0.34555462900133255,164.6985200611984
0.4788627833204519,0.8778897622996807,-0.02581844022713239,-0.9996666485105112,-0.8677832462273198,0.49499470775128096,0.24091910860103696,244.645781011984
0.7117148931927725,-0.7024684411470742,-0.5234156073655503,0.8520775211013093,-0.16816585784508348,0.28985480472094516,0.42441037926942604,192.47624720565895
0.8568353813323283,0.5155900787419049,0.9398560579418954,0.3415707691678556,-0.33493662352211717,0.5054465007648673,0.4720347456227163,218.63379802683644
0.9851678325990127,0.17159353604423347,-0.4862727071086902,-0.8738071036110807,-0.838614338964316,0.3862749143080434,0.2720889577598303,239.87741792687174
0.40369023803554727,0.9148957272360623,0.9721181966290613,-0.23449138957040985,-0.6226107098783978,0.997529528016891,0.126798545781135,240.5784941341311
-0.7426895896467229,0.6696358513628002,0.26366549272800704,-0.9646141756912435,-0.9250189296568024,0.30298681193715715,0.44053383564651977,262.16954908191553
-0.6273487090981018,-0.7787384652069944,0.3697245428906731,0.9291414114031743,-0.23089113848252377,0.6187167983345063,0.10623005303301211,195.81153427319495
-0.5558617208354035,-0.83127477244886,-0.9455963874271428,0.3253420847119795,-0.32569088362722454,0.7670284609458354,0.017479640392751905,191.41317732401495
-0.1293783813635239,-0.991595297707565,0.3375228995941133,0.9413173175128471,-0.02181230119011987,0.11753515109558306,0.40412261579977304,185.1146460155074
-0.23570004551870252,-0.97182585299141,-0.9911140639934546,-0.13301470653419636,-0.49211754825200005,0.6493993834902756,0.3622301842416522,237.86791057049754
-0.10115363747825214,-0.9948708165510326,-0.2802306751992161,-0.9599326896597445,-0.8720737191440696,0.43165640476160083,0.28509889930384047,253.72206346110815
-0.9889545750127781,0.1482189210637279,0.440518784350495,-0.8977433935342337,-0.8587373816707274,0.6697997255349156,0.2997452702659151,278.0314992399335
-0.6524733242155473,-0.7578116924323043,0.5160623910158528,-0.8565509959010036,-0.823564528010407,0.7022437355274325,0.3808117647906123,255.95639300136955
0.5381632517706654,0.8428406222077952,-0.7526668275320083,-0.6584015846980489,-0.7133589012437862,0.7683991164926789,0.2255669756213387,241.31562441396196
-0.38069461314508324,0.9247008227109541,-0.8996308696522434,0.4366512319560638,-0.30918146663080126,0.4391801958037357,0.2437084776327908,190.31087205719072
0.28694147899359657,-0.9579481132258507,0.9999166586547379,-0.01291029607500882,-0.6194996697085698,0.5881758333893913,0.5740356342631756,237.0224962481763
0.5367795688810671,0.8437225221788592,-0.7638886127905429,-0.64534811322955,-0.7131416048306372,0.34518719707312695,0.5138567622969089,258.0088400830857
0.5421313398561705,0.840293764314453,0.8919813464595485,0.45207220393230435,-0.4322898319437556,0.35878467534015773,0.26223587132962844,232.21288766907577
-0.14909061721534525,-0.9888235372695916,0.6870527672236669,0.7266075247685656,-0.3539770266908512,0.21086734464084148,0.4966773285752091,208.46276363354963
-0.31108315928983166,-0.9503826955528268,-0.19667288979357622,-0.9804691603616321,-0.8684162170663872,0.43917634157582325,0.40835824080708416,255.48399916126647
-0.3999806410917128,-0.916523587668022,0.1797665857255624,-0.9837092937736097,-0.8828339749157332,0.41359901998620374,0.2479067788641406,253.15796712772834
0.3168374799734643,0.9484798423182564,6.432490598706546e-16,1.0,-0.04430123089571274,0.38283436385146125,0.23337811797000638,199.7009952777845
0.9704601999478906,-0.24126126982402343,-0.7176769136759615,-0.6963762255968726,-0.7271657999772109,0.6554715283034827,0.6109369660530415,228.8232964400172
0.07662845702225596,0.9970597171555916,0.7856498550787147,-0.6186714032625031,-0.7930210785770312,0.47085985654284734,0.14375390111617434,254.49746109597595
-0.62761276115381,-0.7785256720474223,0.051619667223253764,0.998666816288476,-0.13254169003785166,0.33527175541747134,0.32430423097095984,185.42065200788787
0.4784737908897341,0.878101834317414,-0.6932812268869771,-0.7206671495538615,-0.7591686187573198,0.28969346243710115,0.22912387176195143,248.38866454207124
0.9844398888510976,-0.17572166980437773,-0.9922222094179324,0.12447926388678869,-0.382494779026753,0.21909920216102888,0.11909989543264746,185.525772867357
-0.8209467151211373,-0.5710048081512225,0.47873384011578846,0.8779600847008882,-0.16557250234717055,0.5983630505537055,0.6063716150556681,209.76377108467838
-0.47121782944228624,-0.882016869008581,-0.38566340624360745,0.9226395488404875,-0.09518031762494912,0.3320996231947828,0.2387003287747948,190.988310236725
0.8487934685256687,0.5287245481232782,0.9999166586547379,-0.01291029607500882,-0.5105849043345423,0.5252825501458832,0.27271365122353075,216.2341925011875
-0.5619221982952078,-0.8271900888327187,-0.10310169744743544,0.9946708199115211,-0.15108759070953937,0.5040334116939562,0.22881482640536022,197.67753813481903
0.5523075296116624,0.8336404457164148,0.3212696616923644,0.9469877530760753,-0.10977898274320777,0.5478565141732588,0.27615829408780374,201.82060402327832
-0.9041175491314476,0.42728381358594025,-0.2135209154397959,-0.9769384927771817,-0.8312156750955879,0.49541551257077554,0.03160389172399458,278.2597401751986
-0.9400681106958974,-0.34098672591854085,0.8840675099433636,0.4673592171580022,-0.32279506615752623,0.5645161976002939,0.2919472594909767,221.7360169282431
0.9683410835181467,0.249630819353103,-0.99665890175417,-0.08167639533042288,-0.5707645398012464,0.49262163412518356,0.3702284810346339,212.14763773345516
-0.08040533969908402,0.9967622491586823,-0.9988797155850335,-0.04732138832243232,-0.45038778064641916,0.23346076179713554,0.09205924981248306,237.4469711275459
0.9728267000292263,-0.23153447196960925,-0.05161966722325418,0.9986668162884759,-0.230744266407651,0.33976216118195113,0.2373240139912821,193.70575866113396
-0.4421645149923915,0.8969339672916525,0.008606996888688698,-0.9999629591162655,-0.9264318651105158,0.37152545845432927,0.18769268731316407,256.3845521789438
0.014192520984827485,-0.9998992811018994,-0.6486295610349818,0.7611042586607742,-0.15549950436396878,0.6228100974288737,0.029280637515278762,193.4251389420284
0.0099330325372904,0.9999506662153954,0.9886775902323405,-0.1500553983446526,-0.6130611481108459,0.6397177330119248,0.52783743806461,235.78104328006623
-0.9969017240880597,-0.07865718346250547,0.8674563547295969,0.49751328890718066,-0.3687118711878536,0.5482312649713297,0.5199311531948334,226.13622429562787
-0.3705506576701971,-0.9288122577249852,0.04302223300453059,-0.99907411510223,-0.9019902480198622,0.5061885461842441,0.30531552362597497,269.20824536551197
-0.9298159438071144,-0.3680248777488895,0.9760105506323683,-0.21772323039653177,-0.6630999508539637,0.4729195349007932,0.3762019706755473,251.4219829766337
0.6558118136341515,0.7549244101881226,0.06880242680231986,0.9976303053065857,-0.07555096959654939,0.7152339834876298,0.24472232313020575,195.79889814239036
-0.6659806662321203,-0.7459690021743673,-0.9510565162951536,0.30901699437494723,-0.3365057421309452,0.597226729558771,0.3369606784773149,220.66945566813035
0.13088994055745115,-0.9913969051095868,-0.33752289959411347,0.941317317512847,-0.10542281804933266,0.6338847373408478,0.28015283534447,187.55337850439128
0.11600528400855464,-0.9932485963151897,0.9338372288229252,0.35769823883312546,-0.4527611591990228,0.18074746285190213,0.09312210510397179,220.31743121925345
-0.4383022542878504,0.8988276441488593,-0.4862727071086902,-0.8738071036110807,-0.7981695949725353,0.43340565962361677,0.49085454862281175,256.884534441762
-0.9876530826131324,-0.15665691304496293,-0.9611297838723007,0.27609697309746883,-0.3155046538249462,0.3758646287290041,0.4903376864058633,236.6055772585951
0.40413119615396204,0.9147010310998713,0.008606996888688698,-0.9999629591162655,-0.8337712130958633,0.7688032855184548,0.4900212721412248,267.7997523696955
-0.1027446764548867,0.9947077618377071,0.1457991969198751,-0.9893142039703663,-0.9358320023398238,0.20573039116556466,0.11417669040162931,261.95881638537094
0.6699611931525524,0.7423961204570027,-0.858763958275803,0.5123714121284235,-0.2779516264234481,0.38928476762291975,0.3459925623699037,217.82154520758593
-0.9683326846156932,-0.2496633972070484,0.3456123126707335,-0.9383773917408641,-0.8647545546063279,0.46352301686436526,0.38333888302588515,282.4540791875035
0.9774540764673283,0.2111481195687104,0.4559066935084588,-0.8900275764346767,-0.8617100600740407,0.34044984578998505,0.2963711020713209,235.97488324168816
-0.9847939875879367,0.17372622718130631,0.3375228995941133,0.9413173175128471,-0.10421547752370203,0.6603078830944291,0.2358546484002303,206.9312498106192
0.823809717103953,0.566866430479972,-0.9587178169872964,-0.2843591872810036,-0.5139406130036651,0.510827380103574,0.2275075306477949,210.44641630529682
0.9289444332189142,-0.37021917831413087,-0.99665890175417,-0.08167639533042288,-0.37772194314375723,0.31498256821676884,0.5472244027785442,208.27923158434982
-0.8958531390860505,-0.4443502595809633,-0.9886775902323404,-0.15005539834465262,-0.45028043693087527,0.8037894353242784,0.4818732797170254,239.39458206224583
0.6490264740228076,-0.7607658220619022,-0.7961828637826154,-0.6050560696488494,-0.6939701750191791,0.5405412277937814,0.2641093310034475,236.92591105845796
-0.7208531915501147,0.6930877839292896,-0.858763958275803,0.5123714121284235,-0.1716418800931442,0.5306670914084012,0.16275682836674452,206.8549289362239
-0.12893364954705097,-0.991653222661268,0.7909456567567772,0.6118864012687243,-0.33882365753266286,0.38130248396360916,0.21081376126601004,203.8728942452697
0.9024580120607956,-0.4307778272697853,0.9587178169872964,-0.2843591872810034,-0.6424943661426177,0.39398399222227515,0.3626397514286288,238.87595213829235
-0.9897678772982536,0.14268689171927937,0.3131070409358269,-0.9497178427914316,-0.8839808471832471,0.39910759101346793,0.21470949859757477,288.004528932031
-0.36593726340586064,-0.9306395216468242,-0.711656622281775,0.7025274741691566,-0.14832028369758227,0.5574206405136212,0.470104986197997,179.52199677274407
0.9088392326134735,-0.41714655609575935,-0.989932495087353,0.141540295217043,-0.38884674341164677,0.6716598597371883,0.5018842259263397,200.7174753196372
0.9265554094415175,-0.37615830874069756,0.5947266869607634,0.8039279618328213,-0.25131644581716955,0.6216190859420484,0.465816759597411,186.75238165349666
0.7292868415780718,0.6842080843581727,0.4327755925504312,0.901501684131884,-0.16085108079389676,0.17999723301826137,0.36114722731423293,190.063707651755
0.6280984176591728,-0.778133907328323,-0.5877852522924734,-0.8090169943749472,-0.8638662120260906,0.516072214152051,0.231225885482149,253.94039408021467
-0.8569624127358602,0.5153789122169565,-0.661634618242279,0.749826401204568,-0.190945357917627,0.38840595195576955,0.12279675749777944,216.1516550964082
-0.9313869885468128,0.36403059976559565,-0.3536761221763721,0.935367949313148,-0.06560599145010343,0.8158314098593793,0.6189771662116459,208.1299978216281
-0.4131703717513358,-0.9106537453427965,-0.8263541987239094,-0.5631507242749187,-0.676801441779698,0.7754895814020756,0.46888361857732014,244.24170273551337
-0.9164470537469894,-0.4001559666910673,0.39359027665646673,-0.9192859697186104,-0.9312062580488134,0.3892015030148718,0.27847302585545386,272.98090703487736
-0.3242249052376708,0.9459800266515268,0.8880573226294932,-0.45973273945210397,-0.73932728201425,0.7383304330213399,0.5704331392421823,242.58166243438353
-0.9503054729439894,-0.3113189812598981,0.9988797155850336,-0.04732138832243185,-0.6423206320235946,0.6648496060877049,0.1856093654010055,254.79529835990348
0.2893341311056754,-0.9572281653698473,0.26366549272800704,-0.9646141756912435,-0.9240711180469582,0.6980608028047145,0.35220117991271055,265.69665099340295
0.979530821028,-0.20129423900403154,0.9984354211555643,0.055916990100603484,-0.49820407264854893,0.6537658387134149,0.20609654511538747,205.40578676070243
0.6025896782805331,0.7980511760719131,-0.9760105506323682,-0.21772323039653224,-0.5519320957357088,0.622030019954748,0.07598969818784335,224.90498368111426
-0.20429793172859612,-0.9789087572861006,0.4559066935084588,-0.8900275764346767,-0.8560685815073614,0.7323013833245299,0.1941844213488272,241.63034501007255
0.9992144288581492,0.03962985190084434,-0.7236440382959124,0.690173388242972,-0.15744877094994097,0.5991745509535834,0.4647732495147975,172.69448511774434
-0.5409637800236128,-0.8410458897721124,-0.154308820664281,0.9880226656636976,-0.14177642579445865,0.5301136230578114,0.35430967822789516,188.33367228340293
-0.2761352130346628,-0.9611187981317926,0.11165900712169512,-0.993746580436178,-0.8179844105787195,0.5006159573049604,0.5402825684353014,260.9112852224296
-0.8550987884056148,0.5184651020726945,-0.9398560579418953,0.341570769167856,-0.2712950440190324,0.6923419719242776,0.4720702676264984,206.17268271034476
-0.33925633453105764,-0.9406939669629816,0.26366549272800704,-0.9646141756912435,-0.8829825052033393,0.5294431454130972,0.23601466965772477,256.1908437110576
-0.9190192773478598,-0.394212592217724,0.8214765533024142,0.5702422926917871,-0.36878007311238653,0.4542094785199917,0.09168469077545552,220.8525023614796
0.03583697078631017,-0.9993576494553195,0.24702218048093552,-0.9690098257244062,-0.8641228555426457,0.4283893205656287,0.264788739857178,262.86678020998056
-0.9301475535504208,0.36718595918712227,-0.622046748440868,0.7829801036770624,-0.21086228308480506,0.09365023348719097,0.32980687062970043,214.99228838251912
-0.19512619400417155,-0.9807781443392009,-0.7526668275320083,-0.6584015846980489,-0.6929966162796422,0.2726107122741985,0.4456010929875509,225.29274651505435
0.9515690788976072,-0.3074350144111101,0.3294084822245304,-0.9441875088341993,-0.951665857650909,0.7600876502028902,0.38224359785624823,262.05944390022387
-0.9795922315484455,-0.20099517379762274,-0.6420547132365636,-0.7666588193001592,-0.8106275165893985,0.9993371440014466,0.08782398995688276,264.77029133413913
0.5662470017430344,-0.8242356052834796,-0.9796136916454901,-0.20089055513063528,-0.49449972522526653,0.3383992471798793,0.40710524038322304,235.17247370502338
-0.5823038914148363,0.8129712036985927,-0.12874817745258066,-0.99167731989929,-0.9869312040517884,0.48304891110364023,0.3187656581867747,256.26483546478676
-0.765491947630587,0.6434454740789857,0.8311706263658079,0.5560174366570446,-0.3547307532100236,0.27063103370479913,0.39300158160001797,221.44545229818027
-0.536695876729218,-0.843775761622634,-0.0859647987374467,0.9962981749346077,-0.13646418668698831,0.2522302495262574,0.15247213829473152,181.13892991264532
-0.8525993228117067,-0.5225652062097316,0.9536809966304457,-0.30081980763566735,-0.6747316906615136,0.5940116400994429,0.22433363993412953,244.303667181884
-0.8329409294149603,0.5533619142164935,-0.24702218048093527,-0.9690098257244063,-0.8868607558989762,0.34222787210122746,0.4399280977291111,265.4913797186186
0.7471010419841992,0.6647104881571554,0.8996308696522433,0.43665123195606403,-0.3811709015212245,0.8692960732379106,0.3440254893943798,213.25001870017266
-0.8372762942703011,-0.5467800353460175,-0.9175836260593934,-0.3975428142825566,-0.5528534271417244,0.5817126689599876,0.3073109067117384,245.30298097179016
-0.61992025230855,0.7846648206576511,-0.7748840413670406,-0.6321034111873488,-0.7884310890910718,0.7499830119798452,0.20352239399065875,255.80570311715985
0.9042842523702513,0.42693089711939974,-0.6994583270516471,0.7146733860429608,-0.2099318503506915,0.2219756161630821,0.3087610202771274,179.65721211578364
0.45526725765363696,-0.8903548304516222,0.9966589017541702,-0.08167639533042241,-0.5927953167150224,0.5328583261541547,0.49595023679346667,225.92157914417785
-0.971824582944283,-0.23570528204766739,0.8631421280499114,-0.5049610547215204,-0.7629529445621411,0.4198508851425077,0.6602937264937951,261.2645134590848
-0.41523073767791574,-0.9097161285189209,0.3375228995941133,0.9413173175128471,-0.16839811352654457,0.4509165367831601,0.2994381635819737,205.649918212851
-0.2380996984425248,0.9712407186694649,-0.8958392907349089,-0.4443781781046134,-0.6979757549688732,0.7586256121841439,0.43705323431496645,240.62282016001404
0.21853365628912996,-0.9758294118691567,0.6152845999633276,-0.7883050558305255,-0.8103457345745194,0.40957267559472943,0.5977977454871172,259.7113575433443
0.999551154883577,0.02995811694528599,0.7116566222817746,0.7025274741691571,-0.2971490867102672,0.27376672147846015,0.15793388831033564,183.23885985990233
-0.9546810097294824,0.2976309286043636,-0.9984354211555643,0.05591699010060302,-0.40374090532073703,0.21013103925999593,0.3010976743425169,240.47083512794092
-0.21834719239870154,-0.9758711511114592,0.11165900712169512,-0.993746580436178,-0.8561812583600239,0.6945315005290291,0.33117272146356613,250.9620598849552
0.47614921072496846,-0.8793645029940597,0.21352091543979612,-0.9769384927771817,-0.9168708362613204,0.32958368681461747,0.5801883525180926,258.49008025249975
0.8686569246369028,0.4954141169570748,0.545240438540651,-0.8382797052177744,-0.8887203383873937,0.3836650876772548,0.12953855630255512,253.54642655008317
0.3763923499530335,0.9264603601324954,0.7412220108485958,-0.6712599575675313,-0.8076095183077742,0.8056371986406583,0.22999920625443843,258.14769578411915
-0.8317134880455344,-0.5552050736467838,0.4482293417404106,0.893918596519257,-0.12989541425579498,0.39018063674278175,0.5568972939582231,199.31294520009004
-0.03515414708237638,-0.9993819019488549,0.8996308696522433,0.43665123195606403,-0.4102095729991512,0.5143117685945862,0.3920262781814773,229.72188795222252
-0.6650634549864554,-0.7467868510100316,0.9209712877166346,0.38963044953078796,-0.4071072428595751,0.4506791036598445,0.4341589317697375,213.55368645087026
-0.9975982672936803,-0.06926541050659363,-0.8758917051442433,0.48250774176121763,-0.28739082320233217,0.20323422215507655,0.24212397315214318,226.95995516588258
0.9975016478700307,-0.07064320559383772,0.9997685019798909,0.021516097436222254,-0.5301458743934855,0.4048766018626083,0.15541451685725693,209.2620201333771
-0.09991373939315946,0.9949961028468784,0.11165900712169512,-0.993746580436178,-0.9105575391771324,0.09594394252707232,0.5175948481387842,267.247667368727
-0.8522649669544332,0.5231103383629107,0.9778483415056568,0.20931464596304847,-0.5225990971638219,0.4785812426184902,0.16520445493441324,239.08746418862987
0.8679559876796463,0.4966411213855028,-0.6084768701151264,0.7935716089521472,-0.1848061247861576,0.6719821862986026,0.06563141919369597,185.57267355602173
-0.7794909955593188,-0.6264134320414451,0.4635502709028509,0.886070621534138,-0.15938196545572703,0.47842135476130065,0.2455584227827644,200.42220703399755
0.14857152402557794,-0.9889016646000335,0.4559066935084588,-0.8900275764346767,-0.9090783185616622,0.6503003888651808,0.641436198766443,267.8183471282113
0.6854589810664757,-0.7281112451235106,0.8800122039735357,-0.47495107206704995,-0.6934181235139418,0.41252801311588366,0.15639803089484808,238.3896423411184
0.9704424845434112,-0.24133251789431776,0.1202080448993527,0.9927487224577402,-0.1530497062938103,0.7946246181459626,0.3631034180353086,188.00731555172337
-0.2379472972146817,0.9712780671611132,0.3456123126707335,-0.9383773917408641,-0.842836168847399,0.45130453556568656,0.28039083375607154,261.0020221548106
-0.6397717890898893,-0.7685649340717557,-0.6287628145958345,-0.7775971469736268,-0.7940951448527592,0.33417926344138177,0.2509198064282571,252.89313807782253
0.9942418150163663,-0.10715975584594066,0.6807734094770161,-0.7324940716135789,-0.8854840143682396,0.712687185035008,0.44659132059625456,241.92008476541335
-0.9951467496400955,-0.09840196482160816,0.8452490573530633,-0.5343725582809786,-0.7781178974086376,0.6926601658305108,0.23617811265352465,266.7801212457419
-0.8986297746275105,-0.4387077935857872,0.16280701293851715,-0.986657932891657,-0.8947840683353835,0.6482353754403387,0.31445756532436697,264.8794785394384
0.07508503048385895,0.9971771348146917,0.5667017562911176,0.8239230057575542,-0.19960545918467243,0.4767331313967234,0.3774358724346287,203.79863400236925
0.8033799709150028,-0.5954667264697577,-0.7176769136759615,-0.6963762255968726,-0.6760960700072115,0.4514008939295967,0.207100321195503,239.4656948331986
-0.37683918855836396,0.9262786977830559,0.49377555015997715,0.869589389346611,-0.25104477525879226,0.5340077072301341,0.16220986349709518,204.14545010557936
-0.7627793832293112,-0.6466588068837474,-0.8406184056344783,0.5416278206559811,-0.22080135608600476,0.44867063374154686,0.24677851253775152,194.09495441947314
-0.9962117222951828,0.08696093583710693,-0.4635502709028512,0.8860706215341378,-0.17896252809331248,0.3922193011466297,0.15816024791293656,215.21533556423424
-0.6079221641547409,0.7939966261448572,0.9979171608653922,-0.06450844944931623,-0.6801118100349506,0.4238061558787257,0.21196260572779108,242.0966410896172
0.2883674788145054,-0.957519815545436,-0.594726686960764,0.8039279618328208,-0.14755621088512905,0.5717164797726071,0.5768099695276743,182.32353809202618
-0.5704134593717554,0.8213577085335881,-0.1712931441814778,0.9852201067560606,-0.09181913869962748,0.4970258963180923,0.1884410427095042,186.70351016245488
0.6716217907561122,-0.7408941693531897,0.5234156073655503,0.8520775211013093,-0.1843288338532713,0.5417290882118795,0.29379820809100343,189.79515096819026
0.8992114998024004,0.4375142039101332,0.717676913675962,-0.6963762255968722,-0.8079506334015689,0.9802340353462465,0.49656266598862137,249.14574601102947
0.049884777899226476,-0.9987549794288612,-0.5524353131676203,0.8335557718385695,-0.0826383806437236,0.6652072703522401,0.4787520106949328,186.08063836640125
-0.6564259905496342,-0.7543904287111095,0.9368813462954315,-0.3496474552512284,-0.6976150905120915,0.6445482537342256,0.42024542595415787,249.1426539504653
-0.43340809295153304,-0.9011977723918958,0.5947266869607634,0.8039279618328213,-0.17659620600467577,0.5281938240806466,0.3193892668405535,191.7771425727906
0.8047647199781874,0.5935939230470857,-0.9483615800121716,-0.31719128858910595,-0.5824470283056693,0.17942627050896043,0.0508822889785564,218.80165136860552
0.876818134848517,-0.48082216920683674,-0.10310169744743544,0.9946708199115211,-0.09835833412401579,0.33968385583183547,0.3099749171978179,175.16257798685555
-0.3686440016451022,0.929570653609012,-0.034421611622745804,0.9994074007397048,-0.06406133115024938,0.2613009512017798,0.32939684280549764,185.22635071692207
-0.2494731501714161,-0.9683817157214143,0.5808002734538009,0.8140460935082178,-0.21312382167004174,0.18557412332920148,0.6923606555939118,209.61052069917665
0.6900404902144552,0.7237707661024962,-0.8958392907349089,-0.4443781781046134,-0.6368451664609772,0.015,0.21796637581472988,224.19800627178824
-0.7386684316546308,-0.6740689490526084,0.47873384011578846,0.8779600847008882,-0.1879732271098224,0.6220601349234952,0.3832220534631141,197.62502089233487
-0.7964966962369997,0.6046428804538632,-0.9999907397361901,0.004303538296243821,-0.43402212749625074,0.2692937587738157,0.5628940107573204,237.56654619247556
0.8955766083098265,0.44490733714816105,0.9760105506323683,-0.21772323039653177,-0.6377591958452965,0.3098438131928626,0.4632113247151064,225.5431037505767
0.953225891525722,-0.3022588290273627,0.9932568492674143,-0.11593459959550041,-0.6256095493031382,0.4017301099556428,0.3653997208641111,231.32611992081104
0.37987354947736196,-0.9250384242870511,-0.6486295610349818,0.7611042586607742,-0.1490755445080709,0.2609260538182007,0.33501523833412117,189.39120265471254
-0.9819786825408309,-0.1889917115520523,0.2219215130041655,0.9750645322571948,-0.0829136805938814,0.28158794007182886,0.22413179285845203,212.1906488396688
0.0019845332581218907,-0.9999980308119348,0.4093559588156213,-0.9123747579707273,-0.9020588452416578,0.5711679117062591,0.5875262938309355,254.17510448727955
0.2306503702385459,0.9730366934030914,0.15430882066428117,0.9880226656636976,-0.10021043456571087,0.8055340758383955,0.4111094610672483,191.9269406807885
-0.8680594361500541,-0.4964602857337636,-0.49377555015997737,0.8695893893466109,-0.11024404028486685,0.5016601812294988,0.10183885197004802,202.83837809119385
0.8051351204028778,0.593091424566098,-0.9997685019798909,0.021516097436222233,-0.40789899482241915,0.0753825658395483,0.1568322419138889,214.36751147144818
0.1194902169429193,0.9928353781241551,-0.49377555015997737,0.8695893893466109,-0.15639373018626276,0.5003791867148306,0.49378746012011054,190.55339640055456
-0.953542820401881,-0.3012575138648431,0.8359254794186372,-0.548842958284719,-0.7367054922736961,0.5588804324494178,0.38744791938662393,256.31141382947254
0.2718359621190366,-0.9623436027214073,0.7583058084785624,0.6518989958787126,-0.24341038286574143,0.5279216024481984,0.4158728301588611,202.717676029271
0.6574368681511372,0.7535096312560472,0.8115390590073611,0.5842981736283684,-0.29560723548945544,0.24623121273058532,0.20343227128834115,204.36734108155494
-0.9262159455525576,0.37699339809097676,0.16280701293851715,-0.986657932891657,-0.9067189015784782,0.5269839012730225,0.5445292734027922,278.7963625697515
0.6882137594047656,0.7255079747087274,0.26366549272800704,-0.9646141756912435,-0.9425722016808089,0.3738768266401541,0.1474568760116129,262.09402367209117
-0.9960068003574831,0.08927739714871089,0.9483615800121715,-0.3171912885891061,-0.7048884823420891,0.9407505370052862,0.20692272428921496,257.5467538400903
0.9887521822536993,-0.14956310403487658,0.8758917051442429,0.48250774176121847,-0.38111102116311485,0.48075312554697325,0.2291118247997099,190.0312795540604
-0.4502045587670012,0.8929254477644871,0.8359254794186372,-0.548842958284719,-0.7646663100422265,0.5625941276198372,0.38660615335868537,257.00469879986514
-0.6491685302231353,-0.7606446077952136,-0.6486295610349818,0.7611042586607742,-0.16358974997791217,0.4811391220633004,0.2937755917189917,197.80468077654936
-0.4476138802251783,0.8942269366496178,0.9999166586547379,-0.01291029607500882,-0.6197637640224651,0.47684642494771473,0.26594960302605486,225.91706348071546
0.502416337832268,-0.8646258285982511,0.5877852522924732,-0.8090169943749473,-0.8660915201414022,0.5964859636532168,0.07846783800452567,260.38339849749275
0.9913491224738024,-0.13125135188035997,-0.594726686960764,0.8039279618328208,-0.1364435738454368,0.3479122505050807,0.21440926632657217,181.9989212040085
-0.6400248953351166,-0.7683541718187472,0.9997685019798909,0.021516097436222254,-0.6524556437162135,0.5974966382108802,0.34213064695892564,219.21068971662208
-0.8867359004912132,0.4622763705620667,-0.6744436188329457,0.7383263540031063,-0.12695633596766562,0.47534597181632393,0.27059264544370387,207.9421331587484
0.9959317842669932,0.09011038279112578,-0.9778483415056567,0.20931464596304888,-0.32534476873735435,0.6568203453631911,0.4440950911805045,201.16292849810006
-0.04736224619818556,-0.998877779127688,-0.9984354211555643,0.05591699010060302,-0.4033948489794708,0.5822331179873831,0.11479098592219777,214.10014088605303
0.9862464831924127,-0.16528119793430227,0.9634705485641488,-0.2678143051621742,-0.708021415204848,0.5986108823421218,0.5711457792980777,217.16766250211478
0.015614100073824097,-0.9998780925087241,-0.8631421280499115,-0.5049610547215202,-0.5694509948100587,0.015,0.502288080203993,230.12330663089497
-0.7896187909227942,-0.6135977224710214,0.4635502709028509,0.886070621534138,-0.21590063709783372,0.4283186054302906,0.47633269500173325,202.67835041654308
0.26882389526421063,0.9631893444878721,-0.7638886127905429,-0.64534811322955,-0.7982478092901069,0.7871631958393042,0.29946249122091834,245.7674674130184
0.8376845915242138,0.5461543052315078,0.9999907397361901,0.004303538296244289,-0.5348133206552297,0.7115668833149794,0.3527668528778712,224.4285138425807
-0.5501076484522559,-0.8350937522903217,-0.7055836101071774,-0.70862667826446,-0.7123660559726203,0.5380908293549902,0.27412348377292495,237.5953610540427
-0.5960259944069481,0.8029651387147567,-0.3049212246562894,0.9523775757303973,-0.10068939923903333,0.4870711085316466,0.39189421027083043,197.71599274004467
-0.7294574678905618,0.6840261709457395,-0.4862727071086902,-0.8738071036110807,-0.7949984766962086,0.6207153630283265,0.24485324299890954,262.24996196947905
-0.509540277861322,-0.8604468055824293,-0.8543221697498269,-0.5197438121555157,-0.6406060268290483,0.6766497296024292,0.37374068306348895,226.44014710533486
0.6502584482735951,-0.7597130711320006,0.9999166586547379,-0.01291029607500882,-0.5198135241989282,0.7430751030537026,0.4766482550319685,227.78134505631806
0.7761293214515649,-0.6305737675983147,-0.6486295610349818,0.7611042586607742,-0.10826838423777303,0.4526649217095124,0.45467858362545277,172.66048296409366
0.7563165433506427,0.6542058439467928,0.6152845999633276,-0.7883050558305255,-0.8855830793287615,0.5269486547353976,0.41905762897916454,259.2701980089041
-0.9978904829460011,0.06491982783246285,0.9984354211555643,0.055916990100603484,-0.5014480835153176,0.5064965037069417,0.4432168015597132,244.45890402782757
-0.559075461542103,0.8291167760342837,-0.7694148268839381,0.6387494220515268,-0.22385772601113507,0.7715229470585682,0.1521795789248817,208.39210338536836
0.5169929472054986,0.8559896567948543,0.895839290734909,-0.4443781781046132,-0.6783213592404144,0.6193498097418482,0.18394701639604674,239.42728474560508
0.9832500847717374,-0.1822615450290358,-0.8064799463209447,-0.5912614448635782,-0.7481797792074317,0.4677096219980362,0.2893366352540288,234.30286324985013
0.9999071751309451,0.013625018225809289,0.8165380514459161,-0.5772916165517272,-0.6924708645286783,0.3450751684204974,0.3627148556470046,220.07239268103038
-0.5966360999646135,0.802511909082361,-0.9398560579418953,0.341570769167856,-0.30079806905264606,0.2621865753117083,0.2807728660749088,206.89776870699342
-0.9946153917363547,-0.10363504485036762,-0.8452490573530634,-0.5343725582809785,-0.7159044179409715,0.2644369210812231,0.31581534738081923,249.9685339477202
-0.901342701769176,0.4331066080856332,-0.13727877211326517,0.9905324521322227,-0.09132434506338315,0.6995305108211444,0.21366551904481762,200.3616536433166
-0.9998129108441062,0.01934278442819129,-0.9778483415056567,0.20931464596304888,-0.3490881111924518,0.40356530970036797,0.17641769893799464,219.0618849571562
-0.8002132540731085,-0.5997155559144073,0.854322169749827,-0.5197438121555155,-0.7342970599377824,0.6596305800210287,0.4643688636672097,260.54445345013994
0.8503432251117713,0.5262284670240784,0.42500033996955416,-0.9051931898913974,-0.9789575273844483,0.22348372140905814,0.36934090728616836,256.41907525305606
-0.9906037374075826,0.13676342871590083,-0.8165380514459157,-0.5772916165517278,-0.706236517094905,0.20026105985977286,0.4276000858787786,263.68022156253784
-0.7151067004558298,-0.6990153123953553,-0.12874817745258066,-0.99167731989929,-0.9112300194344722,0.4720158793930117,0.31249020437110303,248.55071863350298
0.8673643549964438,-0.4976736638416815,-0.1882267098432439,0.9821256058680006,-0.09163554704256864,0.3335771887963868,0.4747018331420888,177.67465870269643
-0.9472091259757798,-0.32061639332417075,0.6807734094770161,-0.7324940716135789,-0.8159130880534555,0.2759891552365446,0.19251950325993264,275.8944824321534
-0.6806568214854036,0.7326024101553225,-0.7236440382959124,0.690173388242972,-0.19583953684146382,0.7679095430933229,0.31549991380418174,188.40527722696078
0.7542904800568296,-0.6565408377973433,-0.32126966169236515,0.9469877530760751,-0.11718735483435068,0.6613083528311432,0.36692305314231205,181.73733693997224
0.8917680355375213,0.45249284059921896,-0.09453674981719933,-0.9955213724144752,-0.8927863551102917,0.4874794969769476,0.2679020735937883,251.08645826455478
-0.9890489031364477,0.14758816756295112,-0.01721335615583528,0.9998518392091162,-0.15988106754705084,0.5915294046404798,0.42351602434281754,218.122090966677
-0.7240840191483298,0.689711775464216,-0.9141279881853337,0.4054257283599973,-0.34711410808989823,0.4036683257421639,0.2467389398188619,214.94427409041802
0.9035823868601764,-0.4284143673548618,0.9106046300942162,-0.4132786077829042,-0.7323291662373811,0.664667086176024,0.21379944194695555,241.7711205681304
0.8262795233795016,-0.5632602855197086,-0.14579919691987442,-0.9893142039703664,-0.8775266899407629,0.5061599925012266,0.1372212767766745,244.84684900610597
0.18636995197126624,-0.9824796389759066,0.8840675099433636,0.4673592171580022,-0.33576696913257725,0.10883679952714305,0.26419925257173243,203.277831263132
-0.9512429953075353,0.30844248066430213,-0.11165900712169444,-0.9937465804361781,-0.9101270136437644,0.34545705306025115,0.5769333707485884,276.8601596437617
0.9259186495118015,0.3777229864414421,0.5524353131676196,0.8335557718385699,-0.2251095738454168,0.5387632940194139,0.27729046345955266,188.21622043099768
0.6343443275304054,0.773050628439042,0.6354323008901774,0.7721565844991642,-0.17417139880525753,0.554606532994748,0.28237880953392747,199.17559450390812
0.810852479746335,0.5852505925577687,-0.9483615800121716,-0.31719128858910595,-0.5252505502593775,0.6147681633123497,0.674619165293783,218.81102569701855
-0.25741251075041277,-0.9663016088722861,-0.2553532951161881,0.9668478136052773,-0.07490332808512377,0.5044981971821982,0.4134553479217223,187.35783402763693
-0.9970196237405222,-0.07714836275843762,-0.7055836101071774,-0.70862667826446,-0.6647193272597341,0.6033018850515829,0.33306783478416924,253.81519198404953
-0.7888903250188357,-0.6145340145929075,-0.9932568492674143,-0.11593459959550066,-0.4647839663180527,0.5246778497750655,0.20318168984692636,226.0525069408578
-0.9733521670168834,0.22931541370683542,-0.5524353131676203,0.8335557718385695,-0.1859620363946442,0.17998826009899432,0.3393054137709629,213.90735016615082
0.9428182266477769,-0.3333073529053044,-0.7856498550787144,-0.6186714032625032,-0.6434604990761555,0.42748221546645915,0.4988468353534234,213.24385749002414
-0.969717161402619,0.24423068374233192,0.9984354211555643,0.055916990100603484,-0.5591369849431007,0.5030390689671748,0.46312738895485367,250.30834129675281
0.797336219348892,-0.6035353786766899,0.9657399376548549,0.2595117970697999,-0.4517626191398287,0.8504888625547427,0.23295944551748576,215.89063266734
-0.9713519506540581,-0.2376455090266937,0.989932495087353,0.141540295217043,-0.47373645192169783,0.35680062209970964,0.7137288260895425,247.60651035261333
-0.9612394626616855,0.2757148806681897,-0.38566340624360745,0.9226395488404875,-0.09461882085250632,0.2148452320616406,0.35958106654855204,213.92227749118055
-0.451330219802095,-0.8923570096622723,0.3294084822245304,-0.9441875088341993,-0.8762157122591661,0.2959522752742908,0.3723020945361284,235.93559442338528
0.9128359216424261,-0.4083265606830182,-0.4014879892059737,0.9158642882672868,-0.0811246622031296,0.776077648957575,0.23941623853821206,182.77390156572852
-0.15354387603386804,0.9881418309799945,-0.9984354211555643,0.05591699010060302,-0.3245281295565829,0.3754707349678743,0.30398145710820856,205.12495891194516
-0.3221986234541178,0.9466720905594881,0.9611297838723007,0.27609697309746883,-0.46173263771438067,0.5471473156596659,0.3985431500235736,220.04653203824498
-0.15270343088961533,0.9882720587948141,-0.994217906893952,0.10738134666416306,-0.42849942797033946,0.32215279285484416,0.5246038222697873,206.9863491043517
-0.8667190636693286,-0.49879661654041146,-0.9398560579418953,0.341570769167856,-0.36822848030888844,0.5020029224704856,0.39424107138645204,217.7750656097726
0.8487281589637864,-0.528829379083596,-0.6932812268869771,-0.7206671495538615,-0.6832185451552714,0.6488334122905393,0.4310898677736168,229.10702365263592
0.9341447372843518,-0.35689439587075267,0.8587639582758029,0.5123714121284237,-0.30736562394354,0.550027608459381,0.08560811723119949,196.7379223683558
0.7808484287824105,-0.6247205225283069,-0.7176769136759615,-0.6963762255968726,-0.7139043344608854,0.3486210144685682,0.5021414680226006,240.3006054423287
0.9423944571413831,0.33450364295355256,0.6287628145958344,-0.7775971469736269,-0.8075964032088323,0.7051555865601798,0.572558279126673,234.03583870710702
-0.8809799368598353,-0.4731536228863101,-0.3049212246562894,0.9523775757303973,-0.09282175281593878,0.6793042234034031,0.4137354465861726,191.9640373764879
-0.07254372149619899,-0.9973652332377954,-0.8115390590073611,0.5842981736283683,-0.19838070880665512,0.6393533632322457,0.528728796681389,186.45930918840185
0.8013638427529746,0.5981772241804145,-0.3617137307297674,-0.9322892131745134,-0.8685967591985821,0.5916168026129875,0.2054772259390344,254.03123864762512
0.9341376873554075,-0.35691284799274314,0.04302223300453059,-0.99907411510223,-0.8801930106737862,0.5923222168583608,0.13866117451058194,249.864262470025
-0.9903340473231944,-0.1387028287831975,0.9427611433904207,-0.3334687789181868,-0.6800701362926362,0.015,0.4813218765137658,262.57798450417073
-0.9909784883668954,-0.1340210266863488,-0.5737722679043243,-0.8190148866680802,-0.7487984725180152,0.3192398584262296,0.0754323359835985,262.6588055889415
0.5148595975565654,0.8572745154289212,-0.8406184056344783,0.5416278206559811,-0.1547839428297775,0.5344859304911681,0.484232970823789,194.38149841423447
-0.40777151529121675,0.9130840001429797,0.5524353131676196,0.8335557718385699,-0.2266423080164664,0.04048490063217445,0.19738110514078872,197.9770785167818
0.5386850611370994,-0.8425072135642041,0.06880242680231986,0.9976303053065857,-0.16947345021038582,0.6527323788495776,0.24049913677487236,199.85068563481425
0.949604646661851,0.3134501795153757,0.9398560579418954,0.3415707691678556,-0.4530847960407688,0.36685263164843995,0.3812945397244777,208.90411058396188
0.26225400899436174,0.9649988781166459,-0.9307239310379793,-0.3657225234972692,-0.6036267545609044,0.6498898268154716,0.06748549075928417,234.36044844950263
0.9872122760711268,0.1594111726776553,-0.8165380514459157,-0.5772916165517278,-0.6996166842893057,0.7164731768618686,0.34221901989276693,229.35029258890995
-0.27279116877065557,0.9620732707235659,0.4711595076738638,-0.8820480249558537,-0.9260107470498288,0.5892271746218387,0.17355415115165418,255.65005620164797
0.9031407835763261,0.42934452953442837,-0.5160623910158526,-0.8565509959010037,-0.8380434885994594,0.1272869417766182,0.4998526286875439,241.57870376596637
0.6815856875287966,0.7317383074268407,0.255353295116187,0.9668478136052775,-0.07385328930071275,0.365523293485698,0.7954442994620552,209.6524142634443
0.12230369425197579,-0.9924927235865859,-0.9141279881853337,0.4054257283599973,-0.2710397801659162,0.6097009413076386,0.2133649413947916,203.83757590041043
0.1499726780050558,-0.9886901414760804,-0.22192151300416674,0.9750645322571945,-0.15313067971074884,0.44035779661215224,0.24889323803389954,193.54328285347253
0.8537780835702399,0.5206370943518418,0.7526668275320085,-0.6584015846980488,-0.7947189828632866,0.4544224380676833,0.4428603569016783,245.8738006512761
0.75217414682542,0.658964379042943,-0.1712931441814778,0.9852201067560606,-0.17722877367684048,0.5576946635798017,0.42237329738273854,183.1813014749705
0.30132768212809025,0.953520648954868,-0.008606996888688009,-0.9999629591162655,-0.8393790367341584,0.6886586100048439,0.26458776055545924,247.36411544482593
-0.08701556021219847,-0.9962069525359464,0.6354323008901774,0.7721565844991642,-0.17975961335578133,0.4881233302377785,0.2250685108158535,185.15794737324126
0.8977319871129267,-0.4405420289986826,-0.9959189961471792,0.0902516100310407,-0.3318576743035023,0.6620438175832916,0.20295035789095583,195.3363226717102
0.9909241020946041,-0.13442255721419125,0.4559066935084588,-0.8900275764346767,-0.9165514874820389,0.4140525368378986,0.18519945417468542,240.16041034612607
0.08094974147963906,0.99671818452077,0.9562348265919056,0.29260033563334836,-0.4491030282565431,0.4350478881693052,0.1760042648266461,234.26278036499767
0.5252040139312034,-0.8509763473508253,-0.9106046300942162,-0.41327860778290443,-0.5971521338857004,0.5798870071575369,0.2773356260130759,240.07040673845287
-0.9601063629856019,0.27963506889258277,0.9951053111006976,-0.09882013873287143,-0.6237010710072088,0.7068285929614854,0.10594539881670348,252.7196583423672
-0.8232839128271822,0.5676298079558232,-0.9979171608653922,-0.06450844944931625,-0.4500088554858702,0.4024119540012502,0.09294059782238986,230.9209856964682
0.6686587967401664,0.7435693737251373,0.6354323008901774,0.7721565844991642,-0.22967250268962233,0.27836431298076436,0.33906862449059766,201.86355729034847
0.9260916888625068,-0.3772985340811568,0.06021327736579302,-0.9981855344718586,-0.8565990509381882,0.23548171163570153,0.5301465214984934,236.9926206167417
0.8829031575977985,0.46955512381810616,0.11165900712169512,-0.993746580436178,-0.8373785505857937,0.3026157802729899,0.2365287929328877,249.02039798879647
0.9849553715150671,0.17280890059142293,0.8674563547295969,0.49751328890718066,-0.3551838789608556,0.5439293439099534,0.2548995183649968,185.40654256874478
-0.11841359841895586,0.9929643597377875,0.9141279881853337,0.40542572835999735,-0.36662151726584485,0.5773892004205404,0.09334460868770267,222.86669067264336
0.4692358773591326,0.8830728686801589,0.8406184056344782,0.5416278206559814,-0.32068549376396205,0.5270097954268399,0.0705976137032503,213.78211370369155
-0.08459105410782493,-0.996415753370513,-0.4482293417404106,0.893918596519257,-0.11169985392905572,0.5002186699643312,0.3903082389659557,183.4470549464359
0.2686061012609994,0.9632501037453179,0.7856498550787147,-0.6186714032625031,-0.7768233123632656,0.46583637946538686,0.3404307188113534,243.16833411091105
0.9609938951419574,0.2765695816605444,-0.8214765533024145,0.5702422926917867,-0.23864619014145697,0.5335951508456123,0.39798458742549914,193.21228775058418
0.1828066450080633,0.9831488852360541,0.04302223300453059,-0.99907411510223,-0.9064200911313651,0.6770801574003538,0.5168084624148447,271.6775116119891
0.8461991273751237,0.5328668096528242,0.02581844022713308,-0.9996666485105112,-0.8968213893602135,0.7344628537658222,0.07776308105201268,250.67352384577083
-0.03084070476755372,-0.9995243123253383,0.8452490573530633,-0.5343725582809786,-0.7601037275337942,0.8115370001522575,0.43556610991345196,253.64146807471252
-0.222655177849912,0.9748972621649032,0.9911140639934547,-0.1330147065341959,-0.5558424807205945,0.23048322330765814,0.4385664097308742,231.48945273635138
-0.165240994366725,0.9862532199089116,0.051619667223253764,0.998666816288476,-0.17156858180159218,0.5879614523835935,0.38049090704003863,191.7641223225104
-0.9473659876461462,-0.3201525971333702,-0.09453674981719933,-0.9955213724144752,-0.8324606610586781,0.4667316924402173,0.4089729433541791,276.95400816986734
0.9070842323366565,0.420949160168088,0.8115390590073611,0.5842981736283684,-0.3140394173445345,0.3553915107246109,0.43591569352890985,194.45640844228723
-0.9974315394877042,0.07162628033891144,0.8406184056344782,0.5416278206559814,-0.29791993545266904,0.6151144131116513,0.2539783732498968,207.52366025659927
0.7538897528555243,0.6570009440932613,-0.9932568492674143,-0.11593459959550066,-0.49487558739905096,0.49906719817452927,0.08640151648187433,221.73343788354808
0.03949337762129468,-0.9992198322311572,0.24702218048093552,-0.9690098257244062,-0.8690149760972975,0.4547683229934024,0.19581654014581948,263.76465726611605
-0.9227854950137229,-0.3853140669535418,0.3777079652039649,-0.9259247771938498,-0.9862355390986497,0.5525101556462821,0.22976977236417634,286.438412280452
0.9269390976338459,0.37521181921382973,-0.6016240632249227,-0.7987793728863648,-0.745596185049505,0.7938000569637488,0.5806085513414074,223.807567798182
-0.37348130658717643,0.9276377060199394,-0.8717063187093217,-0.4900286664290594,-0.6667637057411356,0.4534149685305243,0.33780439606617807,219.5065436388897
0.3794399122779318,-0.9252163817024185,-0.3456123126707333,-0.9383773917408642,-0.8633245234035561,0.20960506829498868,0.28563556919688704,253.6914395174309
0.6138426568148814,-0.7894283961667757,0.9562348265919056,0.29260033563334836,-0.44924482537999166,0.28841779449477245,0.0,209.93750333417927
0.39547734255873174,0.9184757326803379,0.9973249731081555,0.07309512989807777,-0.5395771575713799,0.05327627278109084,0.4547485193142621,239.94566967774063
-0.830492662285802,0.5570295664409932,-0.858763958275803,0.5123714121284235,-0.2861849196146005,0.3549197281060783,0.38179476920644234,212.29562836494435
-0.555047541645125,-0.8318186259718541,-0.9141279881853337,0.4054257283599973,-0.35493758783063956,0.582158638905212,0.33067130987849913,209.6074864993299
0.7859105276036077,-0.6183402320743969,-0.37770796520396466,-0.9259247771938499,-0.794525098182396,0.23013932702623802,0.0018689096584628695,249.11373506583894
-0.9936116256549851,0.11285361032442819,0.9657399376548549,0.2595117970697999,-0.439278965227628,0.4562538267958227,0.4086978404258149,243.67272886277735
0.9927486281856189,0.12020882345140788,-0.9483615800121716,-0.31719128858910595,-0.5721215956474855,0.5209494894216595,0.3069538441316694,209.34597662504657
-0.8997001301913705,-0.43650850591211954,-0.9536809966304455,-0.300819807635668,-0.5664143519046871,0.09940538738654636,0.46505755316872793,240.47573058439292
0.8853602067321262,-0.46490569402325743,-0.2884824328806098,0.9574851883550389,-0.10002386893962616,0.38406299445057257,0.5181769743697745,176.1256739671328
-0.9939111359307029,0.1101846353759896,-0.9932568492674143,-0.11593459959550066,-0.5099956658780334,0.1813907731507698,0.34672607428527236,242.15204366987777
0.013200311024572644,-0.9999128720987916,-0.4327755925504317,0.9015016841318838,-0.09876987579290038,0.2250186004100177,0.3143500219897105,203.01731606177086
-0.2935568815293107,0.9559416076867804,0.1712931441814776,0.9852201067560606,-0.11336138454124484,0.24278981194766547,0.47601968450373167,182.41276736129734
0.6677447905598721,-0.744390283843195,0.8674563547295969,0.49751328890718066,-0.3682295851069914,0.39830898623484495,0.45393337381481164,206.2896014716796
-0.8423392537720221,-0.5389476612388191,-0.9778483415056567,0.20931464596304888,-0.43834248958358996,0.48796552850364544,0.3772339321792082,226.85546263792804
0.053509629301750336,-0.9985673335193723,0.994217906893952,0.10738134666416309,-0.5393976988196775,0.6855412199894204,0.4979523234205433,227.77841338182947
0.0593179378240499,-0.998239140813614,-0.32126966169236515,0.9469877530760751,-0.1224166117100497,0.4825801343935992,0.14378997955843736,184.3740560248915
0.15077808009575985,-0.9885676358057837,-0.8452490573530634,-0.5343725582809785,-0.6947883691122533,0.6199564799450956,0.17865690161986736,251.7458163346603
-0.670404390066316,-0.7419959257164495,-0.19667288979357622,-0.9804691603616321,-0.786933242204477,0.622381621489451,0.07093998855840522,258.22376381125
0.37642849479089113,0.9264456747750858,0.29671281927349075,-0.9549667548552551,-0.9445133983378392,0.3867088727701429,0.27770559678483414,279.19966095832706
0.16821313814512046,0.985750648062364,-0.9070138128026362,0.42110087079608916,-0.3004278488841949,0.7460755323711279,0.4263357023249508,215.69428404167041
0.43627813483971883,-0.8998118631473894,0.7583058084785624,0.6518989958787126,-0.26232490026586297,0.680825176356667,0.31218105829525955,201.24397782200097
-0.8018780285273273,-0.5974877633601604,0.8717063187093218,-0.4900286664290592,-0.7965892283323978,0.5269793549204322,0.04466000522103786,267.36543427815457
-0.7335117979661767,0.6796767189218906,0.5524353131676196,0.8335557718385699,-0.21641590061899066,0.566784423632449,0.3802839097442278,199.70570020645883
-0.7568505687005483,0.6535879563284933,-0.4635502709028512,0.8860706215341378,-0.15687940003451092,0.46180378519190723,0.026181204186171203,205.59578365408535
0.1278404543249377,0.9917947460225798,0.705583610107178,-0.7086266782644596,-0.845314636161322,0.4333518041803729,0.32601967712979446,256.7598164099716
-0.440157209171077,-0.8979207265759761,0.28023067519921585,-0.9599326896597447,-0.913932791509374,0.7125937667619235,0.344680618503499,245.9370338779579
0.961870273035103,0.27350608375569346,-0.32126966169236515,0.9469877530760751,-0.11788459657495269,0.10973554615566283,0.3256269338586682,179.9130614255132
0.7569910649349301,-0.6534252272515046,0.4711595076738638,-0.8820480249558537,-0.8596338357094341,0.37015009534066773,0.15819444161644924,256.3462394802335
-0.8430445229255692,0.5378437806326289,0.6220467484408675,0.7829801036770629,-0.1023425318662226,0.31452884713834706,0.2924348505363825,198.74723960806517
-0.941722755797007,0.3363900284106095,-0.39359027665646645,-0.9192859697186105,-0.9096522179982552,0.67158470807013,0.05227146183239545,274.84352854471945
0.5606982689421438,0.8280201997567954,-0.9209712877166347,0.38963044953078774,-0.27457359829353556,0.4362656906457089,0.3678520855950163,212.18034433403568
0.8188121806545029,-0.5740615061226608,0.9587178169872964,-0.2843591872810034,-0.6380851642865912,0.25951241751600085,0.5676825897595525,238.45709207328233
-0.9427252612589536,0.33357020518061525,-0.9679377830240642,-0.25119006388481957,-0.5265511033990419,0.24759159920822035,0.3964801675029763,242.25990289649965
-0.09641771750966108,-0.9953409585414574,-0.6994583270516471,0.7146733860429608,-0.21866538354120904,0.668011448725482,0.23061567181604276,195.05343680594808
-0.7196284992411874,-0.6943592896187651,0.1712931441814776,0.9852201067560606,-0.18055116297371165,0.34715033109429483,0.3101913384050574,194.3796055870955
0.9936566452381073,-0.11245653104266658,-0.8359254794186365,-0.5488429582847199,-0.7202796028848399,0.4764715903601376,0.14331434007838587,208.03867615593958
-0.3992462081788102,0.9168437518218915,-0.6420547132365636,-0.7666588193001592,-0.749288060660187,0.4647100333666331,0.26785434868446995,257.8327994297291
0.8107590128175111,0.5853800672513328,0.8452490573530633,-0.5343725582809786,-0.7952309867085054,0.6872258910316111,0.26988176282414383,254.93043852212762
0.5344453687958856,-0.8452030216300873,-0.6420547132365636,-0.7666588193001592,-0.8144431362547507,0.7559012509262526,0.06594148936409766,258.2063967090711
-0.8946549720032653,0.4467577431559936,0.705583610107178,-0.7086266782644596,-0.848666740374357,0.18655572856284985,0.2498246451490146,289.11162814550744
0.9962049424077754,0.08703857031409092,-0.8311706263658079,0.5560174366570446,-0.15843019103796913,0.4832425551494162,0.40528268955965174,174.74112079225864
0.22329277830293873,-0.974751422239411,0.39359027665646673,-0.9192859697186104,-0.9035508817109824,0.5368619523542203,0.17064254840557794,255.5023060780869
-0.5586715432496288,0.8293889960465344,-0.5380051715382992,0.8429415373547832,-0.06415646326001673,0.5224192090407784,0.4343006720052328,197.18828799104674
-0.839823217670771,-0.5428599847668945,0.6287628145958344,-0.7775971469736269,-0.7766739639096436,0.5393052623047183,0.451617866651015,264.0138814534413
-0.9795606890310548,0.20114884166955896,-0.9106046300942162,-0.41327860778290443,-0.6197898738363207,0.8754987873208769,0.4288395678659306,253.3489714496907
-0.5848591667139957,0.8111348563035684,0.5380051715382996,0.8429415373547828,-0.1801079388475998,0.6298555614421861,0.20108545919193735,190.220390355235
-0.6579147528471375,0.7530924099910249,-0.4635502709028512,0.8860706215341378,-0.1050223607806556,0.16978157826426896,0.49323786490020255,203.43239988439137
-0.9952494244037754,-0.09735801571495672,-0.9455963874271428,0.3253420847119795,-0.3326714389273442,0.3524614584620475,0.4863014286950912,227.2419003727518
-0.3109614234603566,0.9504225339918603,-0.9141279881853337,0.4054257283599973,-0.26104604719086094,0.6134692948003801,0.2723651824910588,205.40935534423932
-0.9894026858911926,0.14519753837890612,0.8840675099433636,0.4673592171580022,-0.3014962672907806,0.3771621979911647,0.21002115024322032,223.97032692364692
-0.9390763836080855,0.3437085185874214,-0.2967128192734901,-0.9549667548552553,-0.8549768742945387,0.4572297704679532,0.0,278.40951820878854
-0.1878535912035908,0.9821970414697421,0.9483615800121715,-0.3171912885891061,-0.6735475588127798,0.5681482490416981,0.21329743312456495,236.50521682032365
0.34420289275481064,0.9388952916162805,-0.8840675099433637,0.46735921715800205,-0.22240774213351042,0.17164684815356038,0.27143603558825735,194.0895615910396
-0.9120187884681082,-0.41014842372141835,-0.8717063187093217,-0.4900286664290594,-0.6581617761564353,0.6387284588119815,0.6203848085228536,252.97744071143498
0.7583700561661343,-0.651824253852658,0.9611297838723007,0.27609697309746883,-0.34804698471786577,0.3955527304736979,0.04804753009107071,198.5564070057372
0.21697454630785348,0.9761772616971269,-0.801361088174677,0.5981809144059158,-0.28547208151248016,0.5439108965774446,0.3022026289922395,210.16749701492324
-0.9313464487239037,-0.364134305510169,0.4635502709028509,0.886070621534138,-0.21188890216465128,0.5107404017621071,0.21224127113353133,217.29657592879505
0.758955058664859,-0.6511430095816282,-0.10310169744743544,0.9946708199115211,-0.11940060498554514,0.41903780640483185,0.34917780453362357,179.6234934396686
-0.7798520354748522,0.6259638989316636,0.8631421280499114,-0.5049610547215204,-0.8401463534561205,0.13968594203352186,0.5321491154129862,260.7792248283267
0.9493172718547712,-0.31431945112928394,0.7748840413670407,-0.6321034111873487,-0.82454367581749,0.8191874905184999,0.5522726858373115,235.3492965346191
0.9691842222021698,0.24633705249997453,0.48627270710868997,-0.8738071036110808,-0.9314960278193155,0.8183403760803497,0.10764463751988343,238.00332498776032
0.5553674311713186,-0.8316050843965366,-0.5667017562911184,0.8239230057575536,-0.12238801952220457,0.17270462795548683,0.6141965352017511,184.40948315021816
0.18064167842103404,-0.9835489738783889,-0.9307239310379793,-0.3657225234972692,-0.6032666173460279,0.1473015437716104,0.46963223190084047,217.447757996401
-0.8927092411672856,0.45063312210103823,0.7802958510707755,0.6254105729852463,-0.34729810379906484,0.07430666690843388,0.26331039604952217,228.97016275922707
0.47695334410402346,-0.8789286134538965,0.02581844022713308,-0.9996666485105112,-0.9251658913683728,0.4422161249157656,0.13264572023082447,273.1298065663335
-0.7759826373332384,-0.6307542679660216,0.4482293417404106,0.893918596519257,-0.1356827516015952,0.7481277260228858,0.3856657726061945,194.31075350963786
0.7546317164917232,0.6561485902330015,-0.5808002734538013,0.8140460935082175,-0.14883428535681464,0.24667594207430182,0.44333060434671456,191.28420095198058
0.9999968977877011,0.0024908663099845302,0.9844738167520922,0.1755314904214282,-0.5592426707789885,0.5513018466945642,0.2618441333695568,225.53617996137677
-0.9965819975788666,0.08260945528034928,-0.5234156073655503,0.8520775211013093,-0.12161288096220105,0.6491362803511105,0.13282618808156552,208.333809676735
-0.7137138847957284,0.7004373566920811,-0.8800122039735356,-0.4749510720670502,-0.6145261428390554,0.3058108596289154,0.3818818685274161,239.52167584194987
-0.8859066448966854,0.46386357534074407,-0.8674563547295971,0.4975132889071803,-0.2714200974946531,0.5157578147364955,0.22496352254257274,219.3245000324175
-0.34017315993759106,0.9403628136299702,-0.19667288979357622,-0.9804691603616321,-0.8940370943685803,0.5398558631129075,0.39993829391362573,254.26028190902903
-0.46452605292269555,0.8855594537669739,0.2051044998686192,0.9787400799669153,-0.0362887813341745,0.30588447035715266,0.15193605632595006,184.34920951295476
0.9972606008806019,-0.07396819540357064,0.9829265519799822,-0.18399835165768005,-0.6447701165414594,0.1762804276645944,0.34862069080143454,215.58934292919312
0.43200370218502604,-0.9018718319686181,-0.7354170229639858,0.6776147890466887,-0.2521845861389637,0.46949037293066587,0.38465685125052596,202.65964682628996
0.08857036270763029,0.9960699226710135,0.8674563547295969,0.49751328890718066,-0.3693596058485438,0.8329649778126553,0.0649461448280616,211.69036751663037
-0.8844777165331636,0.4665824353276498,-0.7638886127905429,-0.64534811322955,-0.6793549541234164,0.33248455018147155,0.3239312136931908,256.2352217787092
0.9716882122693027,-0.23626683672679608,0.705583610107178,-0.7086266782644596,-0.8234384069226198,0.9375075747422015,0.24082500329754697,237.87087461538874
-0.5882059933835,-0.8087111408579271,0.9679377830240642,-0.25119006388481935,-0.6784899838260291,0.6380539120063871,0.31631641831870516,250.3401199736262
-0.9646178513215861,0.26365204514990304,-0.455906693508459,-0.8900275764346766,-0.8035446508323514,0.2882079245726101,0.723291059558694,270.9281604873529
-0.6738497004211037,-0.7388684465061347,0.8717063187093218,-0.4900286664290592,-0.7661114028401944,0.6354760622278591,0.24075412510824595,236.45123431747447
0.19427922664640154,-0.9809462687087791,0.10310169744743485,0.9946708199115211,-0.1919554808835062,0.2722050048682698,0.600679663617121,202.67011304831166
-0.9223148728897844,-0.38643922581215906,-0.3617137307297674,-0.9322892131745134,-0.8484470574280047,0.4032998079394499,0.09071155303781211,278.93216296357195
-0.3505341694917831,-0.9365499431523692,0.7469720876965552,0.6648553979642865,-0.2548130911257781,0.3216985560394653,0.6484923885121442,201.2403879557268
-0.5452016761294843,0.8383049160929458,-0.8543221697498269,-0.5197438121555157,-0.5993026793456258,0.9483706518181254,0.31272562213263233,226.77475509868435
0.033677694067739516,0.9994327455723471,0.401487989205973,0.9158642882672872,-0.16478557472735694,0.41974640192930124,0.17315944275547876,188.9328041094249
-0.8800991622004115,-0.4747899163779005,-0.3456123126707333,-0.9383773917408642,-0.8248552046042827,0.7596308169930616,0.5538301861423093,255.01834303846533
-0.023539173260316595,-0.9997229152731375,0.9973249731081555,0.07309512989807777,-0.5687089127984432,0.5071347233149749,0.5986112360261875,222.47566619844542
0.5339580003472708,0.8455110016227725,0.9209712877166346,0.38963044953078796,-0.4064431464724382,0.42235301828792104,0.16518348703678995,227.77597709125476
0.004959816314394545,-0.9999877000354191,0.9070138128026359,0.4211008707960896,-0.3962862928482398,0.6480223617141897,0.44013976417098954,218.18064513178717
-0.4470514481362934,0.8945082463114821,-0.04302223300453034,-0.99907411510223,-0.9434130986819986,0.39090838704032466,0.6204991877491804,267.62760878350605
-0.10644051001445581,-0.9943190724449886,0.717676913675962,-0.6963762255968722,-0.8107023843896051,0.25435877549168284,0.23715902443744555,259.0286119949271
-0.9963107043176548,0.08581946435429821,-0.9307239310379793,-0.3657225234972692,-0.6259330648344252,0.7026916461957617,0.5590143637230143,273.67909985054894
0.9272569581692349,0.3744256047958495,0.4635502709028509,0.886070621534138,-0.17079734373030928,0.17601787741993574,0.4098567231544835,183.54340231583447
0.9979373811841371,-0.06419488480670593,-0.8452490573530634,-0.5343725582809785,-0.5669948707380111,0.4164885214153502,0.16546817142963946,216.1673758844205
0.35922995420543785,-0.9332490771501245,0.3536761221763716,0.9353679493131483,-0.15654880487766426,0.4611992189092068,0.5119612608098486,187.89247371229698
0.04403999103366604,-0.9990297689207037,-0.7856498550787144,-0.6186714032625032,-0.6828706372334836,0.7025055270596308,0.07174982001125174,229.24855002171523
0.906571578602465,0.4220520973413528,0.5877852522924732,-0.8090169943749473,-0.8149172384605946,0.5371574437489135,0.40783243748883496,242.59332181040955
-0.3870177216409998,-0.9220722765248989,0.6680638642135335,-0.7441039398713607,-0.8322288836321375,0.4032604626864723,0.23140394096679767,253.20907129853106
0.9063430783141799,0.42254257110021026,-0.9455963874271428,0.3253420847119795,-0.3272119383207357,0.47477199097925515,0.4189565823656924,186.58195580677813
-0.8963863866709585,-0.4432735563858766,-0.9536809966304455,-0.300819807635668,-0.5848370503079844,0.5098579767266386,0.2976337444429241,236.32268170733587
0.7134829447218556,-0.7006725965749121,-0.3294084822245302,-0.9441875088341994,-0.8606334662762847,0.20052474989956875,0.38411022120536653,248.21130711087775
0.8227314912904979,0.5684302008504767,0.28023067519921585,-0.9599326896597447,-0.9204736941883174,0.8040974552345496,0.4578473439688704,265.53804606185855
-0.5579411438162147,-0.8298805215433448,0.6932812268869777,-0.7206671495538609,-0.8243355537400651,0.28955338217537196,0.7165385065552291,240.59759967554675
-0.6953027594668771,-0.7187169628426381,-0.4787338401157883,0.8779600847008883,-0.036284476415802215,0.015,0.4257325203757781,184.2720521931403
0.7260380671808394,0.6876545099134528,-0.9510565162951536,0.30901699437494723,-0.37337571250331103,0.4745101779000217,0.4962042783996312,205.60397413042213
0.8961652364008434,-0.44372048529070685,0.6016240632249226,-0.7987793728863649,-0.81586009366238,0.5469863298972925,0.33964277384577474,252.3503151586016
0.99947368274964,-0.03244005997022682,-0.37770796520396466,-0.9259247771938499,-0.7737186540790362,0.4166575253927909,0.33603930667971166,225.78827748508073
0.5315137615640211,0.8470496569080617,-0.37770796520396466,-0.9259247771938499,-0.836216593245374,0.5465284818048423,0.24840542360126106,248.9829721590081
0.8240122721147215,0.566571950774422,-0.49377555015997737,0.8695893893466109,-0.05724845979963715,0.31400368564589537,0.2390400705036299,184.30097813678168
-0.5686431436053103,0.8225843271243809,0.39359027665646673,-0.9192859697186104,-0.856319797117066,0.3248749575805258,0.23433548291334907,256.5591880865458
0.06515420316878308,-0.997875207533207,0.9796136916454901,-0.20089055513063506,-0.6709799746074444,0.5836954420160492,0.4482949649185525,243.15451383000192
-0.5895160029031179,-0.8077566974783503,-0.965739937654855,0.25951179706979943,-0.3549180465355195,0.6518072605401033,0.40441407467683277,211.16637844908124
0.44828718359298314,-0.8938895910716664,-0.661634618242279,0.749826401204568,-0.1535450843383396,0.5696024265733821,0.45277218477593134,195.26689252861757
-0.8950776973525237,-0.4459102103586594,-0.8165380514459157,-0.5772916165517278,-0.6328607282778969,0.2852691030487301,0.13020203224768914,245.60196153735868
-0.15443452768945273,-0.988003024619528,-0.5380051715382992,0.8429415373547832,-0.09210495109361477,0.3716881627163423,0.27930484608533473,187.90075749565824
0.950290066215236,-0.3113660065784997,-0.8800122039735356,-0.4749510720670502,-0.6423146708950178,0.7772133412375156,0.2974044664102507,221.1342920024977
0.9594450083407846,-0.2818958601504318,-0.5877852522924734,-0.8090169943749472,-0.7782793945195051,0.6187095557561768,0.37718580518325784,241.55697612865538
-0.08418614078371899,-0.9964500457624275,0.401487989205973,0.9158642882672872,-0.2259514876903394,0.26901343912465087,0.3096451619190874,195.43873689122455
0.7883893895594982,-0.6151765359878428,0.7856498550787147,-0.6186714032625031,-0.8287710611560228,0.5453163499526029,0.09955442513102586,247.27759244818856
0.6562799871461342,0.7545174474268106,0.15430882066428117,0.9880226656636976,-0.10303737316641733,0.40863545730308565,0.23982311875387208,190.16731495234785
0.5022570486095034,-0.8647183686739116,0.6744436188329455,0.7383263540031065,-0.28429572143567167,0.6569756736714716,0.2831831634042634,203.07855364318573
-0.998932590771255,0.046191764363665865,-0.7638886127905429,-0.64534811322955,-0.7559826549998072,0.12956401222097239,0.40427298034218007,264.64665367178225
0.9702307243441829,0.24218245505932537,0.9966589017541702,-0.08167639533042241,-0.5414099016940614,0.8507529685082375,0.6953440787786844,206.17745022110154
-0.7219814258360594,0.6919124371968831,0.7526668275320085,-0.6584015846980488,-0.7874255894182199,0.6691199244393422,0.4348935436699647,250.07852238691777
-0.8298988602396145,-0.5579138659085189,0.9984354211555643,0.055916990100603484,-0.5306869722081915,0.47865924442184393,0.17188934463328645,242.57240038451098
-0.21321164011165275,0.977006037095421,-0.4635502709028512,0.8860706215341378,-0.20061638943747956,0.2897506508198718,0.2165169328123132,217.86018452687057
-0.9313003096543142,-0.3642522933871226,-0.04302223300453034,-0.99907411510223,-0.9057951531144223,0.10898921422818271,0.5389196933125507,274.5938741126401
0.5232223110599733,0.8521962292858731,0.4559066935084588,-0.8900275764346767,-0.8553222973071689,0.560994534078846,0.39326191014374234,271.43707869607545
-0.7744552430302883,0.6326287035401548,0.9951053111006976,-0.09882013873287143,-0.5456928039799807,0.19248313932800265,0.37496880807544863,234.8896226339171
0.9986666201685418,0.05162346134405884,-0.5234156073655503,0.8520775211013093,-0.14737920187281803,0.6911755182273719,0.07178608120121993,169.01096713076012
0.8021888436648972,0.5970703971053791,-0.8165380514459157,-0.5772916165517278,-0.6678701296489955,0.4546277018989757,0.2541686086936399,246.8778922350951
-0.9975166145576833,-0.070431553166024,0.9778483415056568,0.20931464596304847,-0.4355621425335102,0.258070149420403,0.3782677419019159,226.7324806684133
0.9536215474185732,0.30100821300922315,0.8359254794186372,-0.548842958284719,-0.8013319878473432,0.5018823008663251,0.062422919407747024,243.1887903194734
0.8643975102203217,-0.5028090535431007,0.4482293417404106,0.893918596519257,-0.21299993331184858,0.785008506079946,0.49494456958863564,185.059976159394
-0.99670595464152,-0.08110018484649803,-0.9427611433904206,-0.33346877891818705,-0.6019316090662148,0.5611634126778456,0.16284577361202154,252.42718135339442
0.23049468025841024,0.97307358528149,0.545240438540651,-0.8382797052177744,-0.8802142377468611,0.2810897494139918,0.4261099281149797,249.6959762592208
0.9935443295521028,0.1134445468714234,-0.9175836260593934,-0.3975428142825566,-0.5970744349564011,0.015,0.34728358940566345,219.93175242301282
0.9156201169301387,-0.40204452672911634,-0.9275416835791965,0.3737197147904692,-0.3341039160203971,0.8645183960292657,0.4431868353661442,202.54171721346626
-0.6967997530625606,-0.7172657137574293,-0.9427611433904206,-0.33346877891818705,-0.6077964496169269,0.5876620730392514,0.22068775421197345,248.17269172143634
0.13036167971049858,0.9914665059713603,-0.655156357209085,-0.7554933140726804,-0.7738294422692761,0.4440874040626636,0.41522283661299125,255.70393313274872
-0.5233485617937939,-0.8521187023345794,0.9307239310379795,-0.36572252349726897,-0.7858315347074541,0.5958085682086751,0.18547814804811918,255.12944329481348
0.1968322550830963,-0.9804371797106141,-0.4635502709028512,0.8860706215341378,-0.15324757218559878,0.7129360206474391,0.1589960676572824,187.69311438627105
-0.8181503961490925,-0.5750042863154005,-0.33752289959411347,0.941317317512847,-0.07233666517484887,0.6070301743278803,0.2116771846940437,189.56935913749692
-0.6929395965297769,-0.7209956418461557,0.989932495087353,0.141540295217043,-0.5169216614671316,0.4076275568645743,0.5643276630650933,235.2257718454029
0.8316932824715868,0.555235340996624,0.9796136916454901,-0.20089055513063506,-0.6374886182788418,0.3838031243007613,0.05389725523391936,229.4775027211366
0.9437162287108738,-0.3307562239289319,-0.9368813462954315,-0.34964745525122826,-0.4978982093536108,0.4906557424663999,0.36506413806840005,211.3451375232678
-0.8964402513261859,-0.4431646147903109,-0.008606996888688009,-0.9999629591162655,-0.8239891319040908,0.5218993689867439,0.4553807745632391,251.94390755246647
0.19952532647033136,0.9798926696821992,-0.9634705485641486,-0.26781430516217486,-0.5609146808973613,0.6705075998228713,0.3819983849678225,245.5362333011093
0.08556460723240193,-0.99633262417185,0.9175836260593937,-0.39754281428255595,-0.7174995717958126,0.4067027115917896,0.5827485702913112,242.14956639457014
-0.9920397975336853,0.12592473986204855,0.401487989205973,0.9158642882672872,-0.11444139847613773,0.07622892967205926,0.2080123118003388,208.08847543726958
-0.8747459272670937,-0.4845818431695853,-0.8115390590073611,0.5842981736283683,-0.3068551901975558,0.15104946614905995,0.22725552211892747,216.95456626886872
-0.953004308874328,0.30295674157701885,-0.6680638642135333,-0.7441039398713608,-0.6834646421473224,0.8016058599098773,0.2614310644425052,260.4143374865248
-0.9796585056024344,0.20067190237002563,-0.780295851070776,0.6254105729852457,-0.22872047581685734,0.4196829528439453,0.5842924397282672,225.67681181505628
-0.04588711895656812,-0.9989466313641915,0.3697245428906731,0.9291414114031743,-0.14593389050729716,0.5249187092942055,0.38520500085969656,177.07001718356167
-0.9656488660394714,-0.25985047145749607,0.5307300481619334,-0.8475409228928311,-0.9149498458872474,0.6570978008270114,0.33323373133144024,279.14692987621834
0.8245852413933877,0.5657377304689943,0.7694148268839378,0.6387494220515272,-0.2770529294058867,0.23260308705312577,0.5295380976748815,194.2988486795575
-0.992717557852079,0.12046514156470356,-0.5012418134457756,-0.8653072543632061,-0.8074736098862983,0.568764675884893,0.6044148865416172,285.8087653848401
0.8398546564098264,-0.5428113448581675,-0.8631421280499115,-0.5049610547215202,-0.6924508080800645,0.39062079117062537,0.3180021610626539,234.45408952395888
-0.7265572190154489,-0.6871059652604807,-0.04302223300453034,-0.99907411510223,-0.8251419605331872,0.7159272558419507,0.3271706158120766,246.6611617296464
0.47224317439264585,-0.8814683115345424,-0.9995462806873573,-0.03012030484690836,-0.484933977449401,0.5241712096855147,0.5873282848876029,224.77689705732794
-0.2979981201480002,0.9545664567688611,-0.7856498550787144,-0.6186714032625032,-0.7016514703309524,0.5812278106987672,0.09404622874224339,241.44703286902435
0.35301229858235383,-0.9356186814346981,0.2719581575341055,0.9623090774541486,-0.15224583872298125,0.5151644791990125,0.08336511424168608,188.5781550185199
0.9182415959839922,-0.3960206704261417,0.1457991969198751,-0.9893142039703663,-0.9026900247020295,0.46673656497446486,0.4093009748448186,251.8678281865266
0.6214779694053176,-0.7834316393558809,0.5234156073655503,0.8520775211013093,-0.16606620573421035,0.915116578413186,0.39835636343093556,202.9964377604421
-0.12503978067467025,0.9921517289451399,-0.6486295610349818,0.7611042586607742,-0.2369387104839293,0.6874546122178262,0.4129737188121369,209.86083096985146
0.4855741012998044,-0.8741955113971286,0.5012418134457758,-0.865307254363206,-0.8284486800651003,0.7090605402848492,0.16676389937966332,259.453667252031
-0.5399008987124931,0.8417285902055616,0.36171373072976765,-0.9322892131745133,-0.8893621939030902,0.24680062585036416,0.4413779323090723,261.13386779482505
-0.6393636238223865,-0.768904517175381,-0.9988797155850335,-0.04732138832243232,-0.5083693683733819,0.5978083138652532,0.44165493620649726,225.90058860335841
-0.9711219204489729,0.23858377066242115,-0.6994583270516471,0.7146733860429608,-0.22478477398586996,0.14641744889341685,0.18607587907790413,222.2309713806922
0.5646493625990151,-0.8253309017094452,-0.5234156073655503,0.8520775211013093,-0.0957740063863826,0.530089564236887,0.4401741214232896,206.85171012706357
-0.1282606414091459,-0.991740494214749,0.8996308696522433,0.43665123195606403,-0.39130383507438826,0.5165499691554057,0.21937499084768747,203.51512975485494
-0.31966896519537785,-0.9475292885662777,-0.9796136916454901,-0.20089055513063528,-0.5133894290339509,0.14158025404286959,0.2862747415437258,222.19975365735147
-0.5490417325643857,-0.8357949365141533,-0.9984354211555643,0.05591699010060302,-0.34700976472881784,0.5151699531073695,0.3340731189474312,207.63315377781646
-0.08187428607309782,0.9966426647901546,-0.5595892624101763,-0.828770087174504,-0.8317656421112675,0.5290606248780205,0.3537321892937493,253.22098602291103
0.7018135451794928,0.7123606865925379,0.008606996888688698,-0.9999629591162655,-0.9907890419195873,0.6761161455390873,0.3347204157960138,270.7807332665941
0.9549370943187563,-0.29680826453124703,-0.7295575540864876,-0.6839194216246105,-0.6528130215869808,0.45687677191633635,0.15575583539243723,226.8859582416855
-0.4005889471228856,-0.9162578760605433,-0.9141279881853337,0.4054257283599973,-0.31776905016932855,0.43631037714809706,0.48608485653862854,205.98867399360836
-0.8288571953991882,0.5594602306107128,-0.9999907397361901,0.004303538296243821,-0.47283830983511677,0.49209689442374377,0.44583582858220594,231.73936386660083
-0.8835709257002455,-0.4682973620011235,-0.9398560579418953,0.341570769167856,-0.35397140336710264,0.15647626253538022,0.2796513002043664,220.29693926260893
0.6140330252618994,0.789280332890488,0.8165380514459161,-0.5772916165517272,-0.7714689424111125,0.34489130522229255,0.30987692946041556,245.26597105489552
-0.9710949306358307,-0.23869360212077542,0.9657399376548549,0.2595117970697999,-0.472932119269043,0.25840426602025196,0.34934735657556865,234.8340367632362
0.45462449706268115,-0.8906832021939699,0.5234156073655503,0.8520775211013093,-0.14351941047631495,0.5701677209430966,0.3960681229603581,189.07915969269345
-0.5264544059087648,-0.850203363025135,-0.4093559588156211,-0.9123747579707274,-0.8396889235593145,0.6166177870764528,0.17073899309311072,249.94732637843697
-0.505271246374659,-0.8629605828698079,0.717676913675962,-0.6963762255968722,-0.8564769246270741,0.034716863506627595,0.0,239.1484775478471
-0.8943709250528461,0.44732610970087183,-0.5160623910158526,-0.8565509959010037,-0.7898046054938864,0.02419495475148281,0.3681947335136201,250.7794555256802
0.26258313990660787,-0.9649093712037348,6.432490598706546e-16,1.0,-0.16535238650919276,0.710153897814588,0.2840906417415079,197.94114878958763
0.1666310357719197,-0.9860193192415538,-0.7748840413670406,-0.6321034111873488,-0.7975253995203069,0.4189222323408145,0.31207045583639464,239.07055630561436
-0.47238082024600375,0.8813945544781364,-0.12874817745258066,-0.99167731989929,-0.8541986249372435,0.7622194930731669,0.5191675388543329,258.9272095539168
0.2504065492343238,0.968140774939553,0.545240438540651,-0.8382797052177744,-0.8336982171698221,0.5977745965605561,0.4025217471157311,273.992716941797
0.9445276301831368,-0.32843196528448276,-0.16280701293851646,-0.9866579328916572,-0.8461703157471157,0.1223893517255227,0.3434478190312751,241.9071073346296
-0.38662346670215764,0.9222376564612863,0.4171936026123168,0.9088176373395029,-0.13672352545266075,0.6829463318618763,0.2783933678729123,190.36678843868825
-0.907154027088053,0.42079872996235135,0.9988797155850336,-0.04732138832243185,-0.6285399301026693,0.3730838032726485,0.32539096887853364,254.07431275373023
0.11799641743306286,-0.9930140207836757,-0.5160623910158526,-0.8565509959010037,-0.7653890592565005,0.8041133237771355,0.2596888029495374,254.414198054387
-0.9806633086292411,0.19570251686769344,0.16280701293851715,-0.986657932891657,-0.9533554382577133,0.1597235269077708,0.3571046933883125,286.00046521290324
-0.7561470160627355,-0.6544017803302656,-0.9679377830240642,-0.25119006388481957,-0.5982504533038986,0.26612180000962293,0.336313405043963,232.02550767856195
-0.7444933628754568,0.6676298620001906,0.9700639218515071,0.2428497220959356,-0.48622379053308784,0.31171052637807317,0.5595498881589266,225.26441727254075
-0.586542134431236,0.8099187147713341,0.8800122039735357,-0.47495107206704995,-0.7325220187387782,0.29859190407943564,0.29562805203435905,239.28909607960483
-0.637214992028732,0.770686092993654,-0.3536761221763721,0.935367949313148,-0.06675103472821797,0.4495242060791103,0.10469801316587679,190.28506033503658
-0.7294381904876803,-0.6840467281246645,-0.9455963874271428,0.3253420847119795,-0.346859048598052,0.241108752587551,0.337440326052404,225.93770422637033
0.701672956184685,0.7124991667076146,-0.5524353131676203,0.8335557718385695,-0.17495721624700422,0.35322932644352895,0.2842695821411647,207.38039372305752
-0.265128518459099,0.9642130826221366,0.4635502709028509,0.886070621534138,-0.18843326935329524,0.2970035242864796,0.07236354775902917,196.6094047475325
-0.6036096434914734,0.7972799999273131,-0.9634705485641486,-0.26781430516217486,-0.5425700542899871,0.8164513156702288,0.5613419831396824,234.6427119848262
0.9995615205939598,0.029610243968784755,0.9679377830240642,-0.25119006388481935,-0.7405073764229586,0.5103941576045854,0.23366313826233193,224.00135182524036
0.5071361854318163,0.8618659347170339,-0.7055836101071774,-0.70862667826446,-0.775466962037099,0.30309543863841826,0.2924171131250701,246.86085168168285
0.8444741601272818,-0.5355962965492964,0.2051044998686192,0.9787400799669153,-0.1184300534488269,0.35173997573159876,0.33399881811173127,182.93254148317797
0.9117070055364707,-0.4108410106789752,-0.9988797155850335,-0.04732138832243232,-0.436952786662249,0.47055028829613094,0.3939482233324317,202.2726635097442
0.9118395423963759,0.4105467682522514,0.9562348265919056,0.29260033563334836,-0.4676989200970247,0.5459233059992687,0.32996332229360936,217.5944819577064
-0.9010700912478093,-0.43367348392386695,-0.4405187843504952,-0.8977433935342336,-0.8008117810342769,0.9501719021464577,0.45829428417088625,277.07298065894787
0.6377158186562131,-0.770271727791976,0.48627270710868997,-0.8738071036110808,-0.8383367854204363,0.7622746860438705,0.2540580381140697,262.2840990484829
0.9987576157632386,-0.0498319671990872,0.28023067519921585,-0.9599326896597447,-0.8687366345212465,0.8751673609953329,0.20459967595635847,232.74551450148897
-0.5145961912205317,-0.8574326562368161,-0.8498170915275277,0.5270777086423724,-0.2361145300845087,0.5224044871261523,0.06961357190988776,187.9007992509724
-0.31285648004766825,0.9498004121351933,-0.2636654927280072,-0.9646141756912435,-0.8785507647981384,0.45383289755195594,0.4503565568538823,253.1329489061358
0.5490554309418958,-0.8357859377575152,0.255353295116187,0.9668478136052775,-0.05135044525910175,0.4508904552134802,0.3518904883276818,185.94114539027834
-0.3332654403826727,-0.9428330426149389,0.6932812268869777,-0.7206671495538609,-0.8234632470517178,0.3956986288626378,0.2842318656288631,236.10789571766165
0.9417019933364185,-0.3364481471879673,0.8996308696522433,0.43665123195606403,-0.375011598952879,0.18554972867145675,0.26767584897722485,202.85104242973952
-0.0027166801660506537,-0.999996309817629,-0.622046748440868,0.7829801036770624,-0.17559007496318763,0.49773786275227605,0.23863515074249053,197.25586508809218
-0.2336630412141797,-0.9723176349169753,0.8263541987239096,-0.5631507242749186,-0.7337539295241376,0.44449050136503815,0.026868751346010078,245.9277636197477
0.25958010846629676,0.9657215785559654,-0.7526668275320083,-0.6584015846980489,-0.7554993815180342,0.6704700507663915,0.0,247.48728141709137
0.0034113339079027737,0.9999941813835562,0.995918996147179,0.09025161003104117,-0.5456932261433862,0.27481773497222617,0.4772917391884013,227.01676850509196
0.9999844012251732,-0.005585454890321859,-0.8406184056344783,0.5416278206559811,-0.2187042406651039,0.1521912976598964,0.0,195.90038094243846
0.9807100805497012,-0.19546799714582083,-0.9796136916454901,-0.20089055513063528,-0.47651074203478594,0.3593475143012769,0.4179397909449989,209.41379273138585
0.9498094452409016,-0.3128290551262313,0.5808002734538009,0.8140460935082178,-0.18258870699326213,0.3939216794141545,0.366981784134967,181.80109992188108
-0.6923881984059201,0.7215251781526436,0.6152845999633276,-0.7883050558305255,-0.8040108268088805,0.6711470893234048,0.3633065719403618,244.17876136928732
-0.6663323323074636,0.7456548953247044,0.3294084822245304,-0.9441875088341993,-0.8314172613250033,0.7424725315883032,0.24835901367565572,263.5942336502223
0.9996727642078665,0.025580549270944882,0.6680638642135335,-0.7441039398713607,-0.839759895397563,0.4349787344970852,0.45636795042305267,234.38185506444015
-0.25481520419591674,0.9669897681519661,-0.7961828637826154,-0.6050560696488494,-0.6291523804838165,0.26533442479153674,0.6127210276442958,242.29585724307475
0.14693899004042713,-0.9891455571380278,-0.7909456567567774,0.6118864012687242,-0.24391387698193384,0.8116828488563901,0.5025610578842113,200.23681435690304
-0.34340785584376343,-0.9391863737005499,-0.4862727071086902,-0.8738071036110807,-0.8277660147188588,0.39854278981427943,0.15592045689083392,236.456197718414
-0.8136686162663381,-0.5813289799272203,-0.5234156073655503,0.8520775211013093,-0.15121956952437754,0.526329284900664,0.01244951489219459,191.98116871239884
0.3376926933680028,-0.9412564182229325,-0.3536761221763721,0.935367949313148,-0.14718042361724232,0.857003078027455,0.6008540163547971,202.01475637025993
0.8971596313694097,0.44170645890806826,-0.2802306751992161,-0.9599326896597445,-0.9231845320350707,0.6651229354559648,0.34611171338100083,256.2615198407592
0.7060568819990533,0.7081551238124136,0.08596479873744647,0.9962981749346078,-0.04612093837818647,0.3850556874964981,0.3914023760502642,193.69054054429884
-0.9063045914083298,-0.4226251147201032,0.6152845999633276,-0.7883050558305255,-0.8752374463887362,0.49438883300973774,0.2951988042139833,271.732292429195
-0.7081570000870313,-0.7060550001435697,-0.7583058084785625,0.6518989958787125,-0.09163039766967744,0.5257414859861084,0.22101134197860772,185.40993702441213
0.9813856625167763,-0.1920473415762583,0.3212696616923644,0.9469877530760753,-0.18169849351690467,0.4098280315739508,0.513974187078317,187.97620397488694
0.0448180237923518,0.9989951675275253,0.9587178169872964,-0.2843591872810034,-0.6478928756233963,0.7588877653846,0.29887905208003385,226.88997098135746
0.037619098387878615,-0.999292151193275,-0.9587178169872964,-0.2843591872810036,-0.5715212989585682,0.5784910241600791,0.11127413483814161,231.19657502430172
-0.8828098722343911,-0.46973048600819806,-0.9611297838723007,0.27609697309746883,-0.3875939436998694,0.3758515315168141,0.2638218935459898,229.15449885026558
0.9981721018156116,-0.06043554547618831,0.9070138128026359,0.4211008707960896,-0.4031108892186709,0.30082490259152894,0.22234024423323645,194.13976519700657
-0.9912238294819107,-0.13219425050741088,-0.9951053111006974,-0.09882013873287211,-0.3724994793380755,0.415923878601142,0.6075983667720313,231.25111954982395
-0.20550300810422006,-0.9786564839922723,-0.2884824328806098,0.9574851883550389,-0.05252663842337412,0.5515928726622179,0.3164719056428588,192.84404562843147
0.012283097411389924,0.9999245599133878,-0.7638886127905429,-0.64534811322955,-0.7535010865139015,0.20673865335835834,0.41916995257127315,247.47099092009492
0.4112384842675926,-0.9115277884174969,0.28023067519921585,-0.9599326896597447,-0.8977693608735418,0.1576246661333632,0.43999093060840777,255.0814701449769
-0.11469956826635491,-0.9934002260114057,-0.27195815753410524,0.9623090774541487,-0.04133259578526692,0.23371878812383703,0.3250328939421911,188.62976609828
0.9846378936457226,-0.17460875807620463,0.4171936026123168,0.9088176373395029,-0.14642211685530682,0.5612187112427813,0.17648594067168455,175.48348142362735
0.6283813410898295,-0.7779054506623201,0.051619667223253764,0.998666816288476,-0.06569031801873794,0.26596605092243564,0.5862146708057747,197.58099760119572
-0.1371952537793472,0.9905440234237045,0.9106046300942162,-0.4132786077829042,-0.7132352810940921,0.015,0.26763021305811374,245.24543737255186
0.9448097882045473,0.32761938909789584,0.8064799463209448,-0.5912614448635781,-0.7909206805147886,0.440593510598936,0.3674854009382156,230.64548345207072
-0.934196587305335,0.35675865268703116,-0.6287628145958345,-0.7775971469736268,-0.7988571695063902,0.4413112736141319,0.1441186678900083,266.216984305478
-0.8426147529162517,0.5385168318334016,0.1797665857255624,-0.9837092937736097,-0.8267898278544075,0.4790518343110626,0.48989698041234053,259.53348908665674
-0.12330731902871238,-0.9923685328918644,0.19667288979357647,-0.980469160361632,-0.8841555369996776,0.37822112568386307,0.32485591533082214,251.34356976024816
-0.6825592882571765,-0.7308302251644062,-0.8311706263658079,0.5560174366570446,-0.24366505289400742,0.4997933037569665,0.11063569175937404,191.99942085330946
-0.49974036145248796,0.8661752542847992,0.5234156073655503,0.8520775211013093,-0.13801430439406023,0.4347518500468112,0.09377910355838243,195.3546265820546
0.39731060588649575,0.9176841953799278,-0.154308820664281,0.9880226656636976,-0.13165214233527942,0.7870651457933405,0.5616283915197389,200.6258228257352
0.415296084093107,-0.909686298971756,-0.6870527672236675,0.7266075247685652,-0.16224532919178147,0.5354635617873528,0.36077347048785646,190.68874535297766
0.9604394522148696,-0.27848888421120355,0.4482293417404106,0.893918596519257,-0.17492507546735175,0.4089996113102735,0.3656392199183804,179.49075123329777
-0.9724068585560065,0.23329145169345328,-0.8406184056344783,0.5416278206559811,-0.264779520297649,0.3292950647141758,0.202693929524816,216.55954397993222
-0.9600044994246777,0.279984572939964,-0.8165380514459157,-0.5772916165517278,-0.7275444440007651,0.6775280738989261,0.17724901723327866,262.7157410014772
0.2845569165604346,-0.9586591475793771,0.2386727660059501,0.9711000518829505,-0.10850678326057268,0.8733525845149399,0.2737261133519347,185.66297453950168
0.0771347451801512,0.9970206773613038,0.7909456567567772,0.6118864012687243,-0.26145233439771387,0.413716886749351,0.12422637966515998,205.09191950372116
-0.7598496463388024,-0.6500988501441892,0.8996308696522433,0.43665123195606403,-0.34248730900867175,0.11026250444704049,0.3138079311611114,212.80274718330247
0.34095793031149824,-0.9400785550993596,-0.7236440382959124,0.690173388242972,-0.1503586819204706,0.49036244887695213,0.5876334012556033,187.9796599425987
-0.08237799773695474,-0.9966011566764561,-0.655156357209085,-0.7554933140726804,-0.7883513088370099,0.5391275848135727,0.23825964797725468,251.44830286009105
-0.6602653415586799,0.7510324085792834,-0.9070138128026362,0.42110087079608916,-0.29057982784547287,0.49301685460036937,0.23637104736824965,211.6290928018701
-0.1857080999918075,0.9826049570389073,-0.11165900712169444,-0.9937465804361781,-0.8921305489994531,0.6459705696888148,0.10171781982854869,247.61033319177244
0.3524028146705283,0.9358484151892812,0.9611297838723007,0.27609697309746883,-0.4250869099544426,0.09560289122181205,0.30728362462278735,236.8606195452733
-0.14705196480040136,0.9891287679813693,0.9859481499638304,-0.16705162550211924,-0.6487373866915863,0.31254442903300383,0.25617066406044353,238.85531068833006
0.8390630082795488,-0.5440342527239197,0.5808002734538009,0.8140460935082178,-0.1614047577240351,0.3229450725512162,0.11900908360492599,191.1255709562111
-0.8015343663594714,0.597948709794344,0.21352091543979612,-0.9769384927771817,-0.9139216017681285,0.4443248473321164,0.19587286118232428,272.9820957351333
0.4889211447640891,-0.8723279854519014,0.4711595076738638,-0.8820480249558537,-0.8751245017946983,0.5902745375711291,0.46064641906202564,259.0880524806311
-0.4820091751172151,0.8761661686591317,0.9307239310379795,-0.36572252349726897,-0.7500470578312516,0.41804630713952723,0.17164242563383633,253.99095378151418
-0.7022923028349294,-0.7118887001342358,-0.8263541987239094,-0.5631507242749187,-0.6367401638395266,0.4974578649067,0.5637359808820513,239.22017390992286
0.96084635285392,0.2770817319985572,-0.17976658572556214,-0.9837092937736098,-0.7663877181763923,0.4223156395977387,0.5025333244053597,238.5193816886988
0.06211383522499137,0.9980690714943744,-0.060213277365792774,-0.9981855344718586,-0.863633835819118,0.3154567572710788,0.46861550631339366,243.18696011555934
-0.5127488189419692,-0.8585386704590631,-0.6486295610349818,0.7611042586607742,-0.17101940568280616,0.643106163257921,0.32437982756474737,194.0575187847674
0.9493390363490163,0.31425370970590183,0.2719581575341055,0.9623090774541486,-0.13900892492144984,0.44510439149620484,0.42303982881497315,172.17264373380868
0.9996785208751872,0.025354583427814527,-0.9844738167520923,0.17553149042142777,-0.3460670311422534,0.5984240183605948,0.3510779378523535,187.0157714606306
-0.5323796247913706,0.8465057206581651,0.7295575540864875,-0.6839194216246106,-0.8669474086571166,0.7732523287712647,0.34967866385555735,267.80844520115085
0.8497272821128459,-0.5272224824807038,0.8311706263658079,0.5560174366570446,-0.29005786701388625,0.7176611954285634,0.3609361251013137,213.4052118233261
-0.9309564530280766,0.3651302268580111,-0.12874817745258066,-0.99167731989929,-0.7457930893902203,0.22221123581228736,0.01744689660465837,267.70002951915734
-0.6918959642105225,0.7219972123971057,-0.6420547132365636,-0.7666588193001592,-0.7539668008903014,0.37506567351502984,0.3968128650785967,247.12873134565504
-0.9604720858511181,0.2783763141878317,0.9141279881853337,0.40542572835999735,-0.43559749244648854,0.5448515766937939,0.45651467893789144,232.65889901769674
0.9994136757670596,0.03423893528973336,-0.622046748440868,0.7829801036770624,-0.13625520426636015,0.6672215798836653,0.5188600775991504,179.53065670133896
-0.7923241889835685,0.610100302861366,0.9951053111006976,-0.09882013873287143,-0.6006554834585599,0.44391331974617276,0.4018166060125805,231.42248271743603
-0.7165876320612976,0.6974970720919066,0.6152845999633276,-0.7883050558305255,-0.9344754581237558,0.7567769414353396,0.554736472435728,254.33471339383343
0.9673807112107338,0.2533269815424622,-0.9242907221930934,-0.3816892202666586,-0.6008914078466709,0.6717174438827327,0.40281744412200504,210.01205982414388
0.6465008328176768,-0.7629132802396681,-0.9760105506323682,-0.21772323039653224,-0.5702798752555499,0.41230273359873326,0.5049558119281068,238.19221757756426
0.008873147918296437,-0.9999606328481236,-0.16280701293851646,-0.9866579328916572,-0.9228949216792148,0.3031632388538991,0.3494311720579156,262.3601483264607
0.16413629851166997,-0.9864376693491018,-0.9427611433904206,-0.33346877891818705,-0.6009733339630585,0.694321274580339,0.13336231121351896,235.48955861109758
-0.8080455561777632,-0.5891200040241117,-0.9070138128026362,0.42110087079608916,-0.3052888973488351,0.5877915957995958,0.6269450423295633,211.76522425886452
0.9387359444432762,-0.3446372391518221,0.9368813462954315,-0.3496474552512284,-0.7305258597181533,0.5183487056432402,0.46942764723470365,235.88430606403583
0.9995950965717644,-0.028454224812583192,-0.16280701293851646,-0.9866579328916572,-0.8931566722709628,0.762575433489455,0.4471131459804298,251.35505327000175
-0.5034181360766232,-0.8640429273300826,0.895839290734909,-0.4443781781046132,-0.7197611645621437,0.7072858219111968,0.11597562922113264,232.8129941528905
0.30212976715317896,-0.9532668061985405,-0.5877852522924734,-0.8090169943749472,-0.8149336424729421,0.3005223398816805,0.379079158103175,256.9502209022292
0.9036619073725153,0.42824660788366736,0.2219215130041655,0.9750645322571948,-0.0716471223938756,0.4774654652169114,0.3419594179189812,175.13628416451667
-0.580258055611833,0.8144326791684964,-0.02581844022713239,-0.9996666485105112,-0.9087865151108615,0.4098223906033673,0.4901798430294545,260.1823987673447
-0.44497702879403717,0.8955419832959427,0.6420547132365637,-0.766658819300159,-0.8342183493087683,0.45168568609465176,0.3670289365225942,253.12131560476428
-0.28517620674763605,-0.9584751071911203,0.3375228995941133,0.9413173175128471,-0.14958664896427062,0.3243571025282118,0.5144909914645904,174.63550586771882
-0.8254942755262407,0.5644104898683289,-0.2553532951161881,0.9668478136052773,-0.05142394834221378,0.8057350428793786,0.3943965273936971,199.80729873743704
-0.0100208981296879,0.9999497895397921,0.9398560579418954,0.3415707691678556,-0.4198746830113359,0.4799145343175989,0.07388263122856381,215.36621791115994
0.9800487464574521,-0.19875727550753153,0.4711595076738638,-0.8820480249558537,-0.7665080351647471,0.4613020417855241,0.029582597492477658,224.94187989385185
-0.8997858024902334,0.4363318801520313,-0.42500033996955394,-0.9051931898913975,-0.8993980115651755,0.4765166486724338,0.29682684216516464,275.0178981349498
-0.7481710557974132,0.6635058939203058,0.9700639218515071,0.2428497220959356,-0.40172072054960195,0.015,0.3537642203204969,228.98648946413908
0.15991959654287285,-0.987130043429722,0.9587178169872964,-0.2843591872810034,-0.6695460099017927,0.12554688363718283,0.29385323317412837,235.9525985658658
0.8421001005702504,-0.5393212591949016,-0.8064799463209447,-0.5912614448635782,-0.6436566054591987,0.1551207426399576,0.5688407383195774,222.84276558373983
-0.9920111514894294,0.1261502093562131,-0.6016240632249227,-0.7987793728863648,-0.8267295953412312,0.4309280654903457,0.22257672622869612,277.9154232971182
0.766292109862191,0.6424923364235187,-0.16280701293851646,-0.9866579328916572,-0.9039884084612443,0.55406702280518,0.40986736868799717,255.2395146134716
0.0012553092915230945,-0.9999992120989809,0.08596479873744647,0.9962981749346078,-0.10549603162428296,0.37355959780739384,0.20201285371097,184.41138623857628
-0.9967466477945484,0.08059851183694743,-0.4093559588156211,-0.9123747579707274,-0.8663575678888579,0.6831513825518366,0.27377996214589817,284.17470388624315
0.1455018712931219,0.9893579763918618,-0.8919813464595487,0.45207220393230374,-0.20987133455766815,0.5745745910143814,0.0,208.1186238142456
-0.41546683162519865,-0.9096083287983454,0.21352091543979612,-0.9769384927771817,-0.9836909501390183,0.8812457583098672,0.42092029039480244,252.30017088376087
-0.7419745304858673,0.6704280693036926,-0.9398560579418953,0.341570769167856,-0.3449802304414166,0.6091301891587826,0.30740207318147417,212.92455615843812
0.15781414929481924,-0.9874688320561579,0.9951053111006976,-0.09882013873287143,-0.5116801124902683,0.6318881599262708,0.1376913170514931,224.30407130906258
-0.6141782375408755,0.7891673412725491,-0.594726686960764,0.8039279618328208,-0.15516283432938172,0.5532232854426208,0.3589297977784827,200.5977434311623
-0.604752144474349,-0.7964137390538137,-0.20510449986861926,0.9787400799669153,-0.09606031027423251,0.4583385775682706,0.41850843404741206,189.79909485534773
0.977510425787656,-0.21088709651478313,-0.2636654927280072,-0.9646141756912435,-0.852193088315996,0.50622920220453,0.5389542403389346,240.07199904448942
0.06935518452549996,0.9975920300300288,-0.9911140639934546,-0.13301470653419636,-0.4132386252590608,0.5042859873003349,0.16736642114814146,225.90118821630085
0.8342013033558694,0.5514600488515634,-0.3131070409358267,-0.9497178427914317,-0.87063539833537,0.6653521551911574,0.43923315935468127,251.76048977027267
0.7286773030767751,0.6848572026201941,0.9679377830240642,-0.25119006388481935,-0.6191795345458816,0.48528431140214723,0.3638722826837465,227.59409860426604
-0.8600780938340695,-0.5101623981701842,-0.01721335615583528,0.9998518392091162,-0.11374991443090154,0.6168967896086124,0.48489052065901705,197.88955369783764
0.25503539609191184,-0.9669317177237706,-0.23867276600594997,0.9711000518829505,0.015804570616591393,0.6001609430534869,0.45771938059663264,181.9985803578914
0.3912004486150705,0.9203054976492141,-0.7176769136759615,-0.6963762255968726,-0.8171128719026503,0.18227427345431657,0.48112217492910136,259.46957290738266
0.2474447732126648,-0.9689019992804911,-0.9307239310379793,-0.3657225234972692,-0.6167168616272839,0.40395895557637473,0.10227091097329452,242.1142018148067
-0.7951316236786368,-0.6064368895657443,0.5595892624101765,-0.8287700871745038,-0.8235026835382966,0.6361225910930652,0.2524706730557379,261.6718002569615
-0.6519648068988313,-0.7582492272105325,-0.3131070409358267,-0.9497178427914317,-0.8787562081739206,0.17878200033181493,0.35425623022465197,260.01493807085916
0.9036952130073064,0.42817632114314685,0.8064799463209448,-0.5912614448635781,-0.8281438665113819,0.3178582836696795,0.2124384387837105,253.9668270443472
-0.4178907905585606,-0.9084972686620149,-0.12020804489935275,0.9927487224577402,-0.040369576291856675,0.6694974174635886,0.035950921200255226,189.58719056343895
-0.6587544024768338,0.752358051207927,0.854322169749827,-0.5197438121555155,-0.8166095355081694,0.7013201463169981,0.5799402725764892,252.4010397871367
-0.9471869819452063,-0.32068180683277225,0.5667017562911176,0.8239230057575542,-0.23797588512714474,0.4053633615682931,0.30189047546299,224.6521026864646
0.5290288706559096,-0.8486038263009028,-0.9368813462954315,-0.34964745525122826,-0.6254406419433277,0.48257047466024633,0.24395240057712347,225.08753331523863
-0.9946053709222722,0.10373117242453883,-0.9679377830240642,-0.25119006388481957,-0.5001734923375879,0.7214884821364143,0.244500221556169,240.92087139526163
0.9643450460064813,0.2646481291125207,0.7856498550787147,-0.6186714032625031,-0.8323098924784678,0.5197272022208089,0.32966250795148216,244.58471071098268
0.6792363246248132,-0.733919624557196,-0.8064799463209447,-0.5912614448635782,-0.7620865299192231,0.24512726515697852,0.31250295468546746,244.4322081296714
0.2351230713692173,0.9719656070612303,-0.3617137307297674,-0.9322892131745134,-0.8067753055731179,0.4738038135202963,0.5557202603784777,256.17752309541663
0.09561424787189429,-0.9954184625592857,-0.8165380514459157,-0.5772916165517278,-0.6562839166670397,0.7003068175114537,0.49202534998454683,242.76490398537257
-0.9739338375080346,-0.226832273181911,0.8359254794186372,-0.548842958284719,-0.7736308805257056,0.2664232007697705,0.38453911058231705,271.0102935467462
-0.6227315282845812,-0.7824355843648407,0.1712931441814776,0.9852201067560606,-0.10325111269783452,0.5916694614579426,0.35409357209562425,188.17055089098676
0.8715838201697542,0.4902465139277357,-0.3131070409358267,-0.9497178427914317,-0.8619545035322528,0.4607627776022503,0.300167981190653,241.8187327005457
0.9781551332872669,0.20787624978281932,0.9999166586547379,-0.01291029607500882,-0.555168154189529,0.688294350606725,0.539659890351477,210.054077381746
0.3560705185101672,-0.9344590873055388,0.9427611433904207,-0.3334687789181868,-0.7493470558539577,0.7461872375665438,0.3829293900296461,239.51203628111165
-0.6028800145629771,0.7978318670249669,-0.4482293417404106,0.893918596519257,-0.09723319245573368,0.4327763187649543,0.22044183777929827,194.72792283553906
-0.5786255077252012,-0.8155933556679782,0.4482293417404106,0.893918596519257,-0.16623064424545106,0.6606675416956962,0.3639571118877941,190.90191030488748
0.9510287301251258,0.3091024983344372,0.854322169749827,-0.5197438121555155,-0.7580190482872062,0.6196831180184138,0.35553144737597725,238.23684954123823
0.8538962353907141,-0.520443291037137,0.13727877211326478,0.9905324521322229,-0.10226789850103318,0.5807269860858739,0.5284683538564211,177.00326879510607
0.8698209507115595,0.49336752396488237,-0.4014879892059737,0.9158642882672868,-0.07728324783223643,0.8816606486083405,0.39742541565473977,186.56553858714378
-0.9161896281522339,0.40074501277779023,0.8214765533024142,0.5702422926917871,-0.392754859335968,0.3511808606595538,0.5090196086118317,224.38224589398303
-0.37440653646897554,0.9272646577160728,-0.3456123126707333,-0.9383773917408642,-0.8300785013331042,0.1456433266261779,0.395477733662481,242.11518612732792
0.8956153707658413,-0.44482930169668977,-0.008606996888688009,-0.9999629591162655,-0.8669395253040144,0.7650900726040655,0.3405587027729353,245.77564504733454
0.4030000772249688,0.9151999441415353,0.9307239310379795,-0.36572252349726897,-0.7561494523733859,0.485404738811469,0.4064209005235876,257.31115599317127
0.2725828489329899,0.9621323144285171,-0.11165900712169444,-0.9937465804361781,-0.8804592040527848,0.6297762871841966,0.2182545947146931,260.73638467427514
-0.9724155314253162,-0.23325529842389384,0.7909456567567772,0.6118864012687243,-0.39563023629570554,0.24109056408599877,0.40690428093955583,240.5920750647327
0.88068644272246,0.47369968292670317,-0.9510565162951536,0.30901699437494723,-0.2575678895640522,0.7367791232748244,0.2683186182656336,182.39330631506013
-0.4564889275324825,0.889729093061615,-0.2884824328806098,0.9574851883550389,-0.12495332660794556,0.43902717331126945,0.33074326243171337,194.7135817039927
-0.7515778616515321,-0.6596443874356172,0.9997685019798909,0.021516097436222254,-0.5271146498047456,0.6054924879662821,0.23258111676580712,227.40756506551776
0.11066354416472024,0.9938579274689633,0.1797665857255624,-0.9837092937736097,-0.9227964663588826,0.29070524889030275,0.45940516542719323,270.1980689262743
-0.7728787179915729,-0.6345537702005265,-0.9796136916454901,-0.20089055513063528,-0.4894565870057108,0.5043295709700405,0.5183961980063243,222.42129967883963
-0.9984224223598999,0.0561486111047254,-0.7469720876965551,0.6648553979642866,-0.17036786057714473,0.4643846393970713,0.398360491296335,213.4790581174922
-0.9989638547228071,0.04551062466446909,-0.6016240632249227,-0.7987793728863648,-0.8017457970153632,0.4236756551114528,0.28395867680011266,269.7766577631943
0.7037759622154218,-0.7104219837587779,0.9741004551724205,0.22611568550828828,-0.4950354194228565,0.5939885300608202,0.2505904076105737,230.60814790473225
-0.07187179394352072,0.9974138786057372,-0.8406184056344783,0.5416278206559811,-0.21064200166371275,0.09063534369814064,0.4263986792740918,187.27640506245277
-0.1307724143465375,-0.9914124145107209,0.3536761221763716,0.9353679493131483,-0.16106731710344854,0.605604685393404,0.5346255868317318,191.94678516069075
-0.9999940090981232,0.0034614690324571156,0.5595892624101765,-0.8287700871745038,-0.8774342932335837,0.5177335819857477,0.561607545109918,290.0666376808174
-0.5535726586247102,0.8328008835388986,0.4635502709028509,0.886070621534138,-0.2053663610457104,0.5883761895633858,0.2623086414043649,209.97599693504088
-0.9435705422519902,-0.33117160475240814,-0.22192151300416674,0.9750645322571945,-0.12618879808248043,0.5449574489575577,0.6200058981511252,211.062534784741
0.03795803006672537,0.9992793342971992,-0.661634618242279,0.749826401204568,-0.17385595509246918,0.45786853317872156,0.3590799635894841,204.55554912557741
0.32157945133584886,0.9468825991000861,0.9911140639934547,-0.1330147065341959,-0.5974952749299525,0.9464275999212205,0.30224060795299407,231.61552141849776
-0.8725853979357583,0.48846158836626474,-0.989932495087353,0.141540295217043,-0.3948287966505478,0.5626613873317231,0.4201889554337963,228.45181860700228
0.44703585823677755,-0.8945160375591417,0.6486295610349814,0.7611042586607747,-0.22676723111289793,0.357781918067856,0.33845142165489456,204.44032570976336
0.9999790355827646,0.006475213893311225,-0.801361088174677,0.5981809144059158,-0.1714303514438168,0.6737703113171005,0.28396021470942984,181.5134271635897
0.9537398395380935,0.30063319590133714,-0.622046748440868,0.7829801036770624,-0.11610633417062756,0.6237178072891914,0.1892815556425562,175.67410127603188
0.8694584927495446,0.4940060013660666,-0.19667288979357622,-0.9804691603616321,-0.8579986251473593,0.4177976131710638,0.15397483481948315,257.9133187203135
-0.9978966453814242,0.06482503479752266,-0.6287628145958345,-0.7775971469736268,-0.7291336665182198,0.6254673045035284,0.07862268009175682,276.820990526901
-0.9984514665623628,0.055629748511627775,0.6744436188329455,0.7383263540031065,-0.2764490333264794,0.49933770563300345,0.4977037305287145,220.1064869533129
-0.32600987631379685,-0.9453663631343474,0.9778483415056568,0.20931464596304847,-0.4901576339917549,0.5630817772813451,0.4510732684899319,224.3713887704211
-0.6179848771713522,-0.7861899844105804,-0.970063921851507,0.2428497220959358,-0.3343814901380366,0.6282705334021993,0.3931501683302944,214.96970312249402
0.9423946158035071,0.33450319595567435,-0.8452490573530634,-0.5343725582809785,-0.6167215024816932,0.4908234562850356,0.3130949752190608,228.24154627910903
0.053672073243540876,-0.9985586154822059,-0.16280701293851646,-0.9866579328916572,-0.9223893361563843,0.22765645587021016,0.6379995950779672,244.81198843583263
0.6658364479176948,-0.7460977312821336,-0.16280701293851646,-0.9866579328916572,-0.804646409202044,0.2645899239031527,0.7351716138255002,254.61907019394107
0.6621314931433474,-0.749387673896336,0.8919813464595485,0.45207220393230435,-0.388235142019959,0.6550222975759659,0.2296783732361073,211.99638425653492
-0.26631532735294394,0.9638859613133155,-0.655156357209085,-0.7554933140726804,-0.7941572648131756,0.519475763558866,0.07189639043040821,258.356929384303
-0.9262406371873877,-0.37693272877623946,-0.622046748440868,0.7829801036770624,-0.206873242269392,0.7309206733453817,0.248159152375249,206.52014205905962
-0.9959460385482723,-0.08995270034858939,-0.5737722679043243,-0.8190148866680802,-0.7659968600297397,0.4775457461100408,0.35970667987967914,275.4169053951981
0.17660698639347364,0.9842814497678067,-0.3049212246562894,0.9523775757303973,-0.12431149057108763,0.2145292088754792,0.27711242837363986,180.10973743257617
0.27614940213789835,-0.9611147214036841,-0.8115390590073611,0.5842981736283683,-0.29773371704083845,0.4106967995427577,0.2157031568492898,213.99228384939394
0.07744047997846856,0.9969969769566528,0.989932495087353,0.141540295217043,-0.5634725019105147,0.1801619254558619,0.3483413294112728,239.67623758466962
0.5995811869523047,-0.8003139385596538,-0.24702218048093527,-0.9690098257244063,-0.8931212975564905,0.10637977411892878,0.15376634766180608,260.82590693130027
0.8633647172913596,0.5045803850095748,-0.5595892624101763,-0.828770087174504,-0.7653328571261626,0.4599638810893921,0.11371723642183926,227.71137069672923
-0.20165857626031186,0.9794558788534907,-0.9587178169872964,-0.2843591872810036,-0.5674212681694543,0.3681487352979087,0.1963379775778943,228.44699913668146
0.6339029512403539,0.773412599075532,0.7116566222817746,0.7025274741691571,-0.2989647777007564,0.6674658283579322,0.0793289636625267,201.5922756985065
0.99286662833574,-0.1192302744156005,0.9562348265919056,0.29260033563334836,-0.4461296576210129,0.5585741467819528,0.5611383009295654,189.08867866952306
-0.9142527099077241,0.4051443970072681,0.9973249731081555,0.07309512989807777,-0.5337829835567944,0.4534553131141565,0.3770761923300764,238.69298948438086
0.4936040519897902,-0.8696867481221388,-0.13727877211326517,0.9905324521322227,-0.12267080823454447,0.3320478534030724,0.3817424211860293,186.04276661300833
-0.9586062679284519,-0.2847350050279822,0.9966589017541702,-0.08167639533042241,-0.5709740917203795,0.5273794873649653,0.3505022081574463,263.9903755022914
0.3050657171974576,-0.9523313016964217,0.8311706263658079,0.5560174366570446,-0.30915307355620053,0.5254374974410541,0.2316269347499056,199.78971169165186
0.9982741381889889,-0.058726016577250746,0.9911140639934547,-0.1330147065341959,-0.6385335571856757,0.5210153076744274,0.44569741341129443,213.94078849722564
-0.5199708236222236,0.8541840214974912,-0.6870527672236675,0.7266075247685652,-0.1554889215742119,0.6951293357029119,0.4551801938065965,197.60212892523762
0.9858957528921274,-0.16736058206538768,0.8919813464595485,0.45207220393230435,-0.33326007946438224,0.5156994888957168,0.21104580932853584,183.13830959027803
0.09289250825023877,-0.9956761430861841,-0.8800122039735356,-0.4749510720670502,-0.6429499033782321,0.47682823780109035,0.29931275230984145,227.84922701740695
-0.495160909952125,-0.8688012852519175,-0.4014879892059737,0.9158642882672868,-0.11464588439813006,0.9709237529569826,0.3874974754992142,175.7947322023774
-0.9657306188496255,0.2595464733266846,-0.9951053111006974,-0.09882013873287211,-0.4466621584471902,0.3029226046469502,0.4479827446997773,242.53678761002067
0.1673978357599096,-0.9858894281728039,-0.9106046300942162,-0.41327860778290443,-0.5704431646326605,0.43787042241071106,0.23737051326993192,224.17011899260487
-0.9097411124151622,-0.4151759968755698,-0.12874817745258066,-0.99167731989929,-0.8812795015469891,0.3789159490952979,0.4288428373005933,266.6437960948762
0.6916788107088796,-0.72220524978454,-0.37770796520396466,-0.9259247771938499,-0.8290445315150801,0.6639483328723275,0.4517244982082582,250.3645590719792
-0.9381473876908539,0.34623616068924185,0.21352091543979612,-0.9769384927771817,-0.9613040256069197,0.8793391773266951,0.32587826365022143,281.0688603575796
0.1606556377228794,0.9870105197351521,0.9455963874271426,0.3253420847119801,-0.3967810975222209,0.6948123581826895,0.4521679615773397,227.0855123303736
-0.9999590837573977,0.009046038418318296,-0.10310169744743544,0.9946708199115211,-0.13206056383168222,0.4770152533812902,0.48449191010326287,210.54232168997808
0.5191376809137873,-0.8546906272186766,-0.9859481499638303,-0.1670516255021195,-0.39646502977955783,0.10314398407485026,0.48687054617984077,226.05541563494126
0.10430123946549442,0.9945457513085869,0.29671281927349075,-0.9549667548552551,-0.8832956205600848,0.43592205688115493,0.3553347952595813,262.51503365576605
0.9946688815097626,0.10312039641175665,-0.7055836101071774,-0.70862667826446,-0.7296558161896656,0.30898299528953943,0.0752313553918344,223.49970337322753
0.8151255221061472,-0.5792843716269074,0.6616346182422783,0.7498264012045686,-0.30360457283426073,0.9170374531863082,0.1865283163861636,208.24859849102816
-0.5610292283894658,0.8277959923149668,-0.10310169744743544,0.9946708199115211,-0.1337379179512077,0.5188109916223231,0.3076590003868506,197.51559200991926
-0.971545442786188,-0.2368532300843495,0.9886775902323405,-0.1500553983446526,-0.6076739352573167,0.7546046272239162,0.096290872774658,248.8504545756404
0.7197044856560634,0.6942805292722397,0.288482432880609,0.9574851883550393,-0.1725135469765283,0.16495743982829944,0.356834017282514,191.56391861708417
-0.02321591967620142,0.9997304742147196,-0.33752289959411347,0.941317317512847,-0.027875501647515063,0.6985742343326709,0.30650596147827064,188.60778068232491
-0.85310636662485,-0.5217370288029661,-0.8958392907349089,-0.4443781781046134,-0.5922973763927853,0.1731606259763329,0.3259104589840388,245.72703529435336
-0.9508796786265032,-0.3095607158138093,-0.4482293417404106,0.893918596519257,-0.028567343925628083,0.9743323929036212,0.6122656282940053,201.90791185049
-0.5742415277974371,0.8186859396330594,0.24702218048093552,-0.9690098257244062,-0.9263677288228006,0.5589869410581719,0.33082677011868566,263.1414946294041
-0.8637103192512967,-0.5039885756828453,0.7638886127905428,-0.6453481132295501,-0.8487324527244832,0.7593281846816567,0.25293310102606287,265.83256445491264
-0.9880923148918879,-0.1538622021537136,-0.6354323008901775,0.7721565844991641,-0.1225139864165162,0.08474450229612965,0.5139680594314944,205.10244554178658
-0.41563348120498433,0.9095321925591342,0.9175836260593937,-0.39754281428255595,-0.7387543690104605,0.5027692162265648,0.11782229982397105,249.00402615423158
-0.8232461027217648,-0.5676846434010925,-0.23030567023061196,-0.973118337233262,-0.9716988455036244,0.3220209328472918,0.4053815370286635,274.75216083734665
-0.9333231588700724,0.35903743692933954,-0.655156357209085,-0.7554933140726804,-0.7429361091404466,0.49140574329223324,0.39335696428579847,269.1413245717425
-0.3843624448509751,0.9231822739785362,-0.8674563547295971,0.4975132889071803,-0.2695062917120714,0.5202402707449953,0.3174802528893087,202.32366613548862
0.7177653191882449,0.6962851043721938,-0.11165900712169444,-0.9937465804361781,-0.8884710399183555,0.3991492097149598,0.45523874901287065,256.27277069173533
-0.22183942937505374,-0.9750832105900248,-0.8758917051442433,0.48250774176121763,-0.34665341439798875,0.3030202395118462,0.5602025464578393,198.23800232926274
-0.9910738811423226,0.1333137731725173,0.3131070409358269,-0.9497178427914316,-0.8533950107815014,0.6121370983745056,0.0,270.0905016995959
0.9847196158907014,0.17414728846602617,-0.8758917051442433,0.48250774176121763,-0.2246454434074376,0.6855025888577279,0.1724229215604757,181.43949397130044
0.9154278381576045,-0.402482140133068,-0.7961828637826154,-0.6050560696488494,-0.6777599731837973,0.5427684345799668,0.20483351709056652,230.53557197683568
-0.5952092275610735,-0.803570765661712,0.9657399376548549,0.2595117970697999,-0.41139604411233366,0.7711663534729155,0.45507112408591144,220.8857767664029
0.21411807031351526,0.9768077866014463,-0.0859647987374467,0.9962981749346077,-0.11297750343563395,0.3742052642787393,0.4802853396950712,187.99004481219623
-0.44822569282815483,-0.8939204261502925,-0.05161966722325418,0.9986668162884759,-0.1225838573214,0.3268867298908852,0.24893840807565293,184.96930261752286
-0.958772985220047,-0.28417312119945426,0.5307300481619334,-0.8475409228928311,-0.905537283926687,0.07220412264859952,0.6156791639687849,284.24910954018424
-0.8160853274131733,0.5779314305183044,0.9587178169872964,-0.2843591872810034,-0.6840497163067673,0.8001460357316077,0.418156050677808,259.8773319699887
-0.4642728492430629,0.8856922272752134,0.4482293417404106,0.893918596519257,-0.18005815404821424,0.5392218449764336,0.02822710370219278,202.20368244534004
-0.5231607141250881,0.8522340448469117,-0.4482293417404106,0.893918596519257,-0.11199356929492049,0.30808165977387536,0.33691710878851566,187.74924497101352
0.8529350096905165,-0.5220171158537223,-0.3131070409358267,-0.9497178427914317,-0.8537470523966347,0.2084164798419889,0.0,249.08058813747633
-0.9893528934409026,-0.14553642925437593,-0.9988797155850335,-0.04732138832243232,-0.36792172609873364,0.2760274027331281,0.25139162257203784,230.78566208799424
-0.7853082957110611,0.6191049028132377,-0.10310169744743544,0.9946708199115211,-0.099781862584142,0.39179224762252113,0.3691825027756248,210.218710498164
-0.8097191488912049,0.5868176036204971,0.4635502709028509,0.886070621534138,-0.22217236037399743,0.21144910810880146,0.27832573520940684,209.4548058072312
-0.4660263708165918,-0.8847708300478245,0.9922222094179323,0.12447926388678915,-0.4914092927832727,0.2605898033531477,0.3814767575935418,223.66668681474474
-0.9957485295318801,-0.09211333201604709,0.9859481499638304,-0.16705162550211924,-0.6243246164262518,0.3924055684784854,0.5609557158704797,251.1050029432559
0.5976422608666919,0.8017628876582833,-0.9338372288229252,0.35769823883312546,-0.38209785406625374,0.5624795726430228,0.030744307587656616,219.41919471079925
-0.8386930694567912,0.5446043841589471,-0.2884824328806098,0.9574851883550389,-0.11184340371625756,0.8738867858527415,0.3802506300690452,206.14617769180217
0.9038425066378307,0.4278653096415306,-0.8631421280499115,-0.5049610547215202,-0.6773087518575359,1.0052420471752854,0.45607898429135585,233.31183716654965
-0.7158160424517516,-0.6982889039421378,0.9700639218515071,0.2428497220959356,-0.4592411526972717,0.25783234101861885,0.28751270865562467,229.8546201152442
0.6047085608033815,-0.7964468321809706,0.8452490573530633,-0.5343725582809786,-0.7332261877755948,0.3874561921781516,0.5110279706517314,241.8903744194363
-0.05548995991445273,0.9984592452116874,-0.1712931441814778,0.9852201067560606,-0.1152865065399856,0.7672749663457099,0.2889506110762583,190.2026949850308
-0.7505439187027263,0.6608205702748329,-0.8165380514459157,-0.5772916165517278,-0.6991239435325782,0.3809320734210536,0.22249493014134925,238.78130085295294
0.6689483312320211,0.7433089062710699,0.8758917051442429,0.48250774176121847,-0.3249238936648567,0.31794887145815676,0.4746938388635944,211.2067560388997
0.9876244087542786,0.15683758233523537,-0.9760105506323682,-0.21772323039653224,-0.5863811058256458,0.015,0.08984054379631051,212.74716871827655
-0.9614359558728645,0.2750289125798076,0.7469720876965552,0.6648553979642865,-0.24278627002635678,0.5145234076253009,0.392411872476257,213.2696808595903
-0.9562297861529392,-0.29261680757247044,-0.5524353131676203,0.8335557718385695,-0.16522870453309305,0.44404239107949434,0.39404045401280513,207.0861841137417
0.9174795391129836,0.3977829751372313,-0.9992500112396835,0.03872228089217399,-0.4300229958395844,0.7566614878027795,0.33152836033631067,197.29361845479986
-0.9114993252423043,0.411301568296091,-0.9813064702716093,0.19245158197082995,-0.29291551092635215,0.5263176253132238,0.13971392970944113,214.61631717946568
-0.9741721444837667,-0.22580662725416034,-0.9992500112396835,0.03872228089217399,-0.4425909136297139,0.6239782450907436,0.33923431088139194,238.6740984704388
-0.21396518830880545,0.9768412860807929,0.9634705485641488,-0.2678143051621742,-0.6868458994945473,0.5760147084967994,0.2631931195372131,236.121174546363
0.3255048478944098,-0.9455403714264331,-0.9813064702716093,0.19245158197082995,-0.35266338959103594,0.40152892436155874,0.3033374484637398,208.61344067673002
0.9624209483826519,0.2715619968151599,-0.9338372288229252,0.35769823883312546,-0.2943903962470399,0.6111405442137117,0.4836295558459831,192.66578640540482
-0.038621367919143924,-0.9992539166498444,0.8919813464595485,0.45207220393230435,-0.33977994785643056,0.4320933990537825,0.1968938077629607,204.91142026322126
-0.1433697158730379,0.9896691995664432,-0.5595892624101763,-0.828770087174504,-0.7000049265322562,0.3925554292746902,0.22501233778443852,245.006101488615
-0.8414799302601428,-0.5402883738980372,0.5160623910158528,-0.8565509959010036,-0.8529333036813632,0.6131209161820441,0.13488097501535792,251.7281729400062
0.9228275988923302,-0.38521321722212043,-0.154308820664281,0.9880226656636976,-0.13756689694797686,1.0491185079302565,0.049702896514323414,179.31402744742493
0.5827371062549589,0.8126607317900851,-0.20510449986861926,0.9787400799669153,-0.12717847577647823,0.3270721847046275,0.36683844911486096,198.87195519019087
0.7771485883463541,0.6293171470977642,0.9951053111006976,-0.09882013873287143,-0.5679430632264796,0.5610885760890176,0.23792317890817222,220.18393629749056
0.7742440044199008,-0.6328872108202509,-0.8758917051442433,0.48250774176121763,-0.21472117919581024,0.6642979056461094,0.46473048393746375,202.5543230552367
-0.30811220230953235,-0.9513500253786562,0.6220467484408675,0.7829801036770629,-0.20718427755290836,0.4555837338606197,0.5367953875945859,195.1615234011071
-0.8953175041945199,-0.44542852028456337,0.7748840413670407,-0.6321034111873487,-0.8065110446822966,0.6637804056536853,0.3975902957924394,256.57367799171953
0.42894926881335155,0.9033285807415212,0.9721181966290613,-0.23449138957040985,-0.6623526627146846,0.4037727307277395,0.0,245.9765364622955
-0.3893036330788147,-0.9211094838680338,-0.14579919691987442,-0.9893142039703664,-0.9200893884745754,0.35140642591663224,0.21244959161253446,249.68552612496066
0.48347901934619547,-0.8753559492298211,0.9922222094179323,0.12447926388678915,-0.5217092892183688,0.8313050062449043,0.7053078367105836,228.1448839463204
0.9998764039860517,0.015721855867608794,-0.8115390590073611,0.5842981736283683,-0.16997260049495544,0.49356221049015997,0.296705778270283,168.78811296902234
-0.29925334030323597,-0.954173693997773,-0.23867276600594997,0.9711000518829505,-0.1249351726600887,0.7367492649337899,0.4063603875113469,195.6605624827373
0.7952478063865768,0.6062845259755009,0.6680638642135335,-0.7441039398713607,-0.8664022757030715,0.6117631039621333,0.3556993898162096,252.29416843504382
0.69746342124317,-0.7166203848815441,0.7694148268839378,0.6387494220515272,-0.22423182093965763,0.6663633018977906,0.29147362083237893,197.4962004110019
-0.16558538610720117,-0.9861954572536467,0.9997685019798909,0.021516097436222254,-0.5920358800449849,0.7544692912386401,0.4618637329247586,223.09712812591556
0.5648892447021787,0.8251667354055191,-0.9242907221930934,-0.3816892202666586,-0.5996669909515987,0.3232750132635712,0.47892152644882635,241.09379111639035
-0.6050815782500666,0.7961634779757286,0.7694148268839378,0.6387494220515272,-0.21124168487134387,0.6308328726011043,0.4933827784755148,198.70521361516933
0.9066180335066525,0.42195229744667867,-0.2967128192734901,-0.9549667548552553,-0.8465591490039179,0.5788933207625155,0.10811238561755146,242.7204731114889
0.14486958556863228,-0.9894507583387728,-0.4093559588156211,-0.9123747579707274,-0.8309583375894473,0.2291362469437097,0.3344144106483752,259.7312783227074
-0.9734198784720217,-0.22902781533148853,-0.9829265519799822,-0.18399835165767986,-0.5403621786279058,0.4141109709139381,0.25041903927148373,241.3532578018478
-0.15953755282432497,0.9871918603993987,-0.594726686960764,0.8039279618328208,-0.17471618216146617,0.41002338006321093,0.29004024859828026,198.81303326467446
0.49139406166251226,-0.8709373549014987,-0.7909456567567774,0.6118864012687242,-0.2365620413801099,0.26749129723566883,0.3622748956725435,196.1178757154675
0.9868662326519227,-0.16153958911487015,0.5737722679043246,-0.8190148866680801,-0.8177200495514394,0.6535833203262014,0.0,240.8899685980249
0.9404811967227382,-0.33984572766325344,0.895839290734909,-0.4443781781046132,-0.7606680380083307,0.7795421662268234,0.03644409228318579,227.72857841698655
-0.7487660835912991,-0.6628343322907676,0.7236440382959124,0.6901733882429719,-0.25936582882806364,0.5709927352799984,0.4184830154859075,203.55633779338305
0.8611036304991494,0.5084294813847682,0.7354170229639855,0.6776147890466889,-0.3227396893530202,0.7836505839251332,0.4073249694586545,207.21446648204406
-0.23548342493129934,0.971878365117068,0.10310169744743485,0.9946708199115211,-0.09176466921001232,0.3972132046013729,0.16118368450646006,183.97602188610495
0.12747763852305674,-0.9918414448270373,0.9338372288229252,0.35769823883312546,-0.37038590858309667,0.015,0.27028540764373327,198.62974907108566
0.08722693145951435,0.9961884673234063,-0.42500033996955394,-0.9051931898913975,-0.7609090207015566,0.2748924444909111,0.4238882579478027,254.48053711812585
-0.9747519442598124,-0.2232904994882578,0.06880242680231986,0.9976303053065857,-0.10796785852504907,0.3773083876789235,0.08134708547425251,213.04090994791483
-0.9154387801221205,-0.40245725220018563,-0.9988797155850335,-0.04732138832243232,-0.4451694721330326,0.802585518841455,0.47792181496427383,238.15506765136186
-0.8896394928730165,-0.456663522432701,0.9973249731081555,0.07309512989807777,-0.5314677262474753,0.6545331364009497,0.19659453980645764,242.76377259845236
-0.08587624471788395,-0.9963058117832868,0.9275416835791966,0.37371971479046906,-0.4232052760719734,0.5530733698910811,0.47028416885718705,227.37954709362614
0.8777675614496246,0.47908674378110216,-0.2135209154397959,-0.9769384927771817,-0.9051960790695136,0.6533672469644279,0.29424429995154255,236.67210664531768
0.9684819214555874,-0.2490838569913622,0.8674563547295969,0.49751328890718066,-0.3548998379165116,0.1342998918321619,0.20301901659350785,190.09796939177346
-0.9971710613278235,-0.07516564674332311,0.03442161162274574,0.9994074007397048,-0.1388818675391262,0.34783825442737326,0.2759664005001403,207.60735295210856
-0.09741692174081742,-0.9952436602955798,-0.5667017562911184,0.8239230057575536,-0.1974676102855316,0.912842637462225,0.5952908201003743,200.2843740697108
-0.8150606484845128,0.5793756460984578,-0.7354170229639858,0.6776147890466887,-0.21932668878365993,0.4953378817938267,0.32576342561065597,214.2935147307514
0.032380459092153986,0.9994756154449098,0.8115390590073611,0.5842981736283684,-0.33677855980869986,0.5165072052105223,0.3942592499632015,213.58450049921555
0.0556636914719404,0.9984495748167339,0.008606996888688698,-0.9999629591162655,-0.979741901293376,0.3546558292967935,0.36191677573926373,274.8585972567244
0.7019461535647176,0.7122300172666819,-0.47115950767386394,-0.8820480249558535,-0.8172618758496373,0.3972226511638431,0.23302354846745987,251.05725447499145
0.9999996415687552,-0.0008466772473350384,-0.4635502709028512,0.8860706215341378,-0.17680704177433226,0.28459309762643237,0.3465923655904234,177.58259508443697
-0.9261618715272079,0.37712622254255895,-0.9997685019798909,0.021516097436222233,-0.40228766548330797,0.7925269584059852,0.44502533547343465,225.69922783033414
0.850447250876016,0.5260603325450672,-0.6680638642135333,-0.7441039398713608,-0.8036173084996411,0.34556449212314366,0.44722112232371325,253.43517082142773
0.6406409685458332,0.7678405755237585,0.9829265519799822,-0.18399835165768005,-0.6135995831320035,0.7878236564392113,0.3025196357111034,244.98802933163444
-0.9992713576810818,-0.03816744317094924,-0.5452404385406507,-0.8382797052177745,-0.7828041845275,0.571082871458844,0.26833093105630856,264.344705636687
-0.10705656445309635,0.9942529316061884,-0.4014879892059737,0.9158642882672868,-0.08176743805845209,0.6918512696651522,0.4476189974454068,194.3697891721132
-0.9514052325701325,0.3079416883732567,-0.9427611433904206,-0.33346877891818705,-0.5656620448049869,0.4355885723411612,0.1903631178322246,254.43853298548794
-0.9886466061347261,-0.15025940296130505,-0.9587178169872964,-0.2843591872810036,-0.6274074855029044,0.06340010746783813,0.3057259213772587,255.8956739787984
0.6361294251997112,0.7715823704537871,0.9209712877166346,0.38963044953078796,-0.37783803962445117,0.5072138203189892,0.33945089093423697,218.9409941777288
0.9964073122252936,0.0846904253382061,-0.23867276600594997,0.9711000518829505,-0.13443405567455494,0.6702124662825751,0.2602358050871713,172.02226819789715
-0.9968835005256319,-0.07888780881582755,-0.8498170915275277,0.5270777086423724,-0.3064642596803128,0.3235317631070445,0.36972970766661667,222.64541868292966
-0.6735382261332522,-0.7391523915521562,0.8165380514459161,-0.5772916165517272,-0.8048336122942402,0.5048728691453188,0.30745608686738507,251.33197275578368
-0.9944818000093466,0.10490924387378794,0.6152845999633276,-0.7883050558305255,-0.8487750767026602,0.8973519839333637,0.0,275.04944844285114
0.1633015435915711,-0.9865762037777975,0.9829265519799822,-0.18399835165768005,-0.6527793110147597,0.8456982693303413,0.3342808352979297,249.3620885191798
-0.6427362655890317,-0.7660875230002546,-0.9634705485641486,-0.26781430516217486,-0.5615671197298514,0.6227055609149448,0.5931011030869301,226.12267927451916
0.7387670472700648,0.6739608667184391,0.8758917051442429,0.48250774176121847,-0.33556593208338437,0.39279887085786824,0.7640140598999426,200.58015263027005
0.44668083371879386,-0.8946933736137109,0.9611297838723007,0.27609697309746883,-0.4126894978877546,0.4100254652144016,0.2762328754152259,207.7636389053849
-0.9513644897631975,-0.308067537429069,0.42500033996955416,-0.9051931898913974,-0.887763088970695,0.5393793303920245,0.4253956270741476,258.78102101384246
0.130348209332788,-0.991468277013307,-0.5877852522924734,-0.8090169943749472,-0.7935936447744837,0.18815401749463606,0.3066498553463723,262.2005859208197
-0.3505416925221264,0.9365471273799962,0.6152845999633276,-0.7883050558305255,-0.8792619348491065,0.6242844674374485,0.292994926829905,249.98754285072522
0.9094581914350858,0.41579538000273997,0.4171936026123168,0.9088176373395029,-0.18170655761954843,0.7689476349174433,0.3207423680513984,173.66432453007496
-0.5438555272502288,0.8391788638183016,0.6152845999633276,-0.7883050558305255,-0.8348772390731515,0.6226020633043932,0.39731355963167836,248.12446077155252
0.7559763303869822,-0.6545989519504537,-0.9307239310379793,-0.3657225234972692,-0.5361237107600657,0.44475834262736,0.3838076327555369,221.46609021053976
0.8726134636756969,-0.4884114484857037,0.9141279881853337,0.40542572835999735,-0.43533665216652495,0.49672201108189756,0.31223142420347877,202.75024639693822
-0.18035336356114964,-0.983601883005609,-0.8840675099433637,0.46735921715800205,-0.2507386283912656,0.27444485464105906,0.47699954054190635,192.24712606434747
0.7310530279556127,0.682320650659886,0.8115390590073611,0.5842981736283684,-0.3406728958725911,0.6657180318296715,0.3164632635387221,202.12548635841333
-0.1976767533108536,0.9802672600880231,-0.8919813464595487,0.45207220393230374,-0.2508185099163591,0.7501944042910986,0.13581637746441302,219.10915866236368
0.45331633398261595,0.8913497076594357,0.7694148268839378,0.6387494220515272,-0.306862891476073,0.6784662034341267,0.18838163448527895,213.7832513535693
-0.06501890434709683,0.9978840323792655,-0.8631421280499115,-0.5049610547215202,-0.6206786662535391,0.5698958572663153,0.5487834161272164,237.67930437305822
-0.9710389759044337,-0.23892113191274789,-0.989932495087353,0.141540295217043,-0.425140935248227,0.5104672166996826,0.5166767324194711,226.22750066677855
-0.1556515053081192,0.9878120311553795,-0.9741004551724206,0.22611568550828803,-0.36814053451089335,0.6473301302710623,0.21963211389285292,214.40250537086976
0.10773175130700717,-0.9941799986724361,0.5667017562911176,0.8239230057575542,-0.22508407906213662,0.04446901131650956,0.0,193.16658800426538
0.8668675673974657,0.4985384845670395,0.2051044998686192,0.9787400799669153,-0.15106578967573864,0.39586825424968974,0.7081402126823466,197.21626872894484
-0.9613552733292671,0.2753108033514309,0.5234156073655503,0.8520775211013093,-0.2582188986618754,0.959101030130158,0.2347736652682834,227.26404036950038
0.03124810046070681,-0.9995116588702693,-0.3617137307297674,-0.9322892131745134,-0.8075150075891332,0.23989684759859436,0.2835191893461573,241.0724332617925
0.6653065693282155,-0.7465702705095618,-0.9760105506323682,-0.21772323039653224,-0.5651557496570189,0.5724204113193758,0.3478606687732528,240.5496842249355
0.9635971185495027,0.2673585478773694,0.6680638642135335,-0.7441039398713607,-0.8403335997662654,0.7354549269056878,0.32441993845585726,232.51658337734713
0.27632925424867133,-0.9610630277179396,-0.9829265519799822,-0.18399835165767986,-0.5587133827425479,0.4604038791119363,0.27198029500933746,226.89750205275587
-0.7997786661167945,0.6002949985002716,0.440518784350495,-0.8977433935342337,-0.8613931544506294,0.42957535627006366,0.43362153179611557,265.1328151186214
0.9972605731550456,0.07396856920658978,-0.9999907397361901,0.004303538296243821,-0.43068708639188275,0.5719007907158042,0.40239169928039575,208.80926415042393
-0.4413607614169396,0.8973297489114352,0.6287628145958344,-0.7775971469736269,-0.8655648090326038,0.42971369958334976,0.5830758124386811,259.7910947392853
-0.21565866658855962,-0.9764688113428122,0.9587178169872964,-0.2843591872810034,-0.6722868004438677,0.35692835588797667,0.45859427263882746,245.91983562351413
-0.17367041771297373,0.9848038312331047,-0.8115390590073611,0.5842981736283683,-0.19547243382513757,0.25651161320133076,0.6438062492550468,211.8020906009832
0.5445887158902849,-0.838703243421039,0.9275416835791966,0.37371971479046906,-0.43371556202810596,0.3706870154097917,0.2183915188912488,224.1823310081783
-0.7113383244255964,-0.7028497621849104,0.49377555015997715,0.869589389346611,-0.19173064662242895,0.6620568746233071,0.32918776373594516,183.74308865855753
-0.17746789077522207,0.9841265913203412,0.7638886127905428,-0.6453481132295501,-0.8287304726893637,0.3142116099373103,0.0,256.26216443801053
0.6200444936938669,0.7845666484371587,-0.9070138128026362,0.42110087079608916,-0.3232808427360378,0.4697854740776082,0.17289348496904558,216.67009996132612
-0.6096335139849354,-0.7926834037788224,-0.6354323008901775,0.7721565844991641,-0.11395113910285475,0.14252756944808262,0.36408241647176676,188.5894821960065
0.9930362928752623,-0.11780883257445669,0.26366549272800704,-0.9646141756912435,-0.8971735073468103,0.15857749265438184,0.1862844427148086,235.15048577809705
-0.9919658850144939,-0.1265056637760216,0.8880573226294932,-0.45973273945210397,-0.7282592044625805,0.35868249988155626,0.24222393032630424,259.2409828955635
0.5552622872509572,0.8316752926213664,-0.888057322629493,-0.4597327394521046,-0.609594919507122,0.5283700115116158,0.4072058960167455,257.90800463521464
-0.34844409851520725,0.9373295632860006,-0.9307239310379793,-0.3657225234972692,-0.5571121441889175,0.3765230962679971,0.3717090561407894,221.90110687718644
0.8540116181173262,0.5202539342673214,0.39359027665646673,-0.9192859697186104,-0.8996577841877457,0.5628286579705494,0.45496292269939564,252.88637831569343
0.4461632773802541,-0.8949515796495978,0.5947266869607634,0.8039279618328213,-0.20400585228086704,0.42743297326290686,0.11265025653621161,198.84190453931024
0.5889730638433263,0.8081526650744927,-0.4093559588156211,-0.9123747579707274,-0.8155445250516208,0.15737916056288986,0.27953656928747606,249.33097613465077
0.6660561634043003,-0.745901593503556,-0.19667288979357622,-0.9804691603616321,-0.8708732849288748,0.220891267919994,0.33908923883821945,252.55758432242297
-0.3990053896054171,0.9169485803826893,-0.5667017562911184,0.8239230057575536,-0.149807828154145,0.7063209929289602,0.5098931274931857,197.0379727430857
0.08470193943902969,0.9964063335082064,-0.8311706263658079,0.5560174366570446,-0.24988746922256969,0.9445630488656904,0.6887621149807528,210.42401171174353
-0.26308611868405424,-0.9647723535403363,0.8115390590073611,0.5842981736283684,-0.3015817993679115,0.6377790385741214,0.05299928364154188,195.11302119824657
-0.6257804720340272,0.7799992312950508,-0.965739937654855,0.25951179706979943,-0.3689642452889617,0.5307287017163268,0.37140173013836375,210.33347084372795
0.8253579278190242,0.5646098573229895,-0.888057322629493,-0.4597327394521046,-0.6406526121803796,0.7632344195148802,0.3991740744578357,231.07677326870524
0.602003350868483,0.798493560113742,0.38566340624360707,0.9226395488404876,-0.11415972863542628,0.4013966378532604,0.26802321609552965,193.02714681425124
0.7778112441083654,0.6284979463280661,-0.5012418134457756,-0.8653072543632061,-0.8308761187140423,0.5125403541381367,0.3026652865021058,264.0732921750963
0.9733206838211323,-0.2294490061995546,-0.4787338401157883,0.8779600847008883,-0.15214099578516346,0.5249180123075474,0.52079132765086,176.62786608857027
-0.6649617514443885,0.7468774123750237,-0.22192151300416674,0.9750645322571945,-0.09159055699292358,0.5181259620096352,0.25427474798738836,202.05796844296935
-0.2701310333278186,0.9628235689020315,0.7909456567567772,0.6118864012687243,-0.2926306794233042,0.559537092911148,0.3081339889451372,222.5210789345586
0.6769575378010837,0.7360220730482846,0.19667288979357647,-0.980469160361632,-0.8564935126096626,0.8732139633060347,0.1638312798710206,252.11255445045796
0.43356117647183356,-0.9011241347652162,0.9999166586547379,-0.01291029607500882,-0.5462528199253476,0.3088295757885624,0.27177395266468674,220.87665465399638
0.8098288488379171,0.5866662045745044,-0.5737722679043243,-0.8190148866680802,-0.7725675679844122,0.3908356086531285,0.2096983109238309,246.76423426966488
0.9912303527768211,-0.13214532808214874,0.8013610881746766,0.5981809144059165,-0.3141350757407585,0.3063238235129506,0.17602851674599954,191.87574435758705
-0.9281029900081517,0.3723235688724644,0.717676913675962,-0.6963762255968722,-0.7271144932847582,0.45580878720582846,0.26196748790395774,267.904142850155
-0.9848009203163786,0.17368692335352687,0.9700639218515071,0.2428497220959356,-0.4471973872303064,0.4813674214990072,0.37132056098926286,231.22306196197792
-0.9838339649749062,-0.17908302365594303,-0.7176769136759615,-0.6963762255968726,-0.6825245520498052,0.5255431730373228,0.153104120497029,270.4480405373106
0.7888740635284119,0.6145548892427519,0.6287628145958344,-0.7775971469736269,-0.8278930728749069,0.5828079244955443,0.2852840864466572,245.91626718729376
0.7992741781200958,-0.6009665449843654,-0.2636654927280072,-0.9646141756912435,-0.8111543113577333,0.24599552691168683,0.32625489126164664,235.56667713826408
0.8656110080461603,-0.5007170685619876,-0.622046748440868,0.7829801036770624,-0.2072685098092879,0.42892626328551325,0.39031752141120274,186.30079300795398
0.6698219467196467,-0.7425217570500563,0.8263541987239096,-0.5631507242749186,-0.8238888300788774,0.2380537010114237,0.2630731748956158,251.9761233393618
0.663066836937388,-0.7485601978156783,0.895839290734909,-0.4443781781046132,-0.7522256949296815,0.4865210276405709,0.18286164187169104,248.51109482021167
-0.9860735843017484,0.16630960989161978,-0.9275416835791965,0.3737197147904692,-0.2624595346926476,0.5278716577331304,0.22217395793847788,233.12207269393437
-0.038284694237345165,0.9992668723555049,0.9721181966290613,-0.23449138957040985,-0.6482668774311422,0.5737689663892321,0.5106634587135095,257.351081964766
-0.47676795158420127,0.8790291919738529,0.9275416835791966,0.37371971479046906,-0.36417599281037766,0.6475842970319494,0.3708510538294948,202.68164859775678
0.9608225880139393,-0.27716412892399317,0.9455963874271426,0.3253420847119801,-0.36943953079937986,0.14828418220053124,0.5013831258561472,192.71418901520056
0.9988891077922464,0.04712271569009923,-0.5452404385406507,-0.8382797052177745,-0.7308977231570473,0.506854024864287,0.27509844086742047,228.46296164054075
0.7826903810054642,0.6224112526951303,-0.06880242680232064,0.9976303053065857,-0.16286851400250726,0.8646434562425178,0.29543544219915624,184.79465943251418
0.7216838376481963,-0.6922228242967519,-0.5737722679043243,-0.8190148866680802,-0.719614714649801,0.38635082135213783,0.1090710499028289,236.2961339749103
0.18852749460715496,0.9820679119985283,0.9844738167520922,0.1755314904214282,-0.4805336683058121,0.6454445340393945,0.27968789775024283,229.4597458904271
0.0783194129978958,0.9969283171560858,0.6354323008901774,0.7721565844991642,-0.2308141388195471,0.5762286899681601,0.18406797740053332,200.10431747488065
-0.9999292756764225,-0.01189300824960144,0.9455963874271426,0.3253420847119801,-0.4631089181514656,0.2507680854718363,0.2798047080650265,243.1814350296294
-0.9851712913136401,-0.17157367738500803,-0.47115950767386394,-0.8820480249558535,-0.7997385432268534,0.20486885309205963,0.39441922194556484,263.6831668330444
-0.6792290649444839,0.7339263432624844,0.5086709438521044,0.8609610158889943,-0.17874068757482717,0.4830532960988746,0.5650979867558577,194.85912973302368
0.8455001612239177,0.5339751654996037,-0.9634705485641486,-0.26781430516217486,-0.5041978962424537,0.30798861324594007,0.41541919627508184,213.84162763224435
-0.8777609534719801,0.47909885050995504,6.432490598706546e-16,1.0,-0.1277552040444684,0.4046697964678299,0.47472641803273496,204.58655232686272
0.98985907771727,0.1420528291190138,-0.01721335615583528,0.9998518392091162,-0.07115116219545826,0.6197535849154746,0.2701162815896266,171.70351143574717
-0.9990697995265613,-0.04312233381853037,0.8996308696522433,0.43665123195606403,-0.376317992185128,0.5813468045151667,0.2787268237810041,234.47337056234568
0.9144642536290679,0.4046666885655797,-0.3131070409358267,-0.9497178427914317,-0.815537748398849,0.4685591419907199,0.12803991966081787,251.68887939294018
0.14142209011146895,-0.9899493888217233,-0.8359254794186365,-0.5488429582847199,-0.6981964814031768,0.1661486911783025,0.23225231442677166,240.343761684099
0.8601797342100326,0.509991004679845,-0.2135209154397959,-0.9769384927771817,-0.8661193077100607,0.5698829367679294,0.11567449174360991,243.01792350307645
0.7595825873042009,-0.6504108648110485,0.6354323008901774,0.7721565844991642,-0.2707448838492082,0.565088448945357,0.34440368971063273,192.41694007464764
0.9795945636122192,-0.20098380765968635,0.854322169749827,-0.5197438121555155,-0.8140808940689611,0.4039810761127141,0.3057633185659269,237.270389715337
0.9244646809947907,0.3812676928264441,0.39359027665646673,-0.9192859697186104,-0.7999833845253889,0.28236703538172925,0.4231034281115928,234.5835279208051
0.9927563260191946,-0.12014523356700618,0.8452490573530633,-0.5343725582809786,-0.829281893492618,0.7302149032341589,0.29173053075036587,238.9419026043536
0.29733495307387936,0.9547732325953393,0.401487989205973,0.9158642882672872,-0.14467261010596494,0.33719585897179705,0.42739173503499894,192.55779910699664
-0.9999443263700833,0.01055197423614758,-0.008606996888688009,-0.9999629591162655,-0.9102202497821966,0.702683727286317,0.27471045925498855,281.13186321916805
-0.16356241720934497,0.9865329876271934,-0.008606996888688009,-0.9999629591162655,-0.9118410630364636,0.6579561441054084,0.30009862404239485,250.01676040798586
-0.6053769960296632,0.7959388749634617,-0.4405187843504952,-0.8977433935342336,-0.8258346023389928,0.23883761903308537,0.31601696362914583,244.23603732363142
0.1443027963043073,-0.9895335784998696,-0.23030567023061196,-0.973118337233262,-0.8781924496267508,0.43175103034643303,0.34812825448325735,245.2398457060896
0.8146585282289891,0.5799409300814846,0.989932495087353,0.141540295217043,-0.4533953957025013,0.06999638029259288,0.3917020024662979,207.73963942527908
-0.9354972477348733,0.35333397725166066,0.9427611433904207,-0.3334687789181868,-0.7474278464671573,0.6511470511252542,0.17466209051305512,254.27252627651578
-0.04135274209278009,0.9991446095142624,0.989932495087353,0.141540295217043,-0.5442114531367716,0.015,0.31523833447470406,227.652059612483
0.32403507038539814,-0.9460450693071287,0.12874817745258132,-0.99167731989929,-0.8754990288744616,0.32131112295510506,0.4044458084279267,243.4919199742631
-0.7864725924270176,0.617625178697506,-0.6994583270516471,0.7146733860429608,-0.16828877483625765,0.09323428812639176,0.45275839840093407,198.96435209571064
-0.01878877285122823,0.99982347542691,0.9634705485641488,-0.2678143051621742,-0.7290485736161624,0.2792047923025668,0.0242955316121668,253.24233003696796
-0.7193916006871137,-0.6946047256251805,-0.9562348265919058,0.2926003356333479,-0.27454907061381456,0.11356306807766652,0.32421954431929817,203.3137545822485
-0.7394886735882209,0.6731689993120106,-0.9922222094179324,0.12447926388678869,-0.47043308430504405,0.7907623063551578,0.41344482605840394,225.30460802056717
0.5574703843870177,0.83019682637998,-0.9536809966304455,-0.300819807635668,-0.5424331222953458,0.2932276433023329,0.6421289081022872,224.48109796874158
0.7963963957020614,-0.604774983702836,-0.07738647923346322,-0.9970011699250151,-0.861835522856024,0.6127076839890186,0.5330281128767738,250.2283096842132
0.9987545424732739,-0.049893525521867876,-0.7961828637826154,-0.6050560696488494,-0.6480570568022648,0.32334777263674896,0.33929075013601157,207.45070439906232
-0.3691205723107535,0.9293815164382073,0.9455963874271426,0.3253420847119801,-0.4393007288739691,0.27214341789037044,0.490887935849599,212.01440713195547
-0.7744901212024525,0.6325860037653461,-0.07738647923346322,-0.9970011699250151,-0.8708267615846519,0.1545179301802604,0.4924749406213432,262.4374832899899
-0.0783291331319583,-0.9969275534876122,-0.09453674981719933,-0.9955213724144752,-0.9118900674526764,0.42271719217466924,0.2277650308954332,266.3799032292347
-0.910628300215519,-0.4132264498390617,0.6744436188329455,0.7383263540031065,-0.20799667007760644,0.31892095287390343,0.3156272797972891,208.57320777071942
-0.14132646877526395,0.9899630443726242,-0.7236440382959124,0.690173388242972,-0.15764382675693228,0.2614849163959806,0.5683826140827998,189.99159384250137
-0.9014958150288375,0.43278781808813893,-0.10310169744743544,0.9946708199115211,-0.10646501217869825,0.8661988680959307,0.33465484075005913,203.29968906258168
-0.7946423882346467,0.6070778161164654,-0.37770796520396466,-0.9259247771938499,-0.7619755837213745,0.5885681420674169,0.37146580645368865,258.11344017253987
0.5542797963067772,0.8323304075943144,-0.3697245428906732,0.9291414114031743,-0.07375317935286554,0.19471204555112118,0.3657732539122096,189.02473625587035
0.9055570225373615,0.4242245619165263,0.6870527672236669,0.7266075247685656,-0.19264397053298377,0.34368861236833775,0.6152355865354169,182.9340315678139
-0.9934567636806257,0.1142088380871518,-0.3617137307297674,-0.9322892131745134,-0.900869494185908,0.530743895863466,0.4472310604464961,281.4482983896744
0.972567859361742,0.23261934342723728,-0.9106046300942162,-0.41327860778290443,-0.6263206744145734,1.0874397613256428,0.3159545214456217,215.08481871157767
0.2382222864487989,0.9712106580135468,-0.7638886127905429,-0.64534811322955,-0.729765922379086,0.6007996081723117,0.46023159308067446,249.1244343456957
-0.0765125111937643,0.9970686213249438,0.288482432880609,0.9574851883550393,-0.1542869688658971,0.33945887834492255,0.3281578613986619,195.5876251990989
-0.9692683334056732,0.24600588988271946,-0.060213277365792774,-0.9981855344718586,-0.8885386905063348,0.6123264936275737,0.3060414081258047,266.80212057500796
0.4655940484897636,-0.8849984079143373,-0.23867276600594997,0.9711000518829505,-0.07658339596190354,0.5168355283188455,0.3187849510628985,189.94965955525808
0.42156224405947346,0.9067994675690656,0.9510565162951535,0.30901699437494745,-0.45694710379352343,0.33571433961723585,0.3909281393003461,225.55300559154009
0.9746744839188342,0.22362837565379362,-0.99665890175417,-0.08167639533042288,-0.48623404307101914,0.08137715885991867,0.39488660918804364,217.14480383195342
0.5487143057596277,0.8360099345430829,0.4635502709028509,0.886070621534138,-0.1788719872451911,0.6241458916627798,0.24047927560769305,197.05666310306597
-0.3567544349460199,0.9341981979999459,0.06021327736579302,-0.9981855344718586,-0.8924225275959895,0.3551023144734161,0.13547784179732733,252.55435146562868
-0.21452496876633928,0.9767185048803986,0.989932495087353,0.141540295217043,-0.573743374065458,0.06781235701805884,0.44810962880537064,231.13025575278098
-0.978487189379669,0.20630758643315983,-0.970063921851507,0.2428497220959358,-0.3530795089053466,0.31585320781786197,0.2705234995075613,232.8609838636597
-0.4734145204699326,-0.8808397651152131,-0.38566340624360745,0.9226395488404875,-0.08252265669047447,0.6566191383956064,0.4947371321734345,197.8526668010238
0.08902016097810594,0.99602982432226,0.3294084822245304,-0.9441875088341993,-0.9500815850313279,0.18346658563292806,0.5982142797910376,277.10799879866175
-0.7530068308826754,0.6580126994549801,-0.9536809966304455,-0.300819807635668,-0.599914690967482,0.8752983979487331,0.5800480292896969,233.13877998169568
-0.07383177365090562,0.997270710088069,0.03442161162274574,0.9994074007397048,-0.1349839101863167,0.6095831119776829,0.5974119950703582,184.5844267603944
0.3130259905879712,-0.9497445599825352,-0.6354323008901775,0.7721565844991641,-0.13375850604962303,0.5639031680041124,0.30704491216208496,193.2989863208864
-0.9439196741365844,-0.3301751789245888,-0.5452404385406507,-0.8382797052177745,-0.8507841243328486,1.0202690451431156,0.3510293865018862,257.933994461273
0.8160286575740245,-0.578011444538891,0.9427611433904207,-0.3334687789181868,-0.6970238580547539,0.9854162278974515,0.20190735936945203,231.73227646495064
0.10155735119165074,0.9948296861367456,-0.07738647923346322,-0.9970011699250151,-0.9176260566508178,0.4592020030078901,0.46109188228524733,264.1394197170667
-0.9497219299791326,-0.31309464338552884,0.8919813464595485,0.45207220393230435,-0.4092233637921441,0.34406377205184613,0.1867618784857454,233.25889872896727
0.4492299572247155,-0.8934161659226233,-0.9973249731081555,0.07309512989807776,-0.4150652365104103,0.574481409065241,0.4539031869301525,218.7250569351659
0.2558425622787125,-0.9667184612526354,0.9999907397361901,0.004303538296244289,-0.5389291557625239,0.29772588838238884,0.4561317825373426,230.4225096170605
-0.8267569055322544,0.5625593472290109,0.5877852522924732,-0.8090169943749473,-0.896210873926658,0.6575803246808478,0.25940647040171705,269.1261125145206
-0.95503725040645,-0.2964858349670143,0.5877852522924732,-0.8090169943749473,-0.8425538514885895,0.8771278068871773,0.19596542653862675,272.04586453959064
0.5339046569443773,0.8455446867511538,0.8013610881746766,0.5981809144059165,-0.3047470745290743,0.525005790345666,0.6664296587262045,204.66700541470067
0.0225865758667405,-0.9997448907549445,0.8013610881746766,0.5981809144059165,-0.2791998011064472,0.47996746486934094,0.0,212.7987391328755
-0.9390136600637072,0.3438798426976501,-0.9141279881853337,0.4054257283599973,-0.3510534670019295,0.6020648751503408,0.17513648424922124,227.11550633117673
0.9855163472499763,0.16958045082810758,0.9536809966304457,-0.30081980763566735,-0.663684245819479,0.2869925842883048,0.36132173466508016,229.93593515227934
0.8067445532553632,-0.5909003518299887,0.8919813464595485,0.45207220393230435,-0.4206940766197086,0.6871765305155829,0.3654693404019593,208.138159889277
-0.9582257095142085,-0.28601309345201614,-0.5524353131676203,0.8335557718385695,-0.15651902920522812,0.4736269820110758,0.301493821184161,218.11682165112657
0.9938854711954959,-0.11041589625822511,0.5877852522924732,-0.8090169943749473,-0.885254480937249,0.575926874238435,0.2502159287154073,241.21391751502898
-0.8861088918251658,-0.4634771103607778,-0.5012418134457756,-0.8653072543632061,-0.8015827963635094,0.9128044486599414,0.3285794283614785,255.71689219187277
-0.8417269685625361,0.5399034269149653,-0.16280701293851646,-0.9866579328916572,-0.8874626360457266,0.4844037242608558,0.07510242215401461,285.93656643861084
0.8604542313578109,-0.5095277379480325,0.3294084822245304,-0.9441875088341993,-0.8881166002604651,1.0829262789012999,0.2003665470994506,253.84188327233412
-0.6672666192352479,-0.7448189436731337,0.9911140639934547,-0.1330147065341959,-0.6068172845192457,1.0131962644524848,0.28174500309282063,224.2694442019757
0.4308752749201777,-0.9024114900988691,-0.9275416835791965,0.3737197147904692,-0.30037944838444935,0.6597365268883977,0.26452974102445964,210.915206698245
-0.108342002450235,-0.9941136808761226,0.3294084822245304,-0.9441875088341993,-0.8866246690123225,0.2737360993190743,0.2565428250623927,248.90078434337715
-0.026744623129779557,-0.9996422985916743,0.8996308696522433,0.43665123195606403,-0.35326017442936264,0.23753252396029892,0.12686721125004455,201.41690492406147
-0.8531719611929139,0.5216297581946767,0.7412220108485958,-0.6712599575675313,-0.7820114908547651,0.24065171965306315,0.3915755150527945,254.31443801585988
0.5530360131691934,0.8331573489671226,0.7354170229639855,0.6776147890466889,-0.2867165868904338,0.2148843121786098,0.40092100170074596,213.72468541467182
-0.2709716717867224,-0.9625873223189202,-0.034421611622745804,0.9994074007397048,-0.11188579263235397,0.44872071404933866,0.5124329251625875,192.72837164826726
-0.9988418999668773,-0.04811298027101057,0.2219215130041655,0.9750645322571948,-0.15446817350303219,0.624997461145673,0.4406279792952531,216.47898604012164
-0.8182317920556983,-0.5748884539363446,0.854322169749827,-0.5197438121555155,-0.7331317671967131,0.33650239644351243,0.3373830039317146,249.5885558823752
-0.9889449185603246,-0.1482833370737011,0.8263541987239096,-0.5631507242749186,-0.775215590193102,0.5434425040595168,0.18310785113032416,264.92058758131424
-0.39728689505156806,0.9176944606023751,0.6744436188329455,0.7383263540031065,-0.29194388498917495,0.5400574234344032,0.1710521047349726,208.8177136122319
-0.7419985799428938,0.670401452387097,-0.9209712877166347,0.38963044953078774,-0.2730627014200147,0.8260447605556422,0.5404153549658655,210.46576787909362
-0.614867264326111,0.788630615218636,0.7295575540864875,-0.6839194216246106,-0.7902512225969639,0.552073706162664,0.46622187577584334,250.52533042432768
-0.5213241292298084,0.853358747703908,-0.060213277365792774,-0.9981855344718586,-0.8789606360304251,0.49904762018490406,0.38670483272193984,269.42021801804293
-0.2534509781149431,0.9673482318651224,-0.9175836260593934,-0.3975428142825566,-0.5718538714523685,0.27667924341632105,0.522938129604974,238.36707060423853
-0.6388098823590513,0.7693646301984612,-0.17976658572556214,-0.9837092937736098,-0.8595617605694277,0.3286933168194934,0.19779555427105266,242.49323209523325
-0.8432029186285428,-0.5375954222427001,0.9999166586547379,-0.01291029607500882,-0.6257389808413643,0.6178908689111969,0.11992077218071634,242.2067951523283
-0.15074814819262605,0.988572200608784,0.8674563547295969,0.49751328890718066,-0.39615937124999023,0.7048613629585245,0.3132152350213918,222.61603985729718
-0.1362253183484599,-0.9906778803631687,0.9873494423939864,0.15855938510313475,-0.47920980028425647,0.30985553269908045,0.3178401738003024,211.04645646754727
0.18463559259642165,0.9828070502120791,-0.801361088174677,0.5981809144059158,-0.16772944033549447,0.7119809495009191,0.34590901395096124,201.0230101532332
-0.5950184317857304,0.8037120540562086,0.8498170915275278,0.5270777086423722,-0.34141192124836345,0.8033803010364291,0.40052374363492005,213.76951069862605
-0.9902384210087625,-0.13938389274974666,0.6744436188329455,0.7383263540031065,-0.34932083795152147,0.6216997439179343,0.2763165831869643,222.17056705095544
-0.9655184766387434,-0.2603345372193257,0.06021327736579302,-0.9981855344718586,-0.9347501625307396,0.5321745648703033,0.22273911710869732,277.19936411527414
0.3910152140249614,-0.920384214554451,-0.9427611433904206,-0.33346877891818705,-0.5731423163097614,0.901701008136025,0.2078310147664355,229.75433068911514
-0.23728463120759066,0.9714401699500992,0.6152845999633276,-0.7883050558305255,-0.8072308301914803,0.6078134171315165,0.5325503628207018,252.02375240615825
0.9260640359940359,-0.37736640184101844,-0.8919813464595487,0.45207220393230374,-0.3486653802381418,0.6106550548322291,0.0,204.52731493564232
-0.568974167036188,-0.822355395948416,-0.5595892624101763,-0.828770087174504,-0.7578295174070471,0.5066357047585097,0.3021578762132669,237.55908440259276
-0.6242400934221874,-0.7812325554943667,0.8214765533024142,0.5702422926917871,-0.36638169712817265,0.2412907917783655,0.40340747388606113,223.6701318779089
0.3125799912663041,-0.9498914406709629,0.5380051715382996,0.8429415373547828,-0.26557095078556153,0.6764601922982983,0.610291443120685,209.73474320083793
-0.5191153174139873,-0.8547042103711524,0.7856498550787147,-0.6186714032625031,-0.8571922647070863,0.37398549085486155,0.5904249637323093,247.27970900524448
0.5963593730899837,-0.8027175705861443,0.02581844022713308,-0.9996666485105112,-0.8485479551907423,0.06535079738522134,0.5251455429564799,270.55991901286353
-0.9671671669124102,0.2541410459697961,-0.6016240632249227,-0.7987793728863648,-0.7993824427798343,0.4263424183950302,0.36540779889295844,269.60416139933704
0.6950261097347169,0.7189844969031148,0.36171373072976765,-0.9322892131745133,-0.8855897094654531,0.31413176177031465,0.310722378037845,262.0697963076282
0.9742051956775195,0.22566399073606283,0.23030567023061221,-0.9731183372332619,-0.8972564357855254,0.3144214539734054,0.26565001249537756,242.29308307681492
-0.5969068664144426,-0.8023105339127057,0.5877852522924732,-0.8090169943749473,-0.8596389763489033,0.5486039806497207,0.25111269886008847,253.25173975033252
-0.9776205938632814,-0.21037579341360801,0.6287628145958344,-0.7775971469736269,-0.8714095259503952,0.8175279693147788,0.22982273989232227,284.1492013157381
0.47208847081019834,-0.8815511758985343,-0.5524353131676203,0.8335557718385695,-0.17137875514752682,0.2450027044733784,0.32510993824844303,202.65475483453628
0.9474011964843951,0.3200483914971867,0.3131070409358269,-0.9497178427914316,-0.864145353611468,0.6971537974943047,0.3737430681041773,251.00653821444124
0.7030641921539074,0.711126389406956,0.8758917051442429,0.48250774176121847,-0.33336520140310794,0.5214218495652029,0.38345659191854303,200.21651026749566
0.996363000714339,0.08521015671572335,-0.24702218048093527,-0.9690098257244063,-0.8565369345741884,0.512606159617473,0.32379172738225126,236.82428088630024
-0.5270814044552692,0.8498147992812675,0.051619667223253764,0.998666816288476,-0.03383806927860112,0.21880502847152714,0.2583001726675122,191.28105778328927
0.2304395339730435,0.9730866462871056,-0.4093559588156211,-0.9123747579707274,-0.838710051298657,0.23548709701557052,0.28165974895594414,245.62641517215602
0.5627058756139391,0.8266571826032543,-0.8452490573530634,-0.5343725582809785,-0.7191773608360823,0.5059028120386688,0.397900363602839,247.11315462910497
0.9122039604012347,-0.4097364209199648,0.6551563572090853,-0.7554933140726803,-0.8323631552036328,0.4288137106148907,0.37040711584837427,248.9682149338601
0.6211765445024372,-0.7836706582232179,0.4171936026123168,0.9088176373395029,-0.2090167300093819,0.24439981851774678,0.26547761832338496,205.7261084548175
-0.20492468117138438,0.9787777454799462,-0.5808002734538013,0.8140460935082175,-0.14956949878359607,0.614907814761274,0.42030445917150405,209.6504237442112
-0.8897006057690255,0.45654444700842556,0.4171936026123168,0.9088176373395029,-0.0702156143379597,0.4420724112574209,0.6265384112880472,202.4806871894422
-0.9869435969594612,-0.16106624854612,-0.20510449986861926,0.9787400799669153,-0.1123828182190977,0.48771525180750147,0.3836794263859794,217.74001709949295
-0.06551788719890984,0.9978513949767225,-0.9992500112396835,0.03872228089217399,-0.4550321871910061,0.11400910450027735,0.5963718723211993,224.20753831813818
-0.6691959127540152,0.743086018138762,0.7526668275320085,-0.6584015846980488,-0.8178083223740651,0.5354498331074895,0.332579494255026,260.70510244275
-0.6506447097686207,-0.7593822895288693,-0.20510449986861926,0.9787400799669153,-0.1298468312839887,0.6224831624761837,0.36552219605309466,188.5097370534652
-0.4547830072424174,0.8906022772952825,0.9984354211555643,0.055916990100603484,-0.550338198228165,0.387497921577055,0.28204455590719024,225.5031056732124
-0.6480211607308716,0.7616223311097265,-0.8996308696522434,0.4366512319560638,-0.2804854107885729,0.577625206191285,0.4713493769625072,193.35705605996083
-0.8709111158657674,-0.4914405643223235,-0.7176769136759615,-0.6963762255968726,-0.7764076594168076,0.3280270345701445,0.3048319337398766,263.91204973697916
0.899648551490081,-0.43661480025509786,0.6152845999633276,-0.7883050558305255,-0.878420687343914,0.5070908321825343,0.30712737519894695,248.93080377939913
-0.9948228473087618,0.10162432028057057,0.717676913675962,-0.6963762255968722,-0.8048762247767232,0.4301556543788797,0.18412180948140916,269.0540059844476
-0.9957191834009946,-0.09243001572679957,-0.5380051715382992,0.8429415373547832,-0.11810174839668637,0.3469956340913941,0.3365420965380218,209.31486039787595
0.36968341909606955,0.9291577743555933,-0.9427611433904206,-0.33346877891818705,-0.5623568380059674,0.6141016654454339,0.32862505968741507,238.97932397660273
0.8428090665782487,-0.5382126692056785,0.8013610881746766,0.5981809144059165,-0.376649704322895,0.3577290545166562,0.41940658715516954,197.3974816890707
-0.7766494721554258,0.6299330102484696,-0.9859481499638303,-0.1670516255021195,-0.5269052652330029,0.4863859795525953,0.19060080996229387,235.0370844548636
0.6161808212547918,0.7876047203501071,-0.9679377830240642,-0.25119006388481957,-0.4740412836587475,0.507951919168768,0.5488341321757544,215.1134694460757
-0.1560330383237308,0.9877518367239138,-0.2636654927280072,-0.9646141756912435,-0.8598044991444769,0.6369727323604726,0.1870988328011204,239.48396664867073
0.4646282552899397,-0.8855058353202573,0.6287628145958344,-0.7775971469736269,-0.9372442370665754,0.34823176707834463,0.1761441862193019,265.2841498584907
-0.803003356551403,-0.5959745039573257,-0.9275416835791965,0.3737197147904692,-0.29573589529440925,0.7208887373656196,0.5649451433254497,212.20718113165196
0.9227448377981384,0.38541142214118046,-0.7961828637826154,-0.6050560696488494,-0.6789589651612655,0.32670070385303374,0.5373460854175296,244.96203780443145
0.8017291568788978,-0.5976875094982759,-0.7526668275320083,-0.6584015846980489,-0.7301026968749472,0.6611321589051355,0.4483564139063505,236.02406040925902
-0.013762204052104402,-0.9999052963854268,-0.3617137307297674,-0.9322892131745134,-0.8464214708299419,0.5844120956590777,0.2704833307980933,252.3426902769248
0.7299112803604231,-0.6835418954260286,0.6680638642135335,-0.7441039398713607,-0.8122410688320315,0.6621052494027225,0.36475333179158065,243.87090899097305
0.5740173102850482,-0.8188431641609514,0.9951053111006976,-0.09882013873287143,-0.6290252436071644,0.4176094513245306,0.16702571521073545,229.31119744187123
-0.11671659762209201,-0.9931652610917896,-0.9368813462954315,-0.34964745525122826,-0.5797518561358533,0.5245008937471758,0.35039398016097917,221.21702865728747
0.3277059921823696,0.9447797535340016,0.8498170915275278,0.5270777086423722,-0.338440236120387,0.5720550350873521,0.43505827160921084,216.16630926658604
-0.20052089043167934,-0.9796894265533779,0.5524353131676196,0.8335557718385699,-0.21840046969410204,0.4090602037489976,0.6265157514184401,190.28025836816573
0.5943953211016647,0.8041729927400254,-0.3294084822245302,-0.9441875088341994,-0.9343510461304438,0.28150417385095866,0.28888229445330105,268.76507982243976
0.030332700209015857,-0.9995398577835853,0.6932812268869777,-0.7206671495538609,-0.8690136286786987,0.5392436896211888,0.4090025407658527,254.34637913742856
-0.9948765057621949,-0.10109766704729353,0.5595892624101765,-0.8287700871745038,-0.8360834013360308,0.23785261926635676,0.4672283715384995,285.13900827172284
-0.6941887463153101,-0.7197930150322229,-0.10310169744743544,0.9946708199115211,-0.10982218592427617,0.44819650118008425,0.02718245394097385,185.31728588414026
0.42267628496087495,0.9062807281034245,-0.27195815753410524,0.9623090774541487,-0.023646634089172593,0.3619896025224252,0.4434394683279455,206.18017194312284
-0.23501504948991478,0.9719917317103335,0.9510565162951535,0.30901699437494745,-0.3305378013646542,0.36858374626533574,0.18302681105927296,206.68745402806204
0.8784924543995803,0.4777562218987851,0.6354323008901774,0.7721565844991642,-0.24075525706656703,0.5456459762929684,0.32135166314072744,194.74192192896626
-0.1902101556026877,0.9817433965683707,0.02581844022713308,-0.9996666485105112,-0.8962627357053853,0.2743691849723372,0.2333441132167972,263.0992365601171
-0.4101780931648871,-0.9120054450975702,0.15430882066428117,0.9880226656636976,-0.12412472817954347,0.5712562498533547,0.6044033569747611,184.7138400435736
-0.019768571540974875,-0.9998045826956533,-0.99665890175417,-0.08167639533042288,-0.4119385519932748,0.4858385217099701,0.06094454192758059,219.17607505312984
0.29334150043963014,-0.9560077217888078,0.1797665857255624,-0.9837092937736097,-1.0204612034833962,0.687181882655393,0.27672900957608987,260.8160311867198
-0.855608891510702,-0.5176228595877772,0.7638886127905428,-0.6453481132295501,-0.7869966001005096,0.4700756907457503,0.48616483800234,250.38381652126412
-0.6307561251048359,0.7759811277619659,0.19667288979357647,-0.980469160361632,-0.9776156977872941,0.3254996754040574,0.3654060159147015,280.25683641572436
0.09814320130746712,-0.9951723026878924,-0.8498170915275277,0.5270777086423724,-0.2535092146601554,0.444753805406623,0.5001368249905092,199.36364949665446
-0.7852565399140076,0.619170547201884,-0.47115950767386394,-0.8820480249558535,-0.83771836352255,0.38790282266446363,0.2753013796345961,257.10861395310644
0.19296181360390038,0.981206267046177,-0.9483615800121716,-0.31719128858910595,-0.5910072411003181,0.20238468530912262,0.2116046749988211,237.78963820510012
0.9383914972983147,0.3455740120411646,0.7116566222817746,0.7025274741691571,-0.28345649662109035,0.5323308375935947,0.5254786199718602,194.27193033826987
-0.6975172076234678,0.7165680324080611,0.6551563572090853,-0.7554933140726803,-0.9353087255835765,0.28965224890087576,0.030270294846276025,264.64563233775505
0.8908702718418658,0.4542578108832032,-0.9979171608653922,-0.06450844944931625,-0.4832845927729095,0.6329981837240106,0.4374668971878079,217.03422228690735
0.6324425304501913,-0.7746072848080883,0.21352091543979612,-0.9769384927771817,-0.9035462896321191,0.015,0.5580481007596652,254.44519177588393
-0.9545572699163652,-0.29802754646142254,-0.9932568492674143,-0.11593459959550066,-0.5017828864732558,0.5289649329228521,0.35876928815120607,247.5760274909603
-0.4067123275883313,-0.9135562832073796,-0.7638886127905429,-0.64534811322955,-0.7034183991806916,0.5237515964278009,0.18642993535523686,237.15342800515606
0.7982907751984252,0.6022722293391065,-0.23867276600594997,0.9711000518829505,-0.14564768103692008,0.4915180586261805,0.2432288946582287,192.08123351217307
-0.701733489196297,-0.7124395484112253,0.545240438540651,-0.8382797052177744,-0.8824286743094683,0.3877608933818475,0.21043564617839755,253.48754515453214
0.28587325720009826,-0.9582674370016997,0.13727877211326478,0.9905324521322229,-0.04431152251802011,0.82338990163542,0.3771376903980512,199.89240393159596
0.32803549955871203,0.9446653963331494,0.8919813464595485,0.45207220393230435,-0.378468803095017,0.4021015671591929,0.4694376722930784,204.55186996437664
0.761298019161143,0.64840213295556,0.7961828637826158,-0.6050560696488488,-0.8374457938009826,0.4689433340038726,0.5103446029385917,243.7756733061262
-0.861782896166951,-0.5072772810545552,-0.9634705485641486,-0.26781430516217486,-0.518662676538025,0.488743029305556,0.233544400173761,228.76022887485254
0.4140851594997121,-0.9102381450379334,0.9859481499638304,-0.16705162550211924,-0.6443074035089605,0.5567490061007649,0.42830724615278937,245.62263292177326
0.1677324258974092,-0.9858325584512667,0.288482432880609,0.9574851883550393,-0.16740970909177416,0.25165783261397723,0.5369816822133833,193.6144908194006
-0.6226223928145866,0.7825224316055346,0.7694148268839378,0.6387494220515272,-0.3222108792129139,0.31600837922633457,0.49734331045858204,207.81725256347823
-0.39083941259141625,-0.9204588820611145,0.9992500112396835,0.03872228089217446,-0.6011127732402428,0.39877971538854357,0.2006209349853601,218.95673922198017
0.9999999917487236,-0.00012846226249340863,0.9796136916454901,-0.20089055513063506,-0.6275809663347469,0.3319552616715806,0.23344568456252693,221.0000944335448
0.512271526143799,0.858823546196949,0.42500033996955416,-0.9051931898913974,-0.9214807150608784,0.21794089364343439,0.2341647224147057,268.43981915203403
0.5674878004039505,0.8233818047495863,-0.655156357209085,-0.7554933140726804,-0.7678951479611161,0.41983973486592985,0.09232658904800117,259.41765371900453
-0.39784081640472085,0.9174544592525697,-0.9634705485641486,-0.26781430516217486,-0.583457918059613,0.42265113957138656,0.15601642522106926,240.33721598329865
0.24086783741449078,-0.9705579245461171,-0.47115950767386394,-0.8820480249558535,-0.8239339028629109,0.5667130208086912,0.3496042558180456,245.5897971288544
0.5274664953056754,0.8495758331838,-0.5452404385406507,-0.8382797052177745,-0.7851748993734011,0.7515234946705712,0.5725810781760041,246.6270704499648
0.7171411464971236,0.6969279561050705,-0.16280701293851646,-0.9866579328916572,-0.8935147528445971,0.21839488809062738,0.13341900935087134,264.2264109600076
0.33006909460522643,0.943956774850674,0.5160623910158528,-0.8565509959010036,-0.8921968318742404,0.5333850119278442,0.2556601837056464,260.561275347892
0.24734619284208612,-0.9689271700631197,-0.9911140639934546,-0.13301470653419636,-0.48647692838228224,0.27956366600526344,0.36740476640366126,224.27477273739706
0.6230282191270532,0.7821993596081325,-0.5234156073655503,0.8520775211013093,-0.18706444760012672,0.16683279743598542,0.1643251973817494,201.33206040697772
0.6911267247297148,0.7227335957075588,0.5234156073655503,0.8520775211013093,-0.2208014029602556,0.3525525819743212,0.16538346053110256,213.5658065329295
-0.9540635408038299,-0.2996043392690744,0.4635502709028509,0.886070621534138,-0.15814402638472297,0.21933510564366543,0.3003367257514018,210.9612761202912
-0.7691824047742437,-0.639029285859194,-0.32126966169236515,0.9469877530760751,-0.05940795946469975,0.45288770163873754,0.4388546416958316,193.24631681154293
-0.9395608430052029,0.3423819830121795,0.06880242680231986,0.9976303053065857,-0.08931349810800264,0.37954743660962403,0.24960256013901544,202.06668636686032
-0.12422706479023093,-0.9922538165074518,0.8758917051442429,0.48250774176121847,-0.3459692708803194,0.5221975879303118,0.3212315119229985,211.78482617111624
-0.8679256753693902,0.496694093013585,0.2219215130041655,0.9750645322571948,-0.09957155357009213,0.41149103175642787,0.33754987669636105,188.22489922494464
-0.904100862928952,0.4273191192201964,0.9979171608653922,-0.06450844944931623,-0.630481014406318,0.616093158247544,0.42282471515680725,251.6484713289271
-0.9083283969225993,-0.4182577235915925,-0.7694148268839381,0.6387494220515268,-0.2517601823113569,0.6507382415499015,0.1592709379811678,211.21057179271452
0.777223133146922,0.6292250800002189,0.9979171608653922,-0.06450844944931623,-0.6179551961082261,0.5922787735064465,0.31622298943546695,226.81296722738887
-0.9986288946513325,-0.05234816871159589,-0.9796136916454901,-0.20089055513063528,-0.5332619559023624,0.25728092844842954,0.2706839773314562,248.219983613519
0.04419323719698166,-0.9990230016301183,-0.8840675099433637,0.46735921715800205,-0.29516311907126996,0.7624709975477639,0.24612348450144722,206.96353315600757
-0.9513372760782436,0.3081515652143077,-0.12020804489935275,0.9927487224577402,-0.08073852024137051,0.11782683434989023,0.3817123310640933,213.2554987806133
-0.39258225055565255,-0.9197169002191157,0.8758917051442429,0.48250774176121847,-0.3623245917776324,0.6059846871602986,0.44708493081620393,208.4110107495682
-0.8105738648636283,-0.5856364141684159,-0.5524353131676203,0.8335557718385695,-0.10505163419113903,0.35558811320596045,0.18423391134742328,207.91226590541038
0.2002818494990246,-0.9797383225949927,0.9455963874271426,0.3253420847119801,-0.46285532103265015,0.37281780836392203,0.29965586859786986,210.4941408912224
0.7794565156226072,-0.6264563354723649,0.9873494423939864,0.15855938510313475,-0.5359981743002676,0.6209807263388537,0.18037918010951048,218.8425316152615
-0.08187337945146612,-0.9966427392687894,-0.2967128192734901,-0.9549667548552553,-0.8383836205727089,0.7295972843916041,0.3592631021433356,256.7269627205162
-0.9813439694850129,-0.19226027555217473,-0.4787338401157883,0.8779600847008883,-0.11605760752105404,0.3063506477964163,0.5212878743189754,210.27490768134757
0.9452069922923628,-0.326471655311185,-0.4482293417404106,0.893918596519257,-0.06396302360178575,0.31773224124928057,0.05748146759825873,182.24888451020806
0.10195782486727686,-0.9947887222663583,-0.5524353131676203,0.8335557718385695,-0.10981579072870758,0.7403921309723129,0.27228649594169574,192.78741887387292
-0.9872940573153706,0.15890388412418946,-0.9721181966290612,-0.23449138957041052,-0.5355707694539034,0.7594602108403192,0.24203219653672248,236.2515033161644
-0.5297232211848862,-0.8481705659462064,0.28023067519921585,-0.9599326896597447,-0.8895863667710405,0.24330390673268623,0.2234349762685775,257.8820630481266
-0.8014498181869746,0.5980620276593936,0.2719581575341055,0.9623090774541486,-0.12197591235702808,0.4094156668242088,0.35651086893941725,205.20214638753495
0.003556876080006377,-0.9999936742962685,0.8115390590073611,0.5842981736283684,-0.3124783880678844,0.39900958277337717,0.20021081111083305,193.46560651591804
0.6150485945300358,0.7884892049778662,0.8631421280499114,-0.5049610547215204,-0.7976663969528175,0.8164659890938379,0.49727168631982976,246.3289598113445
-0.9993328665864685,0.03652152461318813,-0.24702218048093527,-0.9690098257244063,-0.8824649047584998,0.4110544024126378,0.34634376035177966,281.3350003572404
0.35917855816105754,-0.9332688590954612,0.6084768701151261,0.7935716089521474,-0.18489221919358856,0.41123303966316777,0.17080793858663454,193.4790232964044
-0.46208445570659085,0.886835923829399,0.2719581575341055,0.9623090774541486,-0.22336980645654259,0.34105351576281967,0.5295133785572544,204.4483174250132
-0.34740310145055886,-0.937715887197467,-0.9398560579418953,0.341570769167856,-0.2629257231719181,0.8921144792147022,0.378318374873276,209.4058604952873
0.9744008376215052,-0.22481772092632987,-0.2884824328806098,0.9574851883550389,-0.0753790400044365,0.5109067401715023,0.40504561077382045,162.81682960013785
0.51453812231801,0.8574675041547969,0.9911140639934547,-0.1330147065341959,-0.5995146515453689,0.14013675686045696,0.6959395801259947,230.32730150357767
0.9576933004014773,0.28779079618036063,0.7583058084785624,0.6518989958787126,-0.31641777522474407,0.6307746615207814,0.024966505141356954,190.0049912448232
-0.752221545546952,0.6589102718997139,-0.994217906893952,0.10738134666416306,-0.3448459341164882,0.6331616302637177,0.19741829472046338,206.01623114467705
-0.17597876608901705,-0.9843939627434674,-0.5808002734538013,0.8140460935082175,-0.12029086243004844,0.5250997371930781,0.4151421407540923,183.64614176476852
-0.677548769495999,-0.7354778480378982,-0.008606996888688009,-0.9999629591162655,-0.9023843407454046,0.2666862722657555,0.24378787806747476,255.12804071229152
0.37466966307429017,-0.9271583702754335,0.5667017562911176,0.8239230057575542,-0.22932431652164745,0.1880129995067156,0.10348282348549256,186.46871021530515
0.9544399399536907,-0.2984030848050927,-0.9886775902323404,-0.15005539834465262,-0.47830098632761336,0.43108490878432526,0.40013066813472487,209.53851616537472
-0.2519627529627125,-0.967736932807388,-0.8311706263658079,0.5560174366570446,-0.24740976557274216,0.8424651495656515,0.3592985764093736,196.89060168995354
-0.9572104317938154,-0.2893927940794269,-0.2967128192734901,-0.9549667548552553,-0.8252196187438982,0.8386213498022158,0.5965700585428297,279.20408488450647
0.45274230863825904,0.8916414088460111,0.5595892624101765,-0.8287700871745038,-0.8196506412687496,0.12631941167674182,0.18601638091906272,245.6563389455946
-0.6783157519171623,-0.7347705360866442,-0.37770796520396466,-0.9259247771938499,-0.8662666748962199,0.37715831476617645,0.01674465740699077,253.65017284107998
0.1813373374786495,-0.9834209526119292,-0.9070138128026362,0.42110087079608916,-0.2416780698880838,0.6106849279630868,0.26186289320498063,206.5175888127088
0.952044269579572,0.3059603058579647,0.7412220108485958,-0.6712599575675313,-0.8207509923779991,0.5090172672427838,0.3600272759438178,234.2968699061371
-0.2915611869807087,-0.9565521806187053,0.9721181966290613,-0.23449138957040985,-0.6962928941835852,0.4290488613823877,0.0,241.51088370628315
0.040483345464035335,-0.9991802133449399,0.8717063187093218,-0.4900286664290592,-0.7967480012974234,0.12390481753259248,0.3862122015050185,247.5790159117652
-0.9568779913352536,-0.29049011979447803,-0.780295851070776,0.6254105729852457,-0.10734560771054413,0.4802432910916165,0.27994196490865714,212.10919564718168
-0.997736429479599,-0.0672459462666799,-0.8406184056344783,0.5416278206559811,-0.26979026233399006,0.4168851015647414,0.6031867369001459,220.11246470634867
-0.3292581834833496,0.9442399316959884,-0.888057322629493,-0.4597327394521046,-0.579956746390616,0.46749504015246657,0.36343949416930704,217.08248314314895
0.8080642687957439,-0.5890943366690939,-0.5234156073655503,0.8520775211013093,-0.12111203485784663,0.5278092251051272,0.060954966797710675,184.8181295033112
0.1343247346045467,0.990937367179893,0.9033558023246845,-0.4288919379124835,-0.707595612887411,0.7990902229864004,0.408125355857605,245.42283251105323
-0.9099528594977193,-0.41471169924650536,-0.2135209154397959,-0.9769384927771817,-0.9232195685188271,0.2459290197781637,0.30558035007000267,269.5574587237769
0.6512389095955168,-0.75887277104192,0.4482293417404106,0.893918596519257,-0.19049087246113316,0.40082503899277633,0.3740951977127367,183.05127107944904
0.3800531081572327,-0.9249646668819446,0.8587639582758029,0.5123714121284237,-0.4203410260254301,0.23412872381597846,0.6607176688753873,213.79357223678636
0.8023585941801503,-0.5968422625327842,-0.11165900712169444,-0.9937465804361781,-0.8843324397199204,0.2279095886753249,0.5997169764337245,251.97500991542023
0.9896897166986944,0.14322801632661764,0.10310169744743485,0.9946708199115211,-0.19743173054368549,0.5626212835862459,0.31501854445512434,175.01931544812027
-0.4146535406455808,-0.9099793630792314,-0.9997685019798909,0.021516097436222233,-0.4432068691943236,0.5095971730875608,0.3185210955822413,213.34666417324468
0.34850091559989266,0.9373084400697758,0.6354323008901774,0.7721565844991642,-0.2228966931122059,0.1155387227694669,0.20674722690015124,201.6995305967429
0.8102433366682508,-0.586093623395358,0.36171373072976765,-0.9322892131745133,-0.9053500039764029,0.3910320806343551,0.22707151494488334,252.64509071030065
-0.8360929463540197,-0.5485878097962571,-0.888057322629493,-0.4597327394521046,-0.6396615518213102,0.738378657371213,0.286886475532016,236.04484650698816
0.9617888518990684,0.2737922649796226,-0.9959189961471792,0.0902516100310407,-0.3391781978065785,0.3733174381407249,0.05592506999890601,190.95186665775682
-0.9732919381910369,-0.2295709107276768,-0.7055836101071774,-0.70862667826446,-0.7610685696169007,0.23768858668972412,0.5636259286158131,276.0919569416641
-0.7333794738805399,0.6798194961095941,0.5307300481619334,-0.8475409228928311,-0.8890375989201899,0.49038987524512656,0.6369059984039785,260.71952905893716
0.3328049341583729,0.9429956923548702,0.8013610881746766,0.5981809144059165,-0.3509437714663814,0.7017270135522379,0.5101192529818515,222.68835157289965
0.08655117589685081,-0.9962474059945513,-0.711656622281775,0.7025274741691566,-0.15195453689884353,0.8635043319701406,0.47650149996198177,188.8219332664546
-0.9987079561903537,-0.05081749936868792,0.42500033996955416,-0.9051931898913974,-0.8467925561669791,0.2712886426655192,0.3553279478228785,266.32817248915256
0.22346044592974468,0.9747129983255992,0.9510565162951535,0.30901699437494745,-0.42908339612610163,0.4951351853977273,0.48089150918378964,224.98998784942148
0.006864386701262429,-0.9999764398200667,0.1882267098432442,0.9821256058680006,-0.11722910406058368,0.015,0.43834845587993987,181.27420246855536
0.9502517285707084,-0.3114829888587509,-0.24702218048093527,-0.9690098257244063,-0.8433711897132495,0.5435059006484708,0.30854803386981394,241.16680354169102
-0.7592916185385524,0.6507505190294552,0.1712931441814776,0.9852201067560606,-0.11373906418122354,0.31913082692195094,0.2861466575417031,205.75206254509442
0.6876235808568444,-0.7260673598569287,0.9679377830240642,-0.25119006388481935,-0.6654817950782913,0.3427510299543659,0.16386789601141996,231.01700979999202
-0.3842856534209028,0.9232142419692569,0.06021327736579302,-0.9981855344718586,-0.9340299198930205,0.4323410826617965,0.5323007427984939,261.3048934501879
-0.4668261917644135,0.8843490864374401,0.16280701293851715,-0.986657932891657,-0.9566032944873999,0.779704030923058,0.16978149503518233,262.41403992339445
-0.9884491263606132,-0.1515530421896585,0.12874817745258132,-0.99167731989929,-0.9552762188503463,0.2929651025708312,0.10286172605829494,277.5429774262323
-0.9356732669414197,0.3528675920670113,0.49377555015997715,0.869589389346611,-0.15775622973684458,0.015,0.1983204867680119,215.61759096585538
0.22731569320017048,-0.973821120958529,-0.9999907397361901,0.004303538296243821,-0.4590341763054737,0.40721935053579567,0.14545536754411803,225.11444273742686
0.9979867966104192,-0.06342202922702506,-0.9911140639934546,-0.13301470653419636,-0.46149295263722495,0.6925284270298858,0.27844424998782324,208.75879454357712
0.9814534489484479,-0.19170061957958384,0.13727877211326478,0.9905324521322229,-0.14668936466801208,0.4681545498266647,0.27062864783711543,178.3161980551173
-0.9910249787434462,0.13367681738638187,0.8064799463209448,-0.5912614448635781,-0.7531166807892098,0.4011040842007715,0.5071376596701348,265.0469701441186
-0.8417255043256101,-0.5399057097010527,0.6932812268869777,-0.7206671495538609,-0.8996154665334417,0.5134663398721766,0.3753353785894904,261.1865442766371
0.0774513084163603,0.9969961358122678,-0.7909456567567774,0.6118864012687242,-0.16930051154390502,0.37209356612532885,0.5266218665078626,198.99660437855957
0.23207494571341591,-0.9726979076630704,-0.7055836101071774,-0.70862667826446,-0.7194891340448771,0.14233257928045875,0.16371052019983065,235.4933482574073
0.12403709126047144,-0.9922775821269175,-0.02581844022713239,-0.9996666485105112,-0.8051127422448667,0.5533116192495638,0.23278295676856092,250.82917070655301
-0.6027075402429013,0.7979621676084346,0.6420547132365637,-0.766658819300159,-0.8745931658348716,0.6451312316388508,0.0,263.33097050144875
0.904301775473609,0.42689377938227013,-0.6807734094770159,-0.7324940716135792,-0.7327928878423703,0.49111375698615606,0.2000154490991831,230.95218368678417
0.8895624386698429,0.45681360280508515,-0.661634618242279,0.749826401204568,-0.2050237264245149,0.39851987211641154,0.471242871589192,183.67191286938413
0.658699475358388,0.7524061410983993,0.8800122039735357,-0.47495107206704995,-0.7091824154956414,0.7699192578772545,0.3745776265478986,247.4250352993057
-0.32930803730667507,-0.9442225461008784,0.3697245428906731,0.9291414114031743,-0.0588875427124467,0.2726501951881606,0.3709926097210345,192.31299696248314
-0.15468213896648048,0.9879642887699709,0.7526668275320085,-0.6584015846980488,-0.7781693096175623,0.859170080977362,0.349279848480381,251.89803446036507
-0.590723714125339,-0.8068739019016322,0.38566340624360707,0.9226395488404876,-0.14698068218764349,0.27268871756032287,0.28467377261747145,195.65818566321533
0.6527031978894271,0.7576137112440056,-0.7055836101071774,-0.70862667826446,-0.8039811901415993,0.594431843833075,0.36739106835300445,247.63158639003183
0.5037878276164928,-0.8638274276413402,-0.27195815753410524,0.9623090774541487,-0.1664663939529952,0.3141390009087759,0.12750396161338234,183.01673584134934
0.15453892826774923,0.9879867001381423,0.9562348265919056,0.29260033563334836,-0.36038504924931836,0.32706660523227227,0.2317209689860763,226.02469727527267
0.18315163202379017,-0.9830846757462056,-0.16280701293851646,-0.9866579328916572,-0.8888903076651627,0.4084975387947587,0.5263168441635396,260.1992497845682
0.7362306994592321,-0.6767306385658697,0.989932495087353,0.141540295217043,-0.5223782163099961,0.4460315943693495,0.40273251090114504,229.72211971692155
-0.9342523025770578,0.3566127242955103,0.9536809966304457,-0.30081980763566735,-0.6835177164678303,0.4235944339449017,0.05923006569890682,249.13484870303367
-0.9779724464017587,0.20873402712293726,-0.9760105506323682,-0.21772323039653224,-0.5636411371965538,0.365255202135818,0.0,251.92732473064228
-0.988895615622533,-0.14861178083359156,-0.4635502709028512,0.8860706215341378,-0.026010844126681486,0.6574024039977333,0.0,206.6882227843574
-0.2779087895068454,0.9606074665100411,0.6486295610349814,0.7611042586607747,-0.3687148351210686,1.0781480816540203,0.19967880659330653,213.72584285446754
-0.2984393488068922,-0.9544286013546106,-0.661634618242279,0.749826401204568,-0.13073651060207594,0.19536834744265383,0.10780294090376105,191.93624618336463
-0.9544801215392102,0.2982745339221811,-0.9988797155850335,-0.04732138832243232,-0.4912893917292016,0.24552016461599518,0.18281920221035292,238.8571621231234
-0.857497756446375,0.5144877041187994,0.9886775902323405,-0.1500553983446526,-0.5926466686382671,0.4527480411271836,0.29000921472057956,233.9621961612829
-0.9529680047958962,0.3030709188215341,0.8359254794186372,-0.548842958284719,-0.8117625465822205,0.6184708816586344,0.30466839124869416,262.536970548008
0.9984180121779361,0.05622697714317007,-0.1712931441814778,0.9852201067560606,-0.1819852267362739,0.9670675517744831,0.28666507905935545,181.60670224916595
0.48004629673016236,0.8772431550007426,-0.060213277365792774,-0.9981855344718586,-0.9204492487711934,0.4009243290538965,0.29781872879912064,247.99922123375214
0.31517721236762286,-0.9490328365257834,0.895839290734909,-0.4443781781046132,-0.7064903647884058,0.6501761416523981,0.1500611549620256,248.21748550077007
-0.4499721744160521,0.8930425758334761,0.8996308696522433,0.43665123195606403,-0.41145832737415106,0.48891727600564894,0.6484554149484715,221.67172583262212
0.997915141493845,-0.06453968064159717,-0.801361088174677,0.5981809144059158,-0.1801933460203874,0.21188703591775307,0.2900971314593969,188.44388084174878
0.543745768161302,-0.8392499863608432,0.6616346182422783,0.7498264012045686,-0.3281903117288503,0.36169455981998866,0.31731556173773523,210.36526297323604
-0.5884333333174767,0.8085457391149146,0.9829265519799822,-0.18399835165768005,-0.639472535703368,0.4900476291752538,0.3389202123870579,238.20337487834163
0.48930304545895825,-0.8721138284103679,0.8758917051442429,0.48250774176121847,-0.3828027257861071,0.5056768832543732,0.08464933652379103,210.39467178613083
-0.8643706419414089,0.5028552409489204,0.30492122465628907,0.9523775757303974,-0.13952791237139542,0.4923729282985678,0.4096357217436649,195.61410354473648
0.739113944059375,0.6735804166519356,0.6084768701151261,0.7935716089521474,-0.19416778478142355,0.775208262076182,0.07061173641051299,208.2246047803973
-0.9449165353481079,-0.32731138267058174,-0.39359027665646645,-0.9192859697186105,-0.8053528407520979,0.3691228562620435,0.3267243118683689,261.3011123304973
-0.6007903670600655,0.7994066142132124,0.16280701293851715,-0.986657932891657,-0.9953068234350829,0.6898650672050044,0.2003526333798923,249.1694639595187
0.44699291306463734,0.8945374981910985,0.401487989205973,0.9158642882672872,-0.21043296531341657,0.046090253160691395,0.642460428533699,202.45812241255697
-0.7325371851348704,-0.6807270175295532,-0.455906693508459,-0.8900275764346766,-0.8202151335685025,0.4625021929254383,0.15981582252901114,251.83064977256143
-0.9863853427390712,-0.1644504655801405,0.9988797155850336,-0.04732138832243185,-0.6210907320967438,0.16495946424038502,0.08500348401925914,263.5565696602575
0.5024800800123368,0.8645887861814977,-0.9760105506323682,-0.21772323039653224,-0.5649677382015761,0.6876742045027939,0.19723373192054006,226.58408814093434
0.903654892966801,-0.42826140897489157,-0.2135209154397959,-0.9769384927771817,-0.8152590764826505,0.6862432213907474,0.4267228666881293,243.7424475447219
-0.34010849417611105,0.9403862037425146,0.6152845999633276,-0.7883050558305255,-0.8779339280849205,0.6128316102807615,0.3920702405506464,250.55154108697616
-0.4808074991545323,-0.8768261793290415,-0.99665890175417,-0.08167639533042288,-0.5053887002130479,0.6916475642829472,0.40816496543801384,219.0020200011088
0.6656942874686849,-0.7462245745293838,0.28023067519921585,-0.9599326896597447,-0.803754878120522,0.4977184186141221,0.0,256.639154946358
0.4227202087705055,-0.9062602413749707,0.9587178169872964,-0.2843591872810034,-0.5916027292962618,0.6004761673009594,0.2654924856673179,231.41895308505391
0.585070244532114,0.8109826193964531,0.36171373072976765,-0.9322892131745133,-0.8973902366559247,0.45321104918287897,0.39356234388527633,263.49596000541754
0.9709158244642903,-0.23942109724255184,0.9973249731081555,0.07309512989807777,-0.5932119815507945,0.6876042907114039,0.7108212677484056,225.31142481584865
-0.45669882619871544,0.8896213701056847,0.8115390590073611,0.5842981736283684,-0.29996815155050105,0.41972584223778997,0.24843896668275822,208.32246015677495
0.17100135239329872,0.985270793984914,0.9973249731081555,0.07309512989807777,-0.5922377874647706,0.8431423707944228,0.6312640518389312,233.97361907259256
-0.23598566785239417,-0.9717565356447362,-0.9984354211555643,0.05591699010060302,-0.39902922476678687,0.5532503947766918,0.483438955690801,194.9466017968044
-0.3575507469955515,0.9338937109344527,0.6016240632249226,-0.7987793728863649,-0.881357948026037,0.3024299612101529,0.10048148316117303,264.74373021357565
0.7123241805596114,0.7018505979124603,-0.9932568492674143,-0.11593459959550066,-0.5029751738821956,0.04637308302436303,0.4159213317078937,207.51867339277524
0.34225265031507757,-0.9396079625845586,0.8758917051442429,0.48250774176121847,-0.3517716546106386,0.0364436190003425,0.21325401651372372,224.97373864490095
-0.043483203912390835,0.9990541581803829,0.9398560579418954,0.3415707691678556,-0.43418509095135704,0.46354013296763386,0.24585079717260402,219.15079188313115
-0.9899007479972831,-0.1417621568487843,0.9242907221930933,-0.3816892202666588,-0.6667704549720729,0.5395388514981313,0.236895711035817,249.79066441785997
0.2882453869775835,-0.957556576336951,0.6420547132365637,-0.766658819300159,-0.7885899337359906,0.44786827379907324,0.09692942536100035,263.0529422377518
0.4064823982337928,-0.913658612352614,0.3375228995941133,0.9413173175128471,-0.17889928923945475,0.6120108285836648,0.5629951958953441,187.03583167175447
0.9306957056548407,0.36579434587707615,0.3294084822245304,-0.9441875088341993,-0.9622208452943254,0.11883332425483144,0.21777417509886193,248.15698544838796
0.050059751265368296,0.9987462246753424,-0.6744436188329457,0.7383263540031063,-0.13703814955959337,0.12743815035060552,0.4150788753354505,190.87185575222304
-0.886245195991274,-0.46321642089026627,0.9307239310379795,-0.36572252349726897,-0.6775600526149058,0.464008749011884,0.40556478202485186,251.65885929376398
0.7366295893605805,0.6762964202762443,0.6016240632249226,-0.7987793728863649,-0.8662033565170687,0.1755598854559101,0.27717341302604076,253.486788834963
-0.7817768732570615,0.623558273492071,-0.9886775902323404,-0.15005539834465262,-0.45124985648754723,0.47494427892942037,0.3079947600262216,230.59544941015466
-0.9685683309518857,-0.24874763974172398,0.9634705485641488,-0.2678143051621742,-0.6516385385831387,0.5797827309419885,0.5421610544839821,251.89401976798064
0.6832166446602255,-0.7302157328209405,-0.7583058084785625,0.6518989958787125,-0.2536570402609519,0.2286894696309429,0.2124672425139563,196.56974399550504
-0.6941525635145895,0.7198279089936176,0.9995462806873573,-0.030120304846908114,-0.6435065124135589,0.5039350068610164,0.48504307255047635,235.73810657987104
0.09373329872101192,-0.9955973426596103,-0.3697245428906732,0.9291414114031743,-0.1385187179966615,0.532781786166017,0.17672184703067229,186.29826425561058
0.9810059390751031,0.1939776984588048,0.7583058084785624,0.6518989958787126,-0.31007946733840674,0.6540883584552165,0.6310602525282117,199.2132489568239
0.4839873913081404,-0.8750749711051853,0.5595892624101765,-0.8287700871745038,-0.884673172706354,0.33244144197508,0.3568521933555203,260.27121138713517
-0.8463849746662997,-0.5325715676405635,0.3131070409358269,-0.9497178427914316,-0.8618456634055163,0.531625572540325,0.23303118414054624,259.9447382080241
-0.9889501334681244,0.14824855315779292,0.9070138128026359,0.4211008707960896,-0.4320028159196354,0.11540732729119822,0.34765166210039344,242.4482989706458
0.18097433184978898,0.9834878195542243,0.8717063187093218,-0.4900286664290592,-0.7206741891496671,0.4890088879126681,0.3082674457231233,255.46429968116246
0.3728124619069364,0.9279067131166199,-0.455906693508459,-0.8900275764346766,-0.839632707234733,0.49626745114261217,0.20427173781991032,261.1151867616296
0.4528744993992355,-0.8915742749731465,-0.6932812268869771,-0.7206671495538615,-0.7281600253885233,0.6565912155897696,0.31662232350314834,239.52264888253194
-0.9906225084734558,-0.1366273973467912,-0.9106046300942162,-0.41327860778290443,-0.6214035266032029,0.27732227810851084,0.5541325648218024,250.23316540528134
-0.7043380233617149,0.7098647398250686,-0.9398560579418953,0.341570769167856,-0.3223470373253109,0.6666660010678868,0.06579671086419653,217.94990555329343
-0.32167073628244414,0.9468515920774017,0.8311706263658079,0.5560174366570446,-0.3391803749482189,0.3395619794410088,0.2323524747938326,206.89884697314162
-0.9462625310167225,0.3233994780357973,0.1882267098432442,0.9821256058680006,-0.09046356770986015,0.45041740035137845,0.51762197382229,203.8689207681682
-0.9944061043461395,0.10562433260918015,0.02581844022713308,-0.9996666485105112,-0.9342330169342516,0.19920973706142203,0.24860907401228502,275.6743325498165
-0.09274896955825723,0.9956895242222253,0.9829265519799822,-0.18399835165768005,-0.6686509568416095,0.4528290205628821,0.3991632691971472,245.5130178464781
0.9682895332308412,-0.24983070234780919,0.895839290734909,-0.4443781781046132,-0.7752576536340193,0.577257244220554,0.44323873513415424,236.19822259751118
-0.36804395452394806,0.9298083929167202,0.8064799463209448,-0.5912614448635781,-0.7823996205614308,0.6063831563250639,0.3494014469475371,248.07846802003786
0.6005243813009083,0.7996064453611922,-0.9979171608653922,-0.06450844944931625,-0.44479451415148874,0.2903951237039055,0.4233601474535138,221.4448861298361
-0.7356241372264046,-0.6773899384622626,0.895839290734909,-0.4443781781046132,-0.7415338037937024,0.6162741821530038,0.30508206589916337,238.583938430243
-0.92268281317138,0.38555988675969416,0.8919813464595485,0.45207220393230435,-0.3436564009486917,0.32933504090634724,0.42539556856901667,216.9764160955507
0.46251862419698003,0.8866095658580121,0.6870527672236669,0.7266075247685656,-0.25817719034250275,0.10295015688918871,0.0862023945128472,194.3740117264116
0.12629426640568125,0.9919928216842352,-0.5012418134457756,-0.8653072543632061,-0.7949606711945338,0.4634694197401257,0.13282249006070374,253.35906600826019
-0.9643581785101325,0.2646002712406384,-0.8840675099433637,0.46735921715800205,-0.20926263567653813,0.43131169088331794,0.390185107915746,222.6716822502785
-0.9762285949738329,0.2167434666960371,0.3777079652039649,-0.9259247771938498,-0.9037276938803573,0.18089861338762256,0.4321226496584988,274.680746226026
0.9959831649358043,-0.08954068999320039,0.7802958510707755,0.6254105729852463,-0.3397625155502005,0.684864399372471,0.22572289165702997,192.00679525336892
0.428423527521236,-0.9035780437052799,0.5307300481619334,-0.8475409228928311,-0.8739359849479611,0.5104273378157019,0.4708591653755644,257.5623427060784
-0.20711616241838768,-0.9783163574555421,-0.0859647987374467,0.9962981749346077,-0.09349701448377243,0.6359983925017356,0.3209457389817536,173.45115751328012
-0.990074457252829,-0.14054383335997372,-0.9483615800121716,-0.31719128858910595,-0.5760388843365364,0.7985698214999275,0.24359892806124517,242.24871438978326
-0.15525155333498844,0.987874969410134,-0.9275416835791965,0.3737197147904692,-0.27733122652826964,0.26096347380723145,0.23288119170032245,217.13105835164907
0.14521493652465503,-0.9894001325096639,-0.12874817745258066,-0.99167731989929,-0.8488426563911234,0.6086361688577864,0.40180572841085666,256.64947741348954
0.5641033952759236,0.8257041597558868,0.6744436188329455,0.7383263540031065,-0.18104393744320857,0.696479284820706,0.46579783686594883,195.1921923236977
-0.5537902673537454,-0.8326561954277811,-0.9242907221930934,-0.3816892202666586,-0.5677221814511397,0.6506270016023822,0.3966628936324875,229.58972544171812
-0.9977906099770151,0.06643717815874013,-0.9562348265919058,0.2926003356333479,-0.3081821449115382,0.26784830369697704,0.4830807557293635,229.81524565749555
0.926372372848418,-0.3766088512278909,-0.47115950767386394,-0.8820480249558535,-0.8415072484616101,0.4150652316230574,0.39297371369757245,237.65261225902657
-0.7227977096027072,0.6910596725269682,-0.4405187843504952,-0.8977433935342336,-0.7999783848365641,0.7075902973920474,0.3083078698460306,250.49221572503308
-0.9608251955765708,0.27715508933671884,-0.970063921851507,0.2428497220959358,-0.36421238123204136,0.3087536958705698,0.2832750418077611,239.13687414781327
0.10663406026403112,-0.9942983340987789,-0.034421611622745804,0.9994074007397048,-0.1250517351168708,0.33110204860873105,0.08835109566379895,202.72250156041724
-0.4749648137167537,0.8800047873341426,0.6616346182422783,0.7498264012045686,-0.24102330035284797,0.40326022842771814,0.34711665220811644,210.47505650626627
-0.9999323529163694,-0.01163140538083605,-0.9932568492674143,-0.11593459959550066,-0.44698951603298587,0.4987584546796716,0.40087754931423986,241.97360313339755
0.24297681432985618,0.9700320962205914,0.8498170915275278,0.5270777086423722,-0.3302839653489339,0.36624869217643774,0.362087954783585,220.55485062963675
0.4919215267117067,-0.8706395416919815,-0.9922222094179324,0.12447926388678869,-0.38805829199188824,0.25662539981866933,0.394900339133177,218.98079020532955
-0.9822200714238942,-0.18773313850261,0.5160623910158528,-0.8565509959010036,-0.9076191733202456,0.591100370161492,0.2384634429617407,272.84108925797517
-0.8098313555316962,-0.5866627443409846,-0.965739937654855,0.25951179706979943,-0.299732706048311,0.8521451802962863,0.4350324367478782,205.76441285420498
-0.9454450109944487,0.32578172322232396,0.9721181966290613,-0.23449138957040985,-0.6895788996769664,0.6589731167389452,0.27707248808773555,253.43317429075034
-0.39020250518075794,0.920729061641187,0.9587178169872964,-0.2843591872810034,-0.7008469965718486,0.3369796021209618,0.5346939252694352,251.03557410589437
0.8582956691566247,0.5131554777131213,0.9338372288229252,0.35769823883312546,-0.42796523370638867,0.4256679394198824,0.15407706861463624,198.9332288533847
0.408924392904906,0.9125682664257804,-0.8452490573530634,-0.5343725582809785,-0.6635050427843006,0.5895025161950063,0.4483298429859095,243.58360150242947
0.9496244910041128,0.3133900542218587,0.9951053111006976,-0.09882013873287143,-0.5552662970297919,0.6591408902356415,0.41240211843401575,223.44010875490014
0.8321776326113693,0.5545091412964593,-0.858763958275803,0.5123714121284235,-0.20298287575484011,0.632028350141845,0.2067131507786561,195.44902091198801
0.8272308323539755,-0.5618622162086971,0.9106046300942162,-0.4132786077829042,-0.739258684418288,0.605324000469326,0.32870031688322654,234.63290878404973
-0.5061635005178114,-0.8624375401984514,-0.5877852522924734,-0.8090169943749472,-0.7304088508352305,0.9053204120906511,0.2479527476567924,239.0491431559457
-0.40113494965675667,0.9160189693253471,-0.4093559588156211,-0.9123747579707274,-0.8191940402416502,0.20935282926814153,0.23950195653268258,264.6081021960716
-0.9926244502196133,-0.12122995020295264,0.7909456567567772,0.6118864012687243,-0.2775566069761286,0.7312326135763965,0.29805506127131587,223.2341770929186
0.7146371675988152,0.699495331425695,0.7909456567567772,0.6118864012687243,-0.3470853725809247,0.19005267463125075,0.2898340607921591,208.4865188388106
-0.6117904166242093,-0.7910199024846192,-0.8674563547295971,0.4975132889071803,-0.26324513128949834,0.6506988688544835,0.5598881048310246,204.80105336113758
-0.8717179040483976,-0.49000805683322063,-0.7469720876965551,0.6648553979642866,-0.1659955136753164,0.3553499541732467,0.3351353408768181,200.3164794237828
-0.42835230601799335,0.9036118093125318,0.7236440382959124,0.6901733882429719,-0.28780707534270966,0.015,0.2573862901685955,198.20205328015285
-0.7088192549861445,0.7053901500310924,-0.8717063187093217,-0.4900286664290594,-0.5940219027030804,0.28580572707180923,0.6058265594583574,228.7513264421679
0.4517175585682227,-0.8921609985205384,-0.6807734094770159,-0.7324940716135792,-0.7409783553470172,0.552126587119876,0.19467066469008368,246.47855055193443
0.9983198839595645,0.05794315568694565,0.8674563547295969,0.49751328890718066,-0.3683890153462917,0.20482859569101847,0.48078115709395886,196.35790910027794
0.9127636606539997,-0.40848806566350265,-0.9951053111006974,-0.09882013873287211,-0.451482867424489,0.29473882311080474,0.500355730723903,203.5111274694351
-0.27681751681549194,0.9609225059202771,0.9483615800121715,-0.3171912885891061,-0.7033335840176044,0.8317763013010714,0.22459391829431863,247.30044742163574
0.3584843762474421,-0.9335357261436127,-0.9741004551724206,0.22611568550828803,-0.3787999869950939,0.10342245783966737,0.2814777479548692,213.0689218912756
-0.3558546088596802,-0.9345413299332053,0.8758917051442429,0.48250774176121847,-0.3269893383801408,0.3049903605651836,0.3747845549961878,211.47937761997198
-0.991517329667766,0.1299745550809956,-0.8263541987239094,-0.5631507242749187,-0.6364521350366235,0.5052027457490869,0.23061884777751185,250.89440566714836
-0.36692093406783494,-0.9302521314905908,-0.7469720876965551,0.6648553979642866,-0.20959483100928764,0.9485474919915658,0.31531374598131523,193.81260763700217
0.9426472630430155,0.33379055929955825,0.10310169744743485,0.9946708199115211,-0.09349673612965423,0.559565298999946,0.25657093440183293,167.82800752301478
0.928870001985498,-0.37040588468794755,-0.8919813464595487,0.45207220393230374,-0.2682025983130035,0.6343044935655037,0.40022274779466893,196.58139706267218
0.9895509215291548,-0.14418381913654701,-0.801361088174677,0.5981809144059158,-0.2597496025516647,0.926136430861083,0.19066266645121377,189.4458953941947
0.2724525405672094,0.9621692227142131,-0.3617137307297674,-0.9322892131745134,-0.9209513057251558,0.42370133506704233,0.2120736728752023,270.0795667466511
-0.7576023993659864,0.6527163277220055,0.2719581575341055,0.9623090774541486,-0.19748209900367913,0.09778016450282134,0.7824175428651506,196.53915527299478
0.282122804418653,-0.9593783003731919,-0.6486295610349818,0.7611042586607742,-0.1892425926583692,0.6284614312050578,0.5416407484113779,196.8271391923626
0.23768070007837858,0.9713433403335052,0.8013610881746766,0.5981809144059165,-0.2990362842361182,0.27407561686071724,0.6327680312154521,218.7972437526102
-0.961407076113061,-0.27512984934342355,0.9778483415056568,0.20931464596304847,-0.41315946761787004,0.6479774989141299,0.5823424147446657,231.0159289062108
0.3449259888789791,0.9386298856289728,0.8758917051442429,0.48250774176121847,-0.3755854742734701,0.6634836718336292,0.28504552792328164,207.78214188463406
-0.7788947448113113,0.6271546671318985,0.7583058084785624,0.6518989958787126,-0.3271301755338654,0.4077683253498214,0.6091492990730711,209.30240436208913
-0.8533827976163545,0.5212847597354867,0.19667288979357647,-0.980469160361632,-0.9281224858957298,0.2043508257676438,0.3957313903478421,275.13213667623984
0.8739154408507133,0.48607797959041865,-0.01721335615583528,0.9998518392091162,-0.10829095784400807,0.7938874649916748,0.2993167111113538,180.78609224709604
0.5715400703907267,-0.820574157488379,-0.4014879892059737,0.9158642882672868,-0.1639611234766119,0.5001695085156804,0.43690725404864467,194.48862347175555
0.9364175303571288,0.350887743929388,0.5524353131676196,0.8335557718385699,-0.208264064361129,0.48301100092619514,0.23546698725770648,193.13007222164777
0.9871664850853837,-0.15969449184041648,0.38566340624360707,0.9226395488404876,-0.11497087293339789,0.5974375156823998,0.3764055598016167,181.1960259718308
-0.7513550795935894,-0.659898131811957,0.9992500112396835,0.03872228089217446,-0.5668550124882231,0.7353733126462363,0.021178686268666924,224.37812730430824
0.8394027344670948,-0.543509934931427,0.8674563547295969,0.49751328890718066,-0.3838699225047798,0.7127686504361963,0.10934870230641824,202.50424952891973
-0.4242274559767143,0.9055556667568951,-0.9611297838723007,0.27609697309746883,-0.3242792375379871,0.8554261979852409,0.4964806144491134,215.59376897724147
-0.5419058215324948,-0.8404392188547557,0.3294084822245304,-0.9441875088341993,-0.9082133316950238,0.5524991933533927,0.5700292656693856,256.2884020277557
0.9792557370450673,0.20262823461778978,0.10310169744743485,0.9946708199115211,-0.11853086824192224,0.4169423591333232,0.36380141070189054,180.0409176120665
-0.7797125135013884,-0.6261376815759832,-0.27195815753410524,0.9623090774541487,-0.1180118031081442,0.3264073358786996,0.399560985281767,201.67875400723236
0.9286455615850578,-0.3709682209413261,0.9209712877166346,0.38963044953078796,-0.4135184535180961,0.3555510481231566,0.404860923539899,207.9016046121714
0.9886143170722405,0.15047169860072582,-0.4862727071086902,-0.8738071036110807,-0.7381162119382182,0.7288083836208348,0.4376977861570872,232.93804527579402
-0.12983131472312698,0.9915360960233693,0.9999907397361901,0.004303538296244289,-0.5299278854974474,0.4623568969809675,0.48115102165857326,241.8312222822809
0.8132093486619385,-0.5819712666866173,-0.07738647923346322,-0.9970011699250151,-0.9230651366888623,0.5777719577236455,0.21695749744788712,254.83711567403577
-0.922769311639967,-0.3853528220935996,-0.6486295610349818,0.7611042586607742,-0.17910504887837944,0.7093003115983514,0.6419133648658604,211.22270880246924
0.9696104223755667,0.24465410035532834,-0.9510565162951536,0.30901699437494723,-0.3541724822210155,0.415626485299563,0.27902584392758856,205.03013640124007
-0.9580343631960263,0.286653377680404,-0.2553532951161881,0.9668478136052773,-0.17739104955583201,0.5569537824728209,0.5443855887950582,224.46495885254535
0.539839302948477,0.8417680957318959,0.6932812268869777,-0.7206671495538609,-0.8587769409036977,0.4660956467665061,0.3369908596265396,264.10132240446467
0.9976788990301773,-0.06809415855955193,-0.8359254794186365,-0.5488429582847199,-0.6956749780158171,0.6878362732240996,0.23473469712824208,216.63016939557576
-0.5188549344318629,-0.8548623029562756,-0.8359254794186365,-0.5488429582847199,-0.6367884455908279,0.3083575695866131,0.21843484643551211,238.8713277570946
-0.5812859003335191,0.8136993929415519,-0.8840675099433637,0.46735921715800205,-0.31489541413359534,0.4337043996468566,0.383349967766068,215.85318887145235
0.4739837917923789,-0.8805335684220783,0.9873494423939864,0.15855938510313475,-0.4497713574197555,0.8083516020425281,0.21001437514214266,218.79242897524696
0.9229426890484791,0.38493738806715366,0.7802958510707755,0.6254105729852463,-0.36617556016000274,0.4001724670125294,0.3895967243007169,208.3314459668296
-0.9315664060825594,0.3635712186882015,-0.6680638642135333,-0.7441039398713608,-0.7382020948038708,0.37823748191283835,0.13082426573781644,261.6135840234163
-0.9928487849352063,-0.11937876801460248,-0.6420547132365636,-0.7666588193001592,-0.7719173727066696,0.32761127941864754,0.3385261834513749,273.0279531558257
-0.9009263712335716,-0.4339719733069278,-0.9033558023246842,-0.4288919379124841,-0.5121761044112648,0.20769145254339633,0.19638334684759642,239.37762729216084
-0.9965766556108017,0.08267387429889635,0.8800122039735357,-0.47495107206704995,-0.8035714519830803,0.6681833282365712,0.21593220297152196,275.2808825002419
0.5839656875621058,-0.8117783415133204,-0.9275416835791965,0.3737197147904692,-0.2862554860080654,0.6393138935813056,0.4968470475078397,208.22641356144493
-0.6537602383565465,0.7567017581213826,0.4711595076738638,-0.8820480249558537,-0.843878549424092,0.9421288441846997,0.24223263225244296,267.0457664669722
0.7284988872129476,0.6850469847605323,0.9455963874271426,0.3253420847119801,-0.3431820771633707,0.9831240638403823,0.1301542256343509,205.44014141403397
0.9314470938454644,-0.36387678047223426,0.7236440382959124,0.6901733882429719,-0.2963451164232947,0.5106980530560732,0.051589300827094176,182.9863915754331
-0.839611299792411,-0.54318768879725,0.017213356155834685,0.9998518392091162,-0.08280448420152303,0.5058439483539912,0.3482610969438885,199.93462390179582
0.4838185709557322,0.8751683211807618,0.4093559588156213,-0.9123747579707273,-0.8608032121620752,0.48669173233334223,0.4207562329882366,249.7165076473865
-0.34079575621620434,-0.9401373583392085,-0.23867276600594997,0.9711000518829505,-0.10541004169166154,0.5554256368260486,0.3223928011021001,194.93046721228504
0.828096823374391,-0.5605850971237487,0.9873494423939864,0.15855938510313475,-0.5275186894359618,0.17536923933837759,0.36169762947319056,216.09994730867334
0.7013452249623893,-0.7128217697450434,-0.3697245428906732,0.9291414114031743,-0.10317662907749106,0.055874620913171746,0.21107286698467032,178.9968832821698
0.6490948355439511,-0.7607074959997246,0.7583058084785624,0.6518989958787126,-0.31918614171451887,0.28013189309830844,0.6390978688991822,207.07280319207752
-0.9053851962910984,0.4245911519767331,0.6016240632249226,-0.7987793728863649,-0.8950215730262702,0.5797477811059002,0.3006003484697753,275.59171715421803
-0.2127142604555809,-0.9771144474414628,-0.3294084822245302,-0.9441875088341994,-0.8432990422879979,0.30475439444861946,0.5032204917426537,244.9795795885765
0.8998443224750159,0.4362111820087601,-0.7909456567567774,0.6118864012687242,-0.17143813454711446,0.4663137920281679,0.333249459635668,185.71691419641184
-0.8959775388695601,0.44409936933218663,-0.9587178169872964,-0.2843591872810036,-0.5032300057497883,0.21853641587880884,0.1597194895828274,233.84389558926065
0.0003161219404557865,-0.9999999500334581,0.9398560579418954,0.3415707691678556,-0.4150298988286521,0.3277187285915999,0.44229786733964355,223.78860416124084
0.8457166823700292,-0.533632170283081,0.7354170229639855,0.6776147890466889,-0.28742231477890284,0.35555859224479297,0.1898720893182679,193.22433607906737
0.21708021834474853,0.9761537680116777,-0.8958392907349089,-0.4443781781046134,-0.6306279109785818,0.668051767632964,0.47169201467144245,235.7661675614321
0.5968158614028597,-0.8023782322433495,0.9922222094179323,0.12447926388678915,-0.5005685222452025,0.38068163482124906,0.31225848455429284,220.09158824960372
-0.830135866936835,-0.5575611557713012,0.7802958510707755,0.6254105729852463,-0.26126409544955115,0.30197998317311353,0.09550423397303803,204.04222231029985
0.9074163715810887,-0.4202327076592344,0.989932495087353,0.141540295217043,-0.5507509637869397,0.29940579340421314,0.2532286064124019,206.53815185251506
0.579093071425605,-0.8152614394333018,-0.3536761221763721,0.935367949313148,-0.14217052552051754,0.5398171829654883,0.3370518766619526,193.81009299421996
-0.9987573964925784,-0.049836361738860524,0.7526668275320085,-0.6584015846980488,-0.7677411629691073,0.7457247382326695,0.501191666203361,265.0232273053583
-0.9716666080534616,-0.23635567011155154,-0.8631421280499115,-0.5049610547215202,-0.7344742764870523,0.3462132566348681,0.5434723000386399,257.4817226867699
-0.9752339627763533,0.22117576234192166,0.8406184056344782,0.5416278206559814,-0.3836997989361538,0.7195581400535567,0.297688341709239,233.09118587325415
0.0436964988075747,0.9990448518419779,0.9700639218515071,0.2428497220959356,-0.48526520427704817,0.6753726183704492,0.542870895933624,207.26447415445085
0.9463152020461199,0.32324532228078945,0.7526668275320085,-0.6584015846980488,-0.8194548765696342,0.5990668694529789,0.09668813658864345,230.63401501038123
0.24774310475507677,0.968825760416348,0.6016240632249226,-0.7987793728863649,-0.8860676598064271,0.4926068478649137,0.4324179542883994,262.798871545558
-0.6414531587801507,0.7671622025953617,0.4327755925504312,0.901501684131884,-0.18882345171744205,0.4156486988533067,0.21462415356266784,202.09239339809437
-0.26537874766307856,-0.9641442424703764,0.2219215130041655,0.9750645322571948,-0.09506577635857467,0.6179357745322624,0.3810270465001995,185.5309439918407
0.32825254554733496,-0.944589999069276,0.15430882066428117,0.9880226656636976,-0.06998185577231601,0.45910292266160446,0.3585974233962132,199.01376966412695
-0.9974717732206196,-0.0710637856303241,-0.9999166586547379,-0.012910296075008843,-0.4262363789738337,0.6844894813315018,0.32054232952600076,224.78945005846538
0.7117768097996225,0.7024057040140491,0.7469720876965552,0.6648553979642865,-0.25579811295296734,0.6183787701547411,0.4579942001863443,201.7184433473078
-0.9274262633023796,-0.3740060509363255,-0.7856498550787144,-0.6186714032625032,-0.6208127947804074,0.3600817815533397,0.33038816392782266,261.9996688965883
-0.4204750081831884,-0.9073041207298398,-0.99665890175417,-0.08167639533042288,-0.4170885197625819,0.6470864443697897,0.3536928559691401,217.0903067879026
-0.9239360812557132,0.3825468830794941,-0.6084768701151264,0.7935716089521472,-0.12028863974929938,0.5403335629126748,0.46474590866631443,200.24540817436213
0.851743515074179,-0.5239589530956427,0.6486295610349814,0.7611042586607747,-0.2610700031466772,0.3642454293222365,0.22367619537095468,201.28694102417455
-0.9841146061125371,-0.17753434044140867,0.7638886127905428,-0.6453481132295501,-0.8191289614772118,0.549472088274579,0.3171987610053498,276.19331665845124
-0.21716172388745061,0.976135638975563,-0.6287628145958345,-0.7775971469736268,-0.7127530146424671,0.5454529829190773,0.13216925550200684,241.20518870713275
-0.7930587911870681,0.609145100711568,-0.9984354211555643,0.05591699010060302,-0.34431677439207087,0.46617153699185065,0.33054435078235306,217.22233360722072
-0.4446502780041299,-0.8957042649618511,-0.16280701293851646,-0.9866579328916572,-0.8891253308098552,0.5765451367158176,0.6628319134258398,257.73632482147576
0.9857992583431754,-0.1679280269938442,0.9966589017541702,-0.08167639533042241,-0.6429741148954988,0.7769182605584062,0.22318066856210528,217.86351660372534
-0.8999764329172041,-0.4359385509376583,0.9995462806873573,-0.030120304846908114,-0.5337272565061014,0.44595427503490176,0.4718372731139667,245.65811154424543
0.9879146827851982,-0.15499864366316635,0.9141279881853337,0.40542572835999735,-0.38098209129640337,0.49927601512037095,0.06223567568619831,194.50772370099835
0.9096905145437202,-0.4152868499593763,-0.622046748440868,0.7829801036770624,-0.1586525261240906,0.48184521646488176,0.34818445399932324,199.65545259789315
-0.9906028593079534,-0.13676978880917737,0.5595892624101765,-0.8287700871745038,-0.8906775557115487,0.5397476451331205,0.19111584229956943,282.46093980571385
-0.7491656856140786,-0.6623826503603393,-0.5452404385406507,-0.8382797052177745,-0.7914463907653665,0.38072014972610413,0.45104444419841805,238.66777982795486
0.9057803531492661,-0.42374750954877693,0.12874817745258132,-0.99167731989929,-0.9204464818719014,0.4614337959599487,0.3579269506291612,237.81555763850542
0.9695713611728206,0.24480885521868673,-0.9536809966304455,-0.300819807635668,-0.5599225079474057,0.3785390067743125,0.10771495619917881,221.4416008579239
-0.20141131279301436,0.9795067549940605,-0.9455963874271428,0.3253420847119795,-0.3505304735821372,0.5261910990397005,0.18940829270481707,216.0854358711747
0.49868622490057185,0.8667825846741594,0.09453674981719912,-0.9955213724144752,-0.9214301500139841,0.471930263080767,0.13579455807225085,260.6412599734168
-0.8895798094904155,-0.45677977466936526,-0.7526668275320083,-0.6584015846980489,-0.7029095605853642,0.7894025529605854,0.5264359752915755,253.66055852960295
-0.7038343448095281,-0.7103641425821986,0.995918996147179,0.09025161003104117,-0.5208174849353232,0.28475599801790613,0.2583700069178007,238.00996674572298
-0.34723380645301394,-0.9377785898900395,0.5877852522924732,-0.8090169943749473,-0.854762917500682,0.14277905198871435,0.2104670543669369,260.1034259953972
0.7362277349296067,0.6767338637310985,-0.9992500112396835,0.03872228089217399,-0.3996282984506149,0.17056230545328663,0.1379638299695661,215.7409505694003
-0.4300101721079296,-0.902824042592857,0.8311706263658079,0.5560174366570446,-0.31161836089251915,0.5553367940348701,0.3582907587258281,192.82100649921912
-0.30943738738603876,-0.9509198195892767,-0.39359027665646645,-0.9192859697186105,-0.81241778948143,0.39117617976051244,0.404255097847172,251.03382654976713
-0.7301531848641901,-0.683283489214162,-0.060213277365792774,-0.9981855344718586,-0.9429192437661336,0.38031632591810893,0.20270002767687756,262.60674626746777
-0.9972745414974866,0.07378000325954054,-0.6354323008901775,0.7721565844991641,-0.217236984362997,0.3726694177713059,0.48919746334876035,208.89653082376023
-0.9990798181332066,0.042889590799153776,-0.9427611433904206,-0.33346877891818705,-0.4845416707741738,0.7231789721588268,0.24292801986679113,250.41108202663895
-0.4600789075467326,0.8878780315057948,0.9844738167520922,0.1755314904214282,-0.5280010684496208,0.5474654252311163,0.43116403260084485,215.21236495978627
-0.8312622481816633,-0.5558804500501586,-0.8165380514459157,-0.5772916165517278,-0.6938791954743994,0.43824475038919336,0.29224925763851095,240.67186690591325
-0.820326857907492,-0.5718949608062843,-0.9141279881853337,0.4054257283599973,-0.3194885835946655,0.6778642095997771,0.29516401768808154,215.47985508864485
-0.635999876361204,-0.7716891584495231,0.9398560579418954,0.3415707691678556,-0.42468398061403406,0.2649952013090985,0.25855705247538247,223.02042877663456
-0.9937158236158488,-0.11193239877477573,-0.9455963874271428,0.3253420847119795,-0.3127745417965305,0.6420298604533995,0.2753334859789684,224.1147967722628
-0.9161578908176833,-0.40081756335332164,-0.8543221697498269,-0.5197438121555157,-0.6547341767412731,0.7345931652539381,0.35069778866747287,252.64819563225802
-0.6682936878766825,0.7438975377995166,-0.8311706263658079,0.5560174366570446,-0.1778097756060825,0.33136639131253814,0.16336560435948677,210.1846133959325
0.26224302281952216,-0.9650018637196923,0.989932495087353,0.141540295217043,-0.5356135442586831,0.18010051496093596,0.301309813091862,218.20228172551398
-0.3847670718609064,0.9230137054299812,-0.8543221697498269,-0.5197438121555157,-0.6748096398267327,0.630457148835801,0.2572181842155178,242.7579239293733
-0.46849748875596764,-0.8834648284053825,0.9679377830240642,-0.25119006388481935,-0.644707032863257,0.8837525442934225,0.09985730420242861,237.7899885817855
-0.06458807634996755,0.9979120103463084,-0.7055836101071774,-0.70862667826446,-0.7554361133650839,0.6304933054330762,0.0,253.06110585706213
-0.8514052053705797,0.5245085092425871,-0.8115390590073611,0.5842981736283683,-0.28186848712245804,0.47486887745891326,0.5478738720430751,219.17145246075253
0.23520311897860077,-0.9719462396772458,0.8263541987239096,-0.5631507242749186,-0.7154678626492134,0.49785639709311535,0.3158815394685737,261.28487071626824
-0.028053567710959196,0.9996064212172142,-0.9932568492674143,-0.11593459959550066,-0.49573172447572084,0.5356351254040468,0.35712315215776175,224.3824497170534
-0.2634195959800264,0.9646813548803147,-0.5160623910158526,-0.8565509959010037,-0.8178919694902872,0.6595601565219764,0.19540329290997055,254.62767690788985
-0.9755925163747629,-0.21958880206776965,-0.9999907397361901,0.004303538296243821,-0.40793041091127386,0.20795524265417678,0.05939825682469996,254.6328250857706
0.9637855816561354,-0.26667836918607546,0.5086709438521044,0.8609610158889943,-0.18764218968840105,0.1764408749545999,0.4861588173850193,175.73184105774257
-0.7258133463508262,-0.6878916966056616,-0.9796136916454901,-0.20089055513063528,-0.49259178764759126,0.2862513500604435,0.07453850927809103,213.53173804906132
0.7939282838258498,0.6080114144827717,0.8013610881746766,0.5981809144059165,-0.3138780103965418,0.4456934479873754,0.5993014878294433,200.14717012325082
0.7439941633073477,-0.6681861155131852,0.9973249731081555,0.07309512989807777,-0.5523595381732325,0.37764287341773806,0.2740115717131654,237.04327117991235
-0.9593183319487231,0.28232665121649336,0.8359254794186372,-0.548842958284719,-0.7791573761936812,0.497436997893261,0.38568534305147867,259.82827902816985
0.052899003982863166,-0.9985998675033063,-0.01721335615583528,0.9998518392091162,-0.07275802055762709,0.4139082556993303,0.32385482029493945,180.27407498403437
-0.9279005697925437,-0.37282775188908995,0.5012418134457758,-0.865307254363206,-0.8748594421319882,0.3687874827560509,0.46348461261658025,265.85211209719824
-0.9974704139460401,0.0710828622265269,0.3212696616923644,0.9469877530760753,-0.1198572902094287,0.6352994767029282,0.39397249314763305,211.90941178237514
-0.6837653508068994,0.7297019563053931,0.9242907221930933,-0.3816892202666588,-0.7309874772182507,0.18351491016797708,0.22776991021625564,256.38560355528654
-0.7454998328296393,-0.66650581336623,-0.9562348265919058,0.2926003356333479,-0.3184031781418084,0.7723686358989252,0.1604478913395263,226.85592859254507
0.8251022923086619,0.5649833689826554,0.5160623910158528,-0.8565509959010036,-0.9325571026020708,0.5106632789773304,0.2459960254658668,251.08372714319077
-0.7573876712900613,-0.6529654779372474,0.7638886127905428,-0.6453481132295501,-0.7980587372517389,0.22751205020292947,0.4218544324581156,243.65779856122543
0.8029299601203315,0.5960733840234463,0.440518784350495,-0.8977433935342337,-0.962983429419666,0.6647816093189641,0.3308122885998797,259.2918230160731
0.5576861817589132,-0.8300518795082416,-0.9886775902323404,-0.15005539834465262,-0.5144141099237314,0.4531920397738536,0.2525566051012076,220.02308218683714
-0.7857116711045337,-0.6185928951177189,0.09453674981719912,-0.9955213724144752,-0.9377824262410482,0.2736194574913684,0.227920614649192,261.1498546847642
-0.8029791688250538,-0.5960070926029536,-0.9106046300942162,-0.41327860778290443,-0.6399320222378544,0.4465247908893965,0.4383982663637833,246.0383597634552
-0.6022596012016391,0.798300302367751,-0.9033558023246842,-0.4288919379124841,-0.6321246161479717,0.9577477087917956,0.3524642459353384,241.65923345945336
0.8093437915106441,0.5873351914734679,0.9175836260593937,-0.39754281428255595,-0.7554694492895954,0.6188886182054796,0.1319851686947917,239.99923803449764
-0.809004666849233,-0.5878022193018342,0.8758917051442429,0.48250774176121847,-0.29040019560483116,0.33741100595041756,0.4504735658071555,195.26292937971456
-0.5972265035488079,0.8020726297903861,-0.99665890175417,-0.08167639533042288,-0.5083231562591487,0.24807180910411133,0.3122786486515713,227.63879311923725
0.595428144818851,-0.8034085662709737,0.288482432880609,0.9574851883550393,-0.09377246327618691,0.6204391226180138,0.39804248999416647,192.5282113803504
-0.8213680582379194,0.5703985561924836,-0.9999907397361901,0.004303538296243821,-0.440016968397872,0.5790449881597143,0.26067297095573083,223.76226960415593
0.3290672886102789,-0.9443064754446405,0.47873384011578846,0.8779600847008882,-0.1760757804189576,0.32672035033759483,0.30385243250139304,189.09372193035773
-0.780341580931962,0.6253535136773489,-0.5086709438521042,0.8609610158889945,-0.06530308337349937,0.35352494884281527,0.35235328995812,196.29084537669425
0.25010634536126614,0.9682183720680119,0.9999907397361901,0.004303538296244289,-0.5394503627040685,0.2788475378136256,0.19963299550733718,219.39928359779736
-0.556139718752043,0.8310888118765638,0.5380051715382996,0.8429415373547828,-0.1759460269287859,0.5455068027024408,0.40570607356373917,199.24728958748713
0.9900998691798651,0.14036470015646385,0.9634705485641488,-0.2678143051621742,-0.7147688880820017,0.24842530939265117,0.2185243907445683,231.94165634513567
0.9078579763724829,-0.4192778252386601,0.4482293417404106,0.893918596519257,-0.19500698956152068,0.5302460399216097,0.25388705090174724,192.9945650279799
0.3570101866854473,-0.9341004906340763,0.8587639582758029,0.5123714121284237,-0.39753347242428644,0.3842894553708243,0.33032193926511955,216.22924244236341
-0.4219622863138908,-0.9066133844857763,0.4711595076738638,-0.8820480249558537,-0.9170269214340675,0.33116000464872586,0.06036480592122889,257.24806439908184
-0.9822654082707065,-0.18749578052527566,0.8406184056344782,0.5416278206559814,-0.38726191616925404,0.20652027212956012,0.3958825545484548,235.4636620605349
-0.04875271678683376,0.9988108792989305,-0.7748840413670406,-0.6321034111873488,-0.6605867648155426,0.32446865677571735,0.3183155801060561,245.0434990639846
0.0464465625827008,-0.9989207760499584,0.6807734094770161,-0.7324940716135789,-0.9300727281045222,0.5809880007367376,0.479793636568978,255.0230846414097
0.9960224792719627,-0.08910230516059926,0.4711595076738638,-0.8820480249558537,-0.8853277424943033,0.43116740972112677,0.18576707665151806,242.8859553564119
-0.3754989492994219,-0.9268228196775423,-0.2884824328806098,0.9574851883550389,-0.008217025112048084,0.3972177158660269,0.470639237931038,189.01509280608994
0.040937872291078,0.9991616939276042,-0.9175836260593934,-0.3975428142825566,-0.6296423199243878,0.4061652583049389,0.4603447318702501,241.87518077422328
0.8547045891980232,0.5191146936890138,-0.9427611433904206,-0.33346877891818705,-0.60379655764939,0.6699330689281626,0.3838774102953094,231.50027513901793
0.8360428192233349,-0.5486642000578296,-0.6932812268869771,-0.7206671495538615,-0.8101638374209637,0.9039768343369872,0.2123771185310252,238.4392565541152
-0.9836814167831083,0.1799190659034693,0.9886775902323405,-0.1500553983446526,-0.6566069242539265,0.4861730521998875,0.21645834865841124,248.76458950262418
0.17579233037111996,-0.9844272733842206,-0.9995462806873573,-0.03012030484690836,-0.5338690504558719,0.47303586111249246,0.18300353978011422,217.99739140106013
-0.4315038087182143,-0.9021111145871525,0.9587178169872964,-0.2843591872810034,-0.6653900679038836,0.5408053016640547,0.3922287175517548,219.05409538171585
-0.6380203867920143,-0.7700194712069095,0.9844738167520922,0.1755314904214282,-0.4090386777217994,0.12576098019762308,0.5270938996404376,222.6095683562518
-0.8217128571035934,-0.5699017287836995,-0.8631421280499115,-0.5049610547215202,-0.6570871725136681,0.5588694460919938,0.066763012072173,239.8726583019319
-0.4010079894609617,0.9160745561298367,-0.8543221697498269,-0.5197438121555157,-0.6853895710926046,0.9363779115042487,0.39306140056450595,243.8056857036698
0.8648012707580175,-0.5021142918652267,0.42500033996955416,-0.9051931898913974,-0.9242512935029845,0.27404502034552375,0.5170139939224824,245.40801549297743
-0.9968203313069661,0.07968203745556648,-0.3294084822245302,-0.9441875088341994,-0.8490957034932043,0.5404169217137833,0.675574486140094,273.9959884954443
-0.19552196656823118,0.9806993222131295,0.47873384011578846,0.8779600847008882,-0.11607303808110964,0.25572383833754647,0.5358784457315231,207.23545676615402
-0.9087129728310941,0.41742152916263836,0.1712931441814776,0.9852201067560606,-0.06544776729302244,0.42156308566160894,0.38534899380239895,201.46122231161118
0.9606489453870982,-0.2777653753199921,0.7638886127905428,-0.6453481132295501,-0.7938581945175133,0.35155946721429326,0.4143715823496521,232.02564763270644
-0.9976198595240451,-0.06895372276552288,-0.9741004551724206,0.22611568550828803,-0.4032209006247806,0.3032844003116867,0.3811207444818681,241.55505483684155
-0.7847196936397913,0.6198507904438552,-0.6807734094770159,-0.7324940716135792,-0.7678683683002906,0.5918955650737088,0.38963843739337145,257.6053674819537
0.18817274302438053,-0.9821359472001218,-0.8674563547295971,0.4975132889071803,-0.2518589127249217,0.6783824877875956,0.3652787825225683,194.74563529702115
0.6371188653339148,-0.7707655619159596,-0.4482293417404106,0.893918596519257,-0.11890920750910289,0.7781865926045317,0.26120741585785817,192.0622640384505
0.7070225294684263,-0.707191022867279,-0.8919813464595487,0.45207220393230374,-0.23206228339772436,1.0640582525300062,0.4922320666515808,204.37718716175758
-0.2358622742576817,-0.9717864927966401,0.6420547132365637,-0.766658819300159,-0.9243598348277926,0.3236446504768383,0.3664991848325005,262.4733332260579
0.8922993041581969,-0.45144429534417385,0.6084768701151261,0.7935716089521474,-0.265838037838747,0.5476101654227981,0.3444847909545896,207.7090143671142
-0.7117536645340841,0.702429157297946,0.9741004551724205,0.22611568550828828,-0.5118261990831793,0.25420196101730796,0.2151875315201195,231.95095434677137
-0.44125434102733024,-0.8973820850254013,0.24702218048093552,-0.9690098257244062,-0.929281997132745,0.3936291581112879,0.32935733117125043,252.48448631103687
-0.911893913884916,0.41042598579969247,-0.9995462806873573,-0.03012030484690836,-0.4397221260904569,0.43421447743792907,0.2433461884128661,242.61014102787007
-0.9707373092229241,-0.2401438662190582,-0.10310169744743544,0.9946708199115211,-0.028388760057878954,0.07360448249184133,0.20501775927911037,205.2765860390728
-0.9998532337500364,-0.017132161556412125,-0.7176769136759615,-0.6963762255968726,-0.7251254079447729,0.5136115199553293,0.4488415357033019,276.0295000108016
-0.8984936769545682,-0.43898646046622,0.9829265519799822,-0.18399835165768005,-0.6639615720755201,0.6628192582476526,0.287210995414396,260.4399069977584
0.7715932420993802,0.6361162383924555,0.2051044998686192,0.9787400799669153,-0.10174155305756162,0.34269423311633024,0.19655499999161996,183.48549510809391
0.36979684352825065,0.9291126382288332,-0.9988797155850335,-0.04732138832243232,-0.4591645554764315,0.13920197308745036,0.4647462506445609,231.0572514963911
0.3843841049224945,-0.9231732556150729,-0.9611297838723007,0.27609697309746883,-0.3101636423225445,0.7071168553171094,0.35557754746068,205.87978231351713
0.9790358327575049,-0.203688090414778,-0.9307239310379793,-0.3657225234972692,-0.5737184354220661,0.1377178159663149,0.29191707710520465,215.7551003491294
-0.39891632322465254,-0.9169873320089675,0.6220467484408675,0.7829801036770629,-0.3002416353850102,0.818787987211685,0.2778781702562635,213.77952742457603
-0.4479633086964058,-0.8940519414786641,0.699458327051647,0.7146733860429609,-0.2504852929914751,0.40401937086240425,0.10685483081692679,197.9215821764704
-0.99992818999517,0.011983941462773177,0.9932568492674143,-0.11593459959550041,-0.6156591300088458,0.4977943343326495,0.16163999714778368,246.564376018135
-0.810652497537519,-0.5855275640276747,0.9741004551724205,0.22611568550828828,-0.44647319572599975,0.6910080978771926,0.514299446636386,221.96027067167665
0.284735705384228,-0.9586060599012225,0.1457991969198751,-0.9893142039703663,-0.8203933697807126,0.5387170976932395,0.07866820823771897,253.29399067161398
-0.4525222275905742,-0.89175312364828,-0.39359027665646645,-0.9192859697186105,-0.835644018812801,0.3415599426583216,0.60132498244329,243.79588432657232
0.05361951346882774,0.9985614391590365,0.1712931441814776,0.9852201067560606,-0.089093845612333,0.42482106853624924,0.396962511716059,200.45810988138345
-0.20195215482525766,-0.9793953885747243,0.24702218048093552,-0.9690098257244062,-0.9202811258899891,0.26617732966990637,0.2629020207072541,258.5391292141383
-0.45199328293903573,0.8920213406516645,-0.9338372288229252,0.35769823883312546,-0.3236657131264418,0.7232028717987857,0.1722865343890624,205.84110180242178
0.9622745316700774,0.2720803662507335,0.9657399376548549,0.2595117970697999,-0.44997699610356245,0.41491384271818516,0.3344112359217651,202.38496365875318
-0.34172322377165093,0.9398006375477249,-0.8214765533024145,0.5702422926917867,-0.23256443621165596,0.576189616809007,0.3392078141779597,192.09654495753142
-0.4344832873951436,0.9006798948429509,0.3456123126707335,-0.9383773917408641,-0.9148686916512097,0.5367190081211589,0.26507536941114446,263.47020468892094
0.4579963362019591,-0.8889540798182897,0.9922222094179323,0.12447926388678915,-0.505667549341735,0.4130225562195716,0.668929228292827,225.28602514131356
-0.6952916950465928,0.7187276666437962,0.9398560579418954,0.3415707691678556,-0.43135752346594053,0.6584545369879669,0.39224188418315376,224.1924417585853
0.15906448161860137,0.9872681959262162,-0.17976658572556214,-0.9837092937736098,-0.8741515434306757,0.739199018478244,0.10232690551319243,258.399163093453
0.5919547699781768,-0.805971184534586,-0.6680638642135333,-0.7441039398713608,-0.714728980076171,0.5364007453545213,0.36039369767297036,245.9817536779757
0.5508690555149942,0.834591686800209,0.8919813464595485,0.45207220393230435,-0.38095150911610354,0.675549714138379,0.6156450470841612,216.45720641450032
0.6861865863233997,0.7274255760899802,0.9587178169872964,-0.2843591872810034,-0.668884605807678,0.37441248233673863,0.11607232922734673,246.702794514547
0.508349718891006,-0.8611507204336737,0.3294084822245304,-0.9441875088341993,-0.9392119138347463,0.4965268972985082,0.3834227504543998,269.75665177203217
0.6470193549031132,0.7624735761852729,-0.9760105506323682,-0.21772323039653224,-0.5240668019551857,0.4651019282876859,0.3025558237130203,233.7234640782869
0.5862167546847423,-0.8101542547730578,-0.5452404385406507,-0.8382797052177745,-0.7254538202676133,0.5920340792385638,0.21042842018822766,232.2455987069722
-0.3331714789583082,0.9428662501164912,-0.6420547132365636,-0.7666588193001592,-0.7864596322099585,0.3477084187542217,0.25746304580136314,262.0654438167719
0.5060718463686296,0.8624913253552445,-0.0859647987374467,0.9962981749346077,-0.1977012515671985,0.35178878489118803,0.2030347163419004,208.10890621253327
-0.9918199361126057,-0.12764487584539722,0.6551563572090853,-0.7554933140726803,-0.8468821002690871,0.5630026532821661,0.35652434340403955,278.41190970420297
0.8976357672118555,0.4407380507988659,0.8064799463209448,-0.5912614448635781,-0.7555330774454577,0.7164328775355402,0.3305631655230893,237.68094700042337
0.37501638778131324,0.9270181815344593,0.3375228995941133,0.9413173175128471,-0.22551922197665855,0.6487985726478321,0.41726407048834924,195.63334699816056
0.9635817028491102,-0.2674141019737162,-0.4327755925504317,0.9015016841318838,-0.13864277608165002,0.19968769619927138,0.13198325367224903,174.7627000418429
-0.21630213825717154,0.9763264745900192,-0.9911140639934546,-0.13301470653419636,-0.5638130720003293,0.5352143017083574,0.306200383942568,223.97742905559937
0.7498284093890785,-0.661632342372291,0.9995462806873573,-0.030120304846908114,-0.5482693401674389,0.7881412547081161,0.20025031671833327,230.13022102706333
-0.7084937630870307,-0.7057170733847796,-0.4093559588156211,-0.9123747579707274,-0.8519233871084333,0.5003043310993366,0.4190166172258476,255.61450523763224
0.17798038940454697,0.9840340344659863,0.29671281927349075,-0.9549667548552551,-0.9599245793111555,0.5224602754491943,0.325828180684594,274.35451483630567
-0.5167171937938009,0.8561561432576769,0.9562348265919056,0.29260033563334836,-0.4334910556913458,0.5350615148931566,0.4597507456677508,217.832554568332
-0.9851338566100928,-0.1717884878579623,-0.8406184056344783,0.5416278206559811,-0.2503814001073942,0.5193873933344544,0.3803218496585373,226.80497510742424
-0.07412688810071226,0.9972488177283062,-0.5307300481619331,-0.8475409228928312,-0.7722603685353299,0.590547885713889,0.4496778075791804,258.30478993905314
-0.7857429725898698,0.618553135167574,-0.5012418134457756,-0.8653072543632061,-0.8559775506448678,0.3703911030887966,0.3015666683746015,260.5135765942948
0.14871300925050215,-0.9888803976617496,0.3777079652039649,-0.9259247771938498,-0.9076463268000335,0.30297820761686384,0.41331521072547656,253.0271177358949
-0.8319031622608836,-0.5549208309482913,0.28023067519921585,-0.9599326896597447,-0.9063636007481526,0.29184561759497446,0.47466561790181383,263.2550927313558
0.9435893679863302,0.33111796179482317,-0.9455963874271428,0.3253420847119795,-0.2920914031724367,0.25210724206930374,0.3351580664865432,184.46066145853175
0.9882248107041979,0.15300890009621135,0.9562348265919056,0.29260033563334836,-0.5134295801428066,0.5526186001292703,0.3530540474979684,205.006023688147
0.9999990341188685,0.001389878170983142,0.8013610881746766,0.5981809144059165,-0.2495844324442735,0.7122277463079014,0.3189770402132889,186.88929284436745
0.8804337174324911,-0.4741692411027991,0.4559066935084588,-0.8900275764346767,-0.9322555005105577,0.7681762982641669,0.2836950435133415,256.2433108196399
-0.9980684758645328,0.06212340529501233,0.705583610107178,-0.7086266782644596,-0.7933742705222333,0.4422464279969855,0.42628497051112557,264.67345181166274
0.7910053204051676,0.6118092701902433,-0.4327755925504317,0.9015016841318838,-0.11791317104707218,0.44173211463265954,0.02849881781226027,183.87352619570254
0.2971521617656433,0.9548301381701381,-0.6486295610349818,0.7611042586607742,-0.1350694646072248,0.11633302235993996,0.35059007005458676,205.0039357914373
-0.7485743505304121,-0.6630508590809393,0.9562348265919056,0.29260033563334836,-0.4495929367119097,0.5503347296976614,0.224979232136359,220.9979910957234
0.10133151672170033,-0.9948527145858727,-0.8958392907349089,-0.4443781781046134,-0.5730500709453343,0.49354670401142986,0.20252297288630014,219.0215272718677
0.5586651207433135,-0.829393322172815,-0.9275416835791965,0.3737197147904692,-0.2982696962919841,0.6945251135652027,0.3124416774901572,203.60641348884852
-0.8287034632341039,-0.5596879219920706,0.6152845999633276,-0.7883050558305255,-0.8533070493273837,0.6896309352583356,0.1844831755945778,271.1410291906995
0.9994488305938395,-0.03319691287765565,0.9966589017541702,-0.08167639533042241,-0.6512396515575645,0.5560281284245763,0.15759737518442968,228.29224974103147
-0.7854554520662199,0.6189181955795533,-0.3697245428906732,0.9291414114031743,-0.14109215630440994,0.38575541455755324,0.3297559318593993,206.6014874829624
0.4454912536154224,-0.8952862910556374,-0.09453674981719933,-0.9955213724144752,-0.797344374746386,0.7222172235693556,0.34986111598741665,261.6772804001949
0.685818199214033,0.7277729025093067,0.8311706263658079,0.5560174366570446,-0.35305641376781055,0.7793148772882603,0.301896611570352,208.5807337891318
0.9364829024018155,-0.35071323543469485,0.07738647923346301,-0.9970011699250151,-0.8290638046481327,0.015,0.48881870892505375,226.82531298603334
0.911693614745116,0.4108707252080439,-0.9679377830240642,-0.25119006388481957,-0.6144368912945549,0.6750554973806432,0.45304588625482867,217.0772241568157
0.9406207976270802,0.33945915081404926,-0.9796136916454901,-0.20089055513063528,-0.4538017726477737,0.5509149519187517,0.23029884974096484,207.48894921750812
-0.15999985669372715,-0.9871170375684875,0.008606996888688698,-0.9999629591162655,-0.9461579640937527,0.5091009569776814,0.35608598689084975,269.92088137232383
-0.15671511040756764,-0.9876438498618537,-0.9995462806873573,-0.03012030484690836,-0.4379138410358804,0.5339557425384076,0.18466728850818662,217.4143698184279
0.8662979638698535,0.4995276146470244,-0.9995462806873573,-0.03012030484690836,-0.39905998264728415,0.9563553799707918,0.4428969438757331,208.81817478001426
-0.747247923967789,-0.6645453634823053,-0.622046748440868,0.7829801036770624,-0.1519350659530464,0.1913418898923375,0.12473968584753256,187.43813984816677
0.45949199912832156,-0.8881819085846426,-0.780295851070776,0.6254105729852457,-0.19243203101013737,0.36013418520949536,0.3340549729763706,209.9476594461315
0.957628103860127,-0.28800766430297986,-0.39359027665646645,-0.9192859697186105,-0.8033496432450806,0.9095882116403967,0.08617015844592413,249.1572817537911
-0.9840629057563116,-0.1778206892193498,0.9338372288229252,0.35769823883312546,-0.40258417398706287,0.33588420642391864,0.301715567631984,234.90419715948252
-0.3432114840204488,-0.9392581526058111,-0.034421611622745804,0.9994074007397048,-0.1795999179976733,0.3040158918579213,0.6345842131805242,204.62104298677315
-0.9994725276059143,0.032475630264012637,0.5086709438521044,0.8609610158889943,-0.15676225228101665,0.1448646502648626,0.42924254340898704,217.32427998183485
-0.995799408164725,0.09156166609877402,0.989932495087353,0.141540295217043,-0.5031239994647132,0.6470956050527586,0.0,259.032714114104
0.4871992141657901,-0.8732908597461883,-0.5524353131676203,0.8335557718385695,-0.1528541812751111,0.8259739564777415,0.22479549014353764,193.44228634619023
0.4287993776704054,0.9033997419246217,0.04302223300453059,-0.99907411510223,-0.8813673032942729,0.6315707955907204,0.29247617802215337,252.2391372636899
-0.34263020993595755,0.9394703503779359,-0.8996308696522434,0.4366512319560638,-0.2363638662123052,0.4108707700887389,0.413909156225136,212.8350793167252
0.9872217683027922,-0.15935237741906463,-0.33752289959411347,0.941317317512847,-0.1554868811789173,0.34186115420829744,0.5086792233544832,185.90484809258015
-0.57986061676752,-0.8147156958853753,-0.6744436188329457,0.7383263540031063,-0.12379817969902557,0.4435042109804151,0.33799892763167266,182.11024639299944
-0.25634695139147573,-0.9665848335828037,0.8919813464595485,0.45207220393230435,-0.3287855752141309,0.38599539900358965,0.26475151830511306,203.16060610040182
-0.7060598080846434,0.7081522063846701,0.12874817745258132,-0.99167731989929,-0.9034545183470182,0.2459737390009693,0.3612215195675252,259.34849434242506
0.6510594310215925,0.7590267566284078,0.7748840413670407,-0.6321034111873487,-0.7546374567221068,0.2156018502614669,0.3615327386949241,256.85697080361643
-0.9985877217781298,0.05312778852883209,-0.9175836260593934,-0.3975428142825566,-0.5815736185234079,0.25982813367801166,0.33110281638249484,240.6994062611671
-0.2503057010368959,0.9681668534030836,-0.8214765533024145,0.5702422926917867,-0.19631409727098753,0.5733509139577833,0.23642218650455968,202.68709674681162
-0.2288947388758675,0.9734511793176628,-0.0859647987374467,0.9962981749346077,-0.07400075567468638,0.2859618846482041,0.13152724169890243,192.56941991705824
-0.8364105384557361,0.5481034675681095,0.6152845999633276,-0.7883050558305255,-0.872730688645684,0.4272542914985862,0.0,264.8458570765218
-0.8565676053581944,0.5160348219363966,-0.38566340624360745,0.9226395488404875,-0.1133115009210557,0.33719531461958685,0.38212739067182544,201.11670852146446
-0.9732367512070473,-0.22980475647808454,0.7802958510707755,0.6254105729852463,-0.29461064663182446,0.2105577337284418,0.33805813859293465,227.168463376344
0.6077579395961057,0.7941223374631243,0.705583610107178,-0.7086266782644596,-0.8858399646298152,0.6848696122609387,0.3654742888512613,257.0325296407176
-0.6210195197792566,-0.7837950982579194,-0.970063921851507,0.2428497220959358,-0.3031082057522307,0.22469123348284312,0.2378914349129712,212.823921539531
-0.5962028924722849,-0.8028338003644846,0.3697245428906731,0.9291414114031743,-0.1946236091082082,0.2591294762470323,0.09531862548228828,201.21965923843774
-0.4574888958136072,-0.8892153339924174,0.7694148268839378,0.6387494220515272,-0.3345920510312723,0.7264304753513506,0.4915304154497523,204.2285826611967
0.4716498064646072,-0.881785949117981,-0.8115390590073611,0.5842981736283683,-0.17793488535224825,0.7044483793932546,0.12545762713459815,185.8070643317825
-0.7981294837017641,-0.6024859560570317,0.07738647923346301,-0.9970011699250151,-0.8915262249563299,0.26821055810963335,0.3811292018755007,269.2490299200288
-0.9222830120243654,0.38651525937699316,-0.37770796520396466,-0.9259247771938499,-0.8922496242408607,0.43328599022790504,0.1397178583699107,283.0929339534888
-0.5459664037511697,0.8378070696616344,-0.3697245428906732,0.9291414114031743,-0.1343334771721563,0.5017428076351125,0.41256622452809005,203.5766836400043
-0.47806209314755316,0.8783260414535027,0.5307300481619334,-0.8475409228928311,-0.9293323254162688,0.34437283885724324,0.3976491824510149,253.52794132054544
0.7761342853080435,-0.630567657884047,0.7856498550787147,-0.6186714032625031,-0.7622799006376453,0.3988283255269412,0.19238142607817002,233.5359867941161
0.8923932136750826,-0.4512586311492096,0.4171936026123168,0.9088176373395029,-0.22133914842666166,0.44046956459964043,0.2530694199333689,192.1842228245758
0.9676086393605756,0.25245498813605455,0.989932495087353,0.141540295217043,-0.524134392899006,0.5078268486605808,0.1327694283923485,205.03568637727003
-0.9811291395528803,0.19335359195066623,0.06021327736579302,-0.9981855344718586,-0.8565778097138039,0.6572758158792938,0.40305531723871457,279.1915603259493
0.8646715699717075,-0.5023376116544157,0.7116566222817746,0.7025274741691571,-0.2526438041221584,0.230727641868426,0.1555914560451921,192.63465462733598
0.594364477036623,0.8041957898652428,0.42500033996955416,-0.9051931898913974,-0.940484247790216,0.35186060392785085,0.2824215418960085,262.48425908854244
-0.6927463498512472,-0.7211813189259505,0.36171373072976765,-0.9322892131745133,-0.8676503187604017,0.2598429932747811,0.12624476707578625,258.15869607195464
0.8068179795288181,-0.5908000913244985,-0.9106046300942162,-0.41327860778290443,-0.6865117898360309,0.8510666684119543,0.4297457339846925,227.00914464186383
-0.25289685198054146,0.9674932466215628,0.9873494423939864,0.15855938510313475,-0.5757915460459364,0.43207718900107867,0.3854416852144601,225.10164378852312
-0.7796745423173935,-0.6261849631396165,-0.10310169744743544,0.9946708199115211,-0.05142701242503725,0.2596878912982416,0.26498710990031304,197.50152788581667
0.5980498583904742,-0.8014588990579203,0.9999166586547379,-0.01291029607500882,-0.5225527772334625,0.43041742137923605,0.22594761375805505,227.39359238308037
0.5639678507802425,-0.8257967445360354,-0.41719360261231697,0.9088176373395028,-0.051822271220178726,0.6204472155803621,0.3000328898037756,187.5020300814392
0.7947550481224853,-0.6069303201223564,-0.9999166586547379,-0.012910296075008843,-0.4062846088428387,0.6072873949455506,0.42977174982456146,198.34108908748692
-0.6538328599797165,-0.7566390098393978,0.5160623910158528,-0.8565509959010036,-0.8772017367897065,0.2049338633468511,0.45046494487706934,262.0011879883816
0.35326292048090047,-0.9355240825405324,0.9106046300942162,-0.4132786077829042,-0.7363306498165914,0.7188133496211238,0.36789814929849857,249.80681552631097
0.9871605219807004,0.15973134896691785,-0.9427611433904206,-0.33346877891818705,-0.5995914145507223,0.33602707857358444,0.2843262400486923,205.53058688017654
0.3660444707833019,-0.9305973594465936,0.9106046300942162,-0.4132786077829042,-0.7504448553885007,0.5172656937501203,0.24212568937784518,245.85715055094522
0.10490365945616327,-0.9944823891013381,-0.7694148268839381,0.6387494220515268,-0.18085352466934895,0.9697902650018755,0.142665606321102,190.66899733317817
0.9348633484553548,0.3550077741611328,-0.9562348265919058,0.2926003356333479,-0.3673499030864314,0.5695631408193613,0.4869278255625218,196.36840422620418
-0.9997969642751363,-0.02015019171675268,-0.2802306751992161,-0.9599326896597445,-0.9709201227424777,0.6293917471325063,0.20592930313869717,283.6370400652261
0.4182905106500728,-0.9083132987577036,0.7295575540864875,-0.6839194216246106,-0.8111764411646826,0.17461176449095223,0.5771194957295189,243.54438844874926
-0.26028892454946234,0.9655307741117755,0.6354323008901774,0.7721565844991642,-0.17584724508235372,0.7232217294403271,0.5173958424366536,199.81569754565925
0.9998097435181591,0.019505813650111323,-0.0859647987374467,0.9962981749346077,-0.03139341633061681,0.3730104510084324,0.30124123109819256,152.38759973196824
-0.965959292940513,-0.2586941135431271,-0.9721181966290612,-0.23449138957041052,-0.5363671718976409,0.43330961389170763,0.25114986774401454,240.56651011802825
0.9903088169776094,0.1388828535723818,-0.8115390590073611,0.5842981736283683,-0.14543643999370254,0.29466953669636176,0.5102882657127377,180.65188433042772
0.21638650375755764,-0.976307779847923,0.9175836260593937,-0.39754281428255595,-0.7206580089350939,0.42039816837622546,0.27570225749245564,247.9475539911144
0.38052904622417716,-0.9247689684346669,-0.7354170229639858,0.6776147890466887,-0.17823713402936822,0.41352067332503106,0.29030421095552805,201.04441676312138
-0.36225218409308135,-0.9320801226932115,-0.7295575540864876,-0.6839194216246105,-0.7116916711605777,0.47388089790662313,0.449670964135863,235.9767923674373
0.8011164081554889,0.5985085635010147,-0.05161966722325418,0.9986668162884759,-0.1122257948822646,0.44451880421960566,0.26978403694056974,185.5930450271806
-0.9739775013897561,-0.22664471488779006,0.255353295116187,0.9668478136052775,-0.13069931274833813,0.22020002411396616,0.08626218195374394,202.59400535851267
-0.08655807284387429,0.9962468067831156,0.9275416835791966,0.37371971479046906,-0.46908008231839515,0.522585137497902,0.4806302608541107,221.22144155214386
0.9940052417954973,0.10933242557939915,0.21352091543979612,-0.9769384927771817,-0.9447768318344856,0.4033924769318336,0.37351045157088253,256.4544106635167
0.7871923903826363,0.6167074999735864,-0.4405187843504952,-0.8977433935342336,-0.8290457580881528,0.18185402043268994,0.26411974511883135,257.3165863097923
0.3267153549206618,0.9451227840122499,-0.780295851070776,0.6254105729852457,-0.2577401869480295,0.49643439447418675,0.325600758365908,207.46795194996923
-0.655876780510159,-0.7548679677848497,0.5947266869607634,0.8039279618328213,-0.22337047587124118,0.15682906511576777,0.274833462226313,199.02264465456366
-0.9889012507310868,0.14857427873791637,-0.8311706263658079,0.5560174366570446,-0.23375692246048976,0.3246245006283585,0.6044930807095092,217.4563686100499
-0.806821388721309,-0.5907954355797093,0.2719581575341055,0.9623090774541486,-0.05521717964207264,0.3741481723731142,0.3223889162491498,204.97153380878171
-0.9528433090069222,-0.3034627299698251,-0.9398560579418953,0.341570769167856,-0.37317419239385907,0.7317456562780263,0.21284973927340295,221.8480205375679
-0.9438552782821755,-0.33035921912196875,-0.23030567023061196,-0.973118337233262,-0.839208488324944,0.5932325500676778,0.4251679057502676,267.510018039745
0.42372646816686577,-0.9057901965548281,-0.034421611622745804,0.9994074007397048,-0.08545151013784202,0.5811450416462101,0.31917206816876204,199.3428366722997
0.5805041301693356,-0.814257302611615,0.7412220108485958,-0.6712599575675313,-0.8361380556574812,0.5602062814563792,0.7522645245620191,262.25739727173226
-0.1494010572283879,-0.9887766806003466,0.7469720876965552,0.6648553979642865,-0.27758625677268567,0.33982768485974485,0.5230916474682419,197.71974936114754
0.3631314201485579,0.9317379308050582,-0.9778483415056567,0.20931464596304888,-0.30879835777709563,0.3900899304668917,0.385182982981672,208.67182916092625
0.8856411194138109,-0.4643703345428646,0.051619667223253764,0.998666816288476,-0.04151754758580298,0.4193483229375003,0.2268259816934165,190.65746578703425
-0.387697275272691,-0.9217867555710113,-0.9562348265919058,0.2926003356333479,-0.30406260576317573,0.7917524178496855,0.030466302712532478,204.34395362246102
-0.21945522402988107,-0.9756225728456649,0.9988797155850336,-0.04732138832243185,-0.5843047748318068,0.7330003337811497,0.3869645073380905,232.47645915512425
-0.5218843233265223,0.8530162677616517,-0.2553532951161881,0.9668478136052773,-0.05352023068608112,0.26335595718973587,0.20510240103861832,194.12260696370723
-0.04603148118245426,-0.9989399895590072,0.9999907397361901,0.004303538296244289,-0.601168467205869,0.2776059792189766,0.3840559853054867,224.23227134166495
0.241223122031024,0.9704696828843268,-0.711656622281775,0.7025274741691566,-0.11072603743979016,0.015,0.23161101924193,203.40297817642315
-0.39696040766241997,0.9178357340769019,0.3777079652039649,-0.9259247771938498,-0.8514654998250648,0.3429045743815965,0.4972106385403202,241.83079999887127
-0.11590774707475243,-0.9932599831705973,-0.8758917051442433,0.48250774176121763,-0.3646849300749958,0.6650634324537654,0.21674835761010086,212.65178923367858
-0.38083518511383907,0.9246429374516998,0.16280701293851715,-0.986657932891657,-0.9218525830364116,0.05798104971725806,0.4903258171541281,256.6293006069011
-0.9771845934900084,0.21239178478878842,-0.2967128192734901,-0.9549667548552553,-0.8312063266187835,0.7540807449786755,0.24317114040142324,268.6381879199058
0.9978043453741061,0.06623056962273165,0.9510565162951535,0.30901699437494745,-0.4614393459974038,0.5351228024319239,0.35992470863793113,216.7587629420945
0.2583560720670446,0.966049760636629,-0.4093559588156211,-0.9123747579707274,-0.9113989664462349,1.0051617061119977,0.473466809900751,268.14907410078996
-0.9647849207524483,-0.2630400286813628,-0.4482293417404106,0.893918596519257,-0.13448381917517804,0.522269292966283,0.35631630866529124,208.60428871872983
0.5408753955974469,0.84110273239201,-0.9932568492674143,-0.11593459959550066,-0.5415382203595344,0.2267800288977842,0.046790400555463185,233.98372918435157
0.6169456409766652,-0.7870057662303954,-0.9951053111006974,-0.09882013873287211,-0.4849167174754033,0.3549733232850816,0.2237675977709065,234.97681587125555
0.7520841888249031,0.6590670473628517,0.29671281927349075,-0.9549667548552551,-0.9243991743466973,0.48913249778727924,0.1955505681650621,254.48943946367928
0.49485212900674586,0.8689771978697087,-0.19667288979357622,-0.9804691603616321,-0.8722850778253941,0.32986142385127765,0.3896226553871934,259.0209173540376
0.09970848515927529,-0.995016692315884,-0.970063921851507,0.2428497220959358,-0.3363984859915478,0.29530676880691764,0.4332012190900267,207.64092329147343
-0.9489013248057917,-0.3155729325874026,-0.23867276600594997,0.9711000518829505,-0.10348791121995607,0.31470485387208874,0.2769092671884097,214.87272051318706
0.9362856976771315,-0.35123936613831735,0.7116566222817746,0.7025274741691571,-0.3226617184745607,0.10879031283764835,0.1517613508577619,182.13376080001652
-0.21380054566930234,-0.9768773345059801,0.4171936026123168,0.9088176373395029,-0.15750930534718746,0.3989682777385263,0.44187190808494586,198.39170697186466
0.8024466593740258,-0.5967238547766179,0.9951053111006976,-0.09882013873287143,-0.6188060607240007,0.1127930968662069,0.2543051839388577,220.36205100409893
-0.150128922495251,-0.9886664283925165,-0.9760105506323682,-0.21772323039653224,-0.4906935656025205,0.27967201600071556,0.38288135135217116,216.60880164374856
0.27730551627736766,0.9607817913772838,-0.12020804489935275,0.9927487224577402,-0.08910833321584773,0.5239188281175556,0.48171689089235503,194.41649442077144
0.442552482861227,0.8967426051623528,0.3131070409358269,-0.9497178427914316,-0.8687343069065667,0.6051605967819464,0.34933790987767227,248.3386070736451
-0.6519149401377167,-0.7582921012546797,-0.594726686960764,0.8039279618328208,-0.1293928605353465,0.6631839837584511,0.36122938446546915,199.8362930361495
0.029770262699080893,0.9995567675018902,0.545240438540651,-0.8382797052177744,-0.7921592929142784,0.41669663147521857,0.3365968767096439,262.38254592161354
-0.09784852885001968,0.9952013190314244,0.21352091543979612,-0.9769384927771817,-0.9521708071541631,0.8481469909687105,0.2972409820783406,286.1962689161643
0.8303473656717448,0.5572461326218366,0.38566340624360707,0.9226395488404876,-0.19242345419190177,0.7501245433172038,0.14982160365374203,197.86657569825985
-0.675588607295927,0.7372788032297889,0.7526668275320085,-0.6584015846980488,-0.770561630035109,0.2449303321097914,0.4108894550621814,255.69015695184513
-0.3665303717537387,0.9304060869222999,0.9721181966290613,-0.23449138957040985,-0.7264821494084281,0.2630813524419252,0.1304925908970109,248.1110977408278
-0.9304255799479245,-0.3664808865119276,-0.455906693508459,-0.8900275764346766,-0.8383069888602193,0.2965408602651546,0.39815137824892405,253.96839566889176
0.9997683903170609,-0.021521285343422934,-0.9175836260593934,-0.3975428142825566,-0.5959694948779847,0.8985185889179192,0.549876950227764,220.0867237072493
-0.9429942296241475,-0.3328090787456985,0.3697245428906731,0.9291414114031743,-0.14678799118154823,0.1949740409625878,0.38951360939411794,200.05620006348693
0.8406855237020926,0.5415236377460713,0.8587639582758029,0.5123714121284237,-0.3661521516270529,0.7558575954377641,0.3342416345724005,209.1580989933118
0.8841224031008021,-0.467255365228975,-0.9997685019798909,0.021516097436222233,-0.46827796503644487,0.6193828748743282,0.27985981726460213,215.6329291849106
0.9761808705078424,-0.21695830948491213,-0.3617137307297674,-0.9322892131745134,-0.7691367065866913,0.05584977794122707,0.25303634815892057,229.87200081043272
0.630095094918678,0.7765179787741056,0.7412220108485958,-0.6712599575675313,-0.7385987067904354,0.7472208706896231,0.5102826779412646,250.26565559983516
-0.8219100167712068,0.5696173490433333,-0.9813064702716093,0.19245158197082995,-0.3170084002317497,0.1487873504809909,0.3751642233305235,206.12847570460283
0.19381460210717003,-0.9810381745936492,0.3212696616923644,0.9469877530760753,-0.1335712722940679,0.5864186598559687,0.38855187117574874,185.82080860112825
-0.9378448399560423,0.34705483164454787,-0.154308820664281,0.9880226656636976,-0.04478313185999716,0.3642895690234317,0.3307406050995068,207.03431207089073
-0.9973204554309489,-0.07315674390652306,-0.6680638642135333,-0.7441039398713608,-0.7770034452336754,0.15502236465063315,0.4115035724228606,260.2940380852358
-0.9932159497733972,0.11628446635612365,0.9951053111006976,-0.09882013873287143,-0.6134745442922979,0.2728769059794618,0.3129554721439971,247.77532550696455
-0.3174339266333516,0.9482803921953317,0.13727877211326478,0.9905324521322229,-0.08473513681481887,0.20882725131039023,0.628756382006646,191.20652388174128
-0.5798129368863657,0.8147496291617489,0.9796136916454901,-0.20089055513063506,-0.6273964503738029,0.38743481420128373,0.4575540515925798,234.42171694256257
-0.035144649220646515,-0.9993822359993987,0.5307300481619334,-0.8475409228928311,-0.9009450681127152,0.518541395927982,0.5281761790707159,242.37921712172943
-0.7231909969307423,0.6906480883621694,0.2219215130041655,0.9750645322571948,-0.11625775504346389,0.7492224555526825,0.42212584396508507,195.55281820512312
0.9719184940130949,-0.23531774475231904,-0.9988797155850335,-0.04732138832243232,-0.46465403320875887,0.6084171635812525,0.48010471301963653,201.66703798000316
0.5362290266664467,-0.8440725270735656,0.5524353131676196,0.8335557718385699,-0.21756273858845313,0.5635642831108159,0.1165458312175352,190.39910357660528
-0.9867669204901134,-0.16214513445200326,0.9973249731081555,0.07309512989807777,-0.4844535955678007,0.4506341055479884,0.3578087642627462,245.80668931044565
0.6789696448213411,-0.734166344510004,0.06880242680231986,0.9976303053065857,-0.13849817460358735,0.2988364414612255,0.06608282565362594,198.22636511296054
0.6829060733482141,0.7305061909279918,-0.9562348265919058,0.2926003356333479,-0.3395039853178772,0.5198576932538213,0.5283304499105298,209.75182879888052
-0.8938459152230709,0.44837426313185147,-0.5234156073655503,0.8520775211013093,-0.12321791922681997,0.4444866944944305,0.12685589544452983,210.0582482786527
0.9792629899183567,-0.20259317998432325,-0.2636654927280072,-0.9646141756912435,-0.8653797966720989,0.3119937968730766,0.21077742035897212,244.54001675278727
0.9999999646567488,-0.00026586933103831965,-0.7694148268839381,0.6387494220515268,-0.20702614846246692,0.1719079687137813,0.5317946171344206,170.24048555614849
-0.48490810597055833,0.8745651083618907,-0.888057322629493,-0.4597327394521046,-0.6406394062782371,0.616791612637647,0.47260837321878735,228.62002743597452
-0.9928665330193829,-0.11923106814111317,-0.6084768701151264,0.7935716089521472,-0.1578802672405439,0.5610057904772892,0.46476578833000803,220.2863555566512
-0.675622422587523,0.7372478159323136,0.7638886127905428,-0.6453481132295501,-0.7952731763794121,0.44719984063108564,0.3427474440543976,246.15880641533448
0.5338547674205968,-0.8455761865747524,-0.7961828637826154,-0.6050560696488494,-0.7430473768196112,0.3701779370715305,0.5333783989951947,244.4205333134706
0.7072143824947762,0.7069991635020033,-0.39359027665646645,-0.9192859697186105,-0.9074892978819374,0.3793080261538787,0.2468653779289594,258.8215494571348
-0.9945977891668086,-0.10380384282143125,-0.7961828637826154,-0.6050560696488494,-0.6757860135772009,0.7064505546170663,0.18039141480650384,255.3216598358875
0.8516493765109243,-0.5241119532013689,-0.07738647923346322,-0.9970011699250151,-0.9185927186140688,0.42079885730459515,0.2508936038276506,257.1380912270519
0.9319915934862755,0.3624798886433743,6.432490598706546e-16,1.0,-0.028307671927720577,0.4468954332672899,0.42406091135417334,177.16146108528116
-0.9771002697690777,0.21277937592068363,-0.4482293417404106,0.893918596519257,-0.07300218407592952,0.32910164199701836,0.446637378930996,203.04040483784055
-0.7862886194171821,-0.6178593747569278,-0.16280701293851646,-0.9866579328916572,-0.8581406613112142,0.20537181776741073,0.3388173481529167,246.6500619609124
-0.26586460797274625,-0.9640103786928323,0.8214765533024142,0.5702422926917871,-0.2489012282307774,0.060680825228974555,0.4159811540890751,195.25632937943496
0.31430487937777635,0.9493220964453116,-0.4862727071086902,-0.8738071036110807,-0.7653092183351771,0.3640514036117501,0.3589070960091914,247.91632674548816
-0.8431524763291791,-0.537674531347704,0.9844738167520922,0.1755314904214282,-0.48445683023181857,0.6712696707330885,0.2586168047791716,226.06296452801627
0.6567247366033323,-0.7541303735649983,0.9679377830240642,-0.25119006388481935,-0.6878114834736379,0.4596522385107858,0.2602818851734137,236.79195032722308
-0.3876932360047543,-0.921788454449372,-0.27195815753410524,0.9623090774541487,-0.0976157836588159,0.588071670226747,0.44623958734209274,181.85597656989887
0.9139946230396306,-0.4057262982043974,-0.47115950767386394,-0.8820480249558535,-0.7536121821888933,0.3448631608540464,0.32663896273879606,232.22084798135816
0.9146970649156818,-0.4041401730026811,-0.9175836260593934,-0.3975428142825566,-0.6075203180712518,0.7263063340688884,0.23563870501715367,212.24258272093408
0.5727649573405479,0.819719649418434,-0.3049212246562894,0.9523775757303973,-0.10145770066025403,0.06814947906110369,0.3486507228776214,195.96857120038405
0.8717008194771163,-0.4900384488210326,0.4635502709028509,0.886070621534138,-0.22035154220499772,0.8661686940990222,0.5060453161274417,193.34694958768569
0.9353066092394828,-0.3538383058869423,0.9483615800121715,-0.3171912885891061,-0.6623964064176329,0.7335526143302102,0.5118080150258719,225.46896714266092
-0.500626651386249,-0.8656633040170937,0.3456123126707335,-0.9383773917408641,-0.9018761590861469,0.5822041058557972,0.1698703999620786,260.30817532615015
-0.9464187776011642,0.3229419412277043,0.7802958510707755,0.6254105729852463,-0.2326666527919646,0.31654119226092503,0.48600105581069875,212.8656843328871
0.508035848442253,-0.8613359255816282,0.9922222094179323,0.12447926388678915,-0.4856951788197504,0.2031245583823261,0.27803321517885987,224.402404550521
-0.9507894121047296,-0.3098378508664535,-0.8452490573530634,-0.5343725582809785,-0.5823680118461201,0.6876101458204338,0.2632255633234769,241.83714855536772
-0.14945075314822714,0.9887691704252453,0.8064799463209448,-0.5912614448635781,-0.8473775790855654,0.4169770218668809,0.24759556493010315,247.34713994158798
-0.6834846770346361,0.7299648596054876,0.9338372288229252,0.35769823883312546,-0.40985216331318325,0.5889280312893453,0.15172956188021094,221.07288133571055
-0.5153841273767982,-0.8569592763066727,0.1882267098432442,0.9821256058680006,-0.1725832057421102,0.6641811077999472,0.3090782423486444,193.88977458980682
-0.6179186825848028,0.7862420121773331,-0.7295575540864876,-0.6839194216246105,-0.7427361210732926,0.5694789992530356,0.676807347292867,238.94827961167675
0.8311943734300453,-0.5559819363776439,-0.9562348265919058,0.2926003356333479,-0.34216403542205803,0.42992679450339794,0.3734336046028643,204.48482642927542
0.9508533328652612,-0.30964163056511756,-0.6994583270516471,0.7146733860429608,-0.16017592178798956,0.5660851539685163,0.25301078024207013,170.8111772721054
0.9453335105632168,0.3261051269241631,-0.3697245428906732,0.9291414114031743,-0.0912897916087471,0.3643985666332832,0.2268316598425808,167.8735870046353
-0.6019895365185546,-0.798503974894412,0.008606996888688698,-0.9999629591162655,-0.902437815697109,0.1361143899040131,0.32820381270264365,258.43269357475145
0.4941555537653893,-0.8693735035546123,-0.8758917051442433,0.48250774176121763,-0.2434905872691724,0.6651112931052946,0.5757689965656909,202.64716961765913
-0.5658199001336034,0.8245288597816326,-0.9932568492674143,-0.11593459959550066,-0.47894989861086223,0.6265531203278563,0.4499549692639021,228.22665703619154
0.3210094844620328,0.9470759794680783,0.995918996147179,0.09025161003104117,-0.5675057244769078,0.4870307206597668,0.44805311366429845,222.14754040483837
0.9897234945844229,-0.14299442040722382,0.3536761221763716,0.9353679493131483,-0.15474828370493124,0.5421912111864686,0.5392379049987194,180.68084666608868
0.48309759411750375,0.8755665106420412,-0.4482293417404106,0.893918596519257,-0.06358442962303705,0.37461133037929917,0.29486817675498345,192.1706494708172
0.12042059915291459,0.9927229620088643,-0.9398560579418953,0.341570769167856,-0.2476582447153067,0.436878981375445,0.08205943582685588,211.57261744808812
0.6451514465563214,-0.7640547172855398,-0.2135209154397959,-0.9769384927771817,-0.8997041625799982,0.42148920798348444,0.20788929854887955,263.5331749957349
-0.7954142704445848,0.6060661171630608,-0.9829265519799822,-0.18399835165767986,-0.5515789282172737,0.6100768886272224,0.35263419438377896,233.6443410184764
0.7389546974027436,0.6737551151467569,0.11165900712169512,-0.993746580436178,-0.8881691889282973,0.38645125887877396,0.41610359986126677,257.7234902812102
-0.5178979247757408,0.8554424232600234,0.6744436188329455,0.7383263540031065,-0.25921390444156917,0.6273178380961815,0.37509915124661347,203.98562559197507
-0.5179820644878701,0.8553914781366974,-0.38566340624360745,0.9226395488404875,-0.09078164274580111,0.7491681396386234,0.07609199518818233,204.10888471911431
0.9990221381293986,0.0442127529946388,0.8115390590073611,0.5842981736283684,-0.3072881127831111,0.4901126354548995,0.3443081372013689,191.8783846023842
-0.9481876631970341,0.3177108046021537,-0.9455963874271428,0.3253420847119795,-0.3062239264205605,0.5470479147995195,0.025454060816824275,220.73947099487577
-0.7282818189179142,0.6852777482405323,0.12874817745258132,-0.99167731989929,-0.9155316758396994,0.4769932270430644,0.25531477325369706,265.174458676428
-0.21419048085612938,0.9767919112639192,-0.6870527672236675,0.7266075247685652,-0.19912711028856808,0.7521107283468316,0.2791475927182171,204.53162392217536
0.6935555192331958,0.7204031799910188,-0.7694148268839381,0.6387494220515268,-0.22552471161072396,0.7333678158016015,0.2915663465379666,201.99600246128873
0.9191829861507166,0.39383072248245377,0.6616346182422783,0.7498264012045686,-0.3011729133472304,0.4576306047360637,0.2555580105534734,186.25727811262325
0.30900881639708144,0.9510591734423651,0.9587178169872964,-0.2843591872810034,-0.6557887568007226,0.5993844740878945,0.4357655971615887,241.26290105541037
0.935751470722199,0.3526601551653398,-0.9995462806873573,-0.03012030484690836,-0.5124008710857157,0.6042737937011137,0.10545079174708008,218.9660140305879
0.9715373050833278,-0.23688660753918703,-0.8452490573530634,-0.5343725582809785,-0.730108285278568,0.4842429734409654,0.18566828913408,227.81226676996764
0.3533788713276151,-0.935480290171429,0.5234156073655503,0.8520775211013093,-0.16569347482360977,0.39365456648604363,0.31709046178425554,195.375652329963
-0.456418949775952,-0.8897649927286514,-0.9973249731081555,0.07309512989807776,-0.3900888770164329,0.4497580317801922,0.34870978406121717,224.0104288256211
0.9255501896616062,0.378624941620814,0.6220467484408675,0.7829801036770629,-0.22446125516627022,0.6701638898417277,0.1148069011379568,190.8591009998566
0.9572235046597404,-0.2893495500720953,-0.8674563547295971,0.4975132889071803,-0.21967836271411198,0.673434089533171,0.13718596190122037,169.78598064385125
0.4454418139141958,-0.8953108903709543,0.9368813462954315,-0.3496474552512284,-0.7542853831386123,0.6220992958428655,0.10167690938773458,233.89441530253492
0.9999450702630239,-0.01048124308830198,-0.2553532951161881,0.9668478136052773,-0.11674812498132846,0.41934576689444264,0.32148053982881597,173.81768032345417
0.038173336749509394,-0.9992711325568294,0.5380051715382996,0.8429415373547828,-0.19957324680658203,0.5328110260220178,0.2896059687394254,196.8392961864687
-0.9958904535096539,0.09056602347644442,-0.32126966169236515,0.9469877530760751,-0.11197872078331944,0.26304210646951776,0.3150744444386797,189.08545348277678
0.526412883375822,0.8502290727891827,-0.32126966169236515,0.9469877530760751,-0.1448825604324619,0.09608305092757363,0.14427712133102522,187.02275888982237
-0.25297122473557077,0.9674738029816545,-0.2884824328806098,0.9574851883550389,-0.13093826840920872,0.7061752132964927,0.10073618365715695,190.19249607128899
0.3043106817634937,-0.9525728365666521,0.3131070409358269,-0.9497178427914316,-0.9627254762472957,0.46377708993999667,0.148551179773056,262.68724671893983
-0.28451874826532086,-0.9586704761728793,0.36171373072976765,-0.9322892131745133,-0.9197404015498666,0.47565090986601766,0.3165887275349017,264.7635529584118
0.265081812029477,0.9642259242165028,0.9984354211555643,0.055916990100603484,-0.6288455816894113,0.34025709247163693,0.45390216128833355,256.98528188132235
0.22657329987698124,-0.9739941169138834,-0.4093559588156211,-0.9123747579707274,-0.8609252490704726,0.583226652565924,0.4525790297934389,249.78621760091949
-0.9970918681605611,-0.07620896566731661,0.9510565162951535,0.30901699437494745,-0.38857065820560516,0.10708685948847574,0.5615363359705203,244.33457636216224
-0.0642820565692277,0.9979317698135632,-0.23030567023061196,-0.973118337233262,-0.8999073729338005,0.22325582433307609,0.21784205710496546,261.06344893634605
0.40071275421746094,-0.9162037374991747,0.13727877211326478,0.9905324521322229,-0.06118014062427502,0.653483628526798,0.023053460115964375,179.71387955487367
0.5612838840260423,0.8276233452076133,0.9368813462954315,-0.3496474552512284,-0.682625041311268,0.8678320654188401,0.2536909767951611,254.2771968397565
0.9466061354617983,0.32239234529696814,0.16280701293851715,-0.986657932891657,-0.8622975931122153,0.35759394974704584,0.321481537019696,248.19720804169376
0.9902343848512479,0.1394125642052055,0.6287628145958344,-0.7775971469736269,-0.8412033107878908,0.13103880966208714,0.08026377640004029,251.62756647768316
0.3965274858738331,-0.9180228499043894,-0.6287628145958345,-0.7775971469736268,-0.7868893533778909,0.6127638253705241,0.18074849491591044,258.2390269728902
0.4081104049890935,0.9129325809388326,0.8115390590073611,0.5842981736283684,-0.27965588306196976,0.3137804361253827,0.24414499550289157,207.53529035794156
0.7763985908511746,0.6302421979876549,0.545240438540651,-0.8382797052177744,-0.8556150326052533,0.24309548367493067,0.29940014554633126,244.60475745142637
-0.7354244973494585,-0.6776066769876876,0.4093559588156213,-0.9123747579707273,-0.8567977240965545,0.702109574725654,0.2516546134606106,255.8800886337013
0.4314706029897592,-0.902126997021846,-0.7354170229639858,0.6776147890466887,-0.1994847234876033,0.5509195785293838,0.37472744247117235,197.39747446903388
-0.7538488569040308,0.657047868076966,-0.20510449986861926,0.9787400799669153,-0.02295729942394197,0.7898296627433108,0.048303723752636196,195.8663942207471
0.11104438910480745,0.993815447479229,0.5380051715382996,0.8429415373547828,-0.14367018474453164,0.37208257167920433,0.402188133567505,204.78152452260724
-0.745402870089432,-0.6666142522197057,0.36171373072976765,-0.9322892131745133,-0.9172807496336332,0.37079498862534105,0.4591530868103373,269.17596875884357
-0.3387127832153677,-0.9408898184625548,0.6152845999633276,-0.7883050558305255,-0.8428651029831308,0.316352737365035,0.2572684069900395,234.76686095450685
-0.9803599268512351,0.19721666720701106,0.29671281927349075,-0.9549667548552551,-0.9344859599978076,0.5729916668349275,0.023237213440989946,274.1535006665763
-0.5507797241509041,-0.8346506427627394,-0.034421611622745804,0.9994074007397048,-0.1478375832574699,0.5051615898885016,0.5967102071491153,187.3985340430926
0.9215543295838629,-0.38824942707650845,0.1712931441814776,0.9852201067560606,-0.14856112896713913,0.49113997896897,0.428125308256182,190.20267474230286
-0.7008908273876834,-0.7132685665889171,0.9657399376548549,0.2595117970697999,-0.525662577664655,0.677737171550939,0.40522609281671684,233.61193551155904
0.4082214978422585,0.9128829107281081,0.705583610107178,-0.7086266782644596,-0.8074525952146071,0.22200780254578026,0.2444385911149892,259.2345927243049
-0.9714942938450933,-0.23706293895593109,0.6420547132365637,-0.766658819300159,-0.8711928417012577,0.2476072259438805,0.5164542761167832,284.03829456722417
0.8846039614095647,-0.46634304053829884,0.03442161162274574,0.9994074007397048,-0.14840037122811198,0.4983493089616992,0.3980136402214869,183.78427424258007
-0.9776867770900898,0.21006800304471207,0.9611297838723007,0.27609697309746883,-0.484046466475088,0.6968209723868718,0.27355093563246397,244.4562079479467
-0.8934567010490783,0.4491493330179818,0.9796136916454901,-0.20089055513063506,-0.7208021575248605,0.8562448068596658,0.09032528277352014,256.13168359276096
-0.6133111494546314,-0.7898413979747066,-0.8498170915275277,0.5270777086423724,-0.20257415862469255,0.45501224374914645,0.37085888752901974,195.92635925942176
0.9792785071335602,-0.2025181608307405,-0.9679377830240642,-0.25119006388481957,-0.5796567855836741,0.31369358366414185,0.3597992459745345,212.2967028246143
0.9545335824768686,-0.2981034047505583,0.10310169744743485,0.9946708199115211,-0.05713687676197084,0.5225270167446502,0.4405403871797461,177.33641371858405
0.47463337776043774,0.8801835926190158,-0.5452404385406507,-0.8382797052177745,-0.7780276119819051,0.5267687337323237,0.0,267.8417455283637
0.3287572945607737,-0.9444144435961792,0.9657399376548549,0.2595117970697999,-0.49097565399801435,0.3887895553811771,0.37919195013263407,214.78055018353146
0.27329503177876674,-0.9619302602606089,0.6551563572090853,-0.7554933140726803,-0.7878332578035347,0.5347105451172247,0.38602176231525565,247.92645755920293
0.8539542256319825,0.5203481339692505,0.5877852522924732,-0.8090169943749473,-0.7991821839724877,0.8206659879492342,0.5910318144785808,241.76327937889536
0.14337956447959144,-0.9896677727852123,-0.9873494423939864,0.15855938510313475,-0.3173443979770854,0.7575162226429573,0.4981220954012635,204.91768690682284
-0.3097765162942013,-0.9508093972782496,-0.17976658572556214,-0.9837092937736098,-0.9056022864527214,0.27614391606448335,0.16338254832421795,267.04746230759247
-0.7848147902853213,-0.6197303808507432,0.30492122465628907,0.9523775757303974,-0.08305611015772979,0.5835367876172661,0.20693122728580038,191.52072149417333
-0.6694747574249215,0.7428348061115894,0.3536761221763716,0.9353679493131483,-0.1431224603585879,0.7735213292986496,0.40197370732909565,201.30472187346408
0.7701584226808125,0.6378526506755325,0.5667017562911176,0.8239230057575542,-0.19608274105784512,0.5285530618329055,0.39173182568646453,195.14931048356564
0.5456542791116005,0.8380103863838441,0.8717063187093218,-0.4900286664290592,-0.7163053251508416,0.35488468958089586,0.42845539258787746,245.78084102552165
0.04738447536394812,-0.998876724873737,0.5808002734538009,0.8140460935082178,-0.22883114328466708,0.5645745048677101,0.14435331036764765,194.1950508005227
-0.9690056827331671,0.2470384318903209,-0.5808002734538013,0.8140460935082175,-0.11930939957223036,0.3889960055138395,0.14228572691514416,222.38803282387153
0.6624853094447024,0.7490749059806748,0.9873494423939864,0.15855938510313475,-0.5159950145798546,0.5476572590284953,0.41900414765467214,220.40526540437506
0.3476738671958099,0.9376155299850308,0.854322169749827,-0.5197438121555155,-0.797518553270183,0.45703234750802324,0.28963620704968784,262.7260264454694
0.2632356230254745,0.964731572392233,-0.888057322629493,-0.4597327394521046,-0.5978239538205545,0.23321133644305986,0.34112863795866366,252.90937381388744
-0.2824826452573372,0.9592724092396369,0.9778483415056568,0.20931464596304847,-0.5220870853824887,0.5888128183303181,0.4201636750621003,227.2017054113878
0.12069237672340953,0.9926899567341531,-0.3456123126707333,-0.9383773917408642,-0.8955193008657588,0.6592099965490642,0.33702079309516886,267.0200834465963
-0.9755620963279759,-0.21972390904989184,-0.3697245428906732,0.9291414114031743,-0.10662121848778151,0.41042753325757886,0.34866621440982504,212.76800222538247
-0.4967635284225448,-0.867885935379289,0.895839290734909,-0.4443781781046132,-0.7290361098340966,0.5265247186258708,0.5531165904942841,248.88684504059066
-0.676967125773529,0.7360132543792448,-0.9141279881853337,0.4054257283599973,-0.3014766485596495,0.09971596408472441,0.3038029399017587,219.8359162159288
-0.5079557864554419,0.8613831429778699,0.06880242680231986,0.9976303053065857,-0.1428440068909706,0.5442037258032798,0.3155981597485012,198.6728663635003
0.7102073819769336,-0.7039925245238545,-0.9813064702716093,0.19245158197082995,-0.36225055601817835,0.184967690929146,0.5036197811942233,203.62714863113615
0.8850614956389817,-0.4654741119947367,0.9859481499638304,-0.16705162550211924,-0.6079077486627807,0.32114684475093874,0.31509330726995793,222.92916401790646
0.2991420952574898,-0.954208576174496,0.5737722679043246,-0.8190148866680801,-0.8918693795910181,0.015,0.45189070704524426,262.3694084884284
0.9173349884168353,0.39811621296586835,0.9721181966290613,-0.23449138957040985,-0.6350623441659129,0.1726189679028574,0.5818383705412846,222.59840542894804
0.951333076218437,0.30816453088044643,0.9679377830240642,-0.25119006388481935,-0.6302760693084469,0.17503812563300164,0.21377892222334882,223.9929148633136
-0.9104693618070206,0.41357652400821365,-0.8674563547295971,0.4975132889071803,-0.2393895974792569,0.21521888859112379,0.28780249222532167,209.3554114890102
0.9919644093855663,0.1265172340526963,-0.6870527672236675,0.7266075247685652,-0.16851900703281106,0.772148759111376,0.13611944054608036,171.2165531634443
0.9778288712573425,0.20940558382142418,0.1202080448993527,0.9927487224577402,-0.08281026025539333,0.5179580189077573,0.3768692942651614,160.5347447814373
-0.328104609984598,0.9446413948726018,-0.9536809966304455,-0.300819807635668,-0.5055392181321696,0.3387876341149889,0.40606931738790014,218.40305446280925
-0.4772381747066541,0.8787739894891411,0.994217906893952,0.10738134666416309,-0.5135066876560975,0.44814962584093126,0.11940823696318556,215.03799178111382
-0.7809839083120069,0.6245511467907995,-0.38566340624360745,0.9226395488404875,-0.05301351837546709,0.47757713190889317,0.5276288849220774,209.5847803589776
0.309184546853088,0.951002058876452,-0.7236440382959124,0.690173388242972,-0.1802081466911991,0.21506444925091844,0.43980031549822357,207.564005276095
0.9441421893178851,-0.32953835338247195,0.017213356155834685,0.9998518392091162,-0.09905581939981524,0.2844998997047613,0.4517881021125971,182.58309038996822
-0.7931191270070378,-0.6090665401871902,0.9427611433904207,-0.3334687789181868,-0.7029486700668979,0.5309039078655167,0.562754822678649,250.96137787837046
0.46013502517043037,0.8878489503352512,-0.14579919691987442,-0.9893142039703664,-0.8707945356269786,0.4380269020103934,0.335819807173413,271.75164236684657
0.777823314725275,0.6284830077812652,0.4559066935084588,-0.8900275764346767,-0.8553704515893382,0.05070128940736165,0.0,255.37512572553894
0.6860343525536655,0.7275691493708848,0.9721181966290613,-0.23449138957040985,-0.6318896318258428,0.15257623447976804,0.039697863928728094,230.39795023402925
0.8898090674193899,0.4563330182424187,-0.8717063187093217,-0.4900286664290594,-0.5976062801824731,0.07769911116220185,0.5031441734786032,225.06771884889702
-0.7298635429772601,0.6835928675993345,-0.7748840413670406,-0.6321034111873488,-0.7093244117124154,0.25104305644572544,0.227965202568353,236.91295514587983
0.38722891250723884,0.9219836057753202,-0.888057322629493,-0.4597327394521046,-0.65240926436915,0.7841171111433349,0.282632813098925,246.7769523344574
-0.899458157720701,-0.43700689068901705,-0.3617137307297674,-0.9322892131745134,-0.8257883072457539,0.7054798496059516,0.3528601155904686,256.70829390153926
-0.4638194718887808,-0.8859297362075688,0.1202080448993527,0.9927487224577402,-0.1115849284486511,0.2945421640258572,0.372059652169934,182.76986240528956
-0.968429446357806,-0.24928780039767964,0.6152845999633276,-0.7883050558305255,-0.8564744716185576,0.4488377284645729,0.22096211235602925,282.95595450722396
0.9954539968811003,0.09524358295151665,0.9951053111006976,-0.09882013873287143,-0.6008551048390972,0.7715624693634758,0.31112715363615134,224.99440206933414
0.2736959726083523,0.9618162582208558,-0.5234156073655503,0.8520775211013093,-0.18900083308329285,0.11125339584815572,0.20556596991562198,200.97023789541535
-0.9766908509102011,-0.21465083682181918,0.8880573226294932,-0.45973273945210397,-0.7702363075536316,0.36220892144903283,0.3142139688139436,263.70578898981637
-0.5778244029953249,-0.8161611111190586,0.7116566222817746,0.7025274741691571,-0.23726619945224275,0.2572933354423534,0.36604143411509615,199.92166425460132
-0.9888384352271391,-0.14899177499963914,-0.14579919691987442,-0.9893142039703664,-0.8906676782270104,0.7263417622963158,0.19238770399416466,283.0917976723218
0.8207147921909581,-0.5713381046971684,-0.594726686960764,0.8039279618328208,-0.1817002233829752,0.5682175187987093,0.4550294179948058,175.9427767812472
0.8001868298069528,0.5997508127576808,0.5307300481619334,-0.8475409228928311,-0.9423218247790512,0.5124913174836777,0.17297528601305615,261.7415517485285
-0.2624703260506277,-0.9649400644303651,-0.32126966169236515,0.9469877530760751,-0.17251047539615366,0.3391284919990941,0.4426633998336025,199.69891708754702
-0.4555625076491853,0.8902037978038433,0.19667288979357647,-0.980469160361632,-0.9343451300054165,0.2260889707919848,0.21973208331077498,261.1675017937389
-0.7632551839072955,0.6460971476787686,-0.9984354211555643,0.05591699010060302,-0.495124782154438,0.5053280829488076,0.35806530112335033,236.99674314430516
0.7903494210980039,0.6126563413285218,-0.6870527672236675,0.7266075247685652,-0.12285450901902913,0.459181807661483,0.2043927709911091,185.84058807022768
-0.8049432098098052,0.5933518593390333,0.9873494423939864,0.15855938510313475,-0.4799738858667425,0.015,0.1357264599871037,235.80169677146125
0.49132371003414643,0.8709770444496697,-0.3456123126707333,-0.9383773917408642,-0.8396748817533445,0.11486978604014993,0.2561963566512914,256.3192186422753
-0.27293221024402486,-0.9620332679337609,-0.9587178169872964,-0.2843591872810036,-0.5542423411825084,0.21517349914554176,0.2959183584593159,223.37794040264572
-0.9979111726833987,-0.06460101728025752,0.994217906893952,0.10738134666416309,-0.5846613658115909,0.7277928599980056,0.21361223010342595,249.69238951176214
0.6703189245007408,0.7420731361908811,-0.9242907221930934,-0.3816892202666586,-0.6315700187807114,0.4343735941789307,0.05390410600849166,227.22435259938806
-0.9065295054885893,0.4221424589858424,-0.4635502709028512,0.8860706215341378,-0.08467298556346187,0.4149037230626395,0.3469412092204814,193.09907223937856
-0.9246014867470927,-0.38093580916614506,-0.4405187843504952,-0.8977433935342336,-0.8415981461329494,0.617682852618357,0.3118827304843842,251.53058425850645
-0.6117429044961656,0.7910566470225727,-0.154308820664281,0.9880226656636976,-0.0987210473450486,0.3835507849935715,0.32195731828154184,190.4357486922979
-0.9511822391704952,0.30862979099011645,-0.9679377830240642,-0.25119006388481957,-0.5506796751817885,0.03022306072433567,0.330057553585087,248.95280275119575
0.9453551590397347,-0.32604236423654825,-0.42500033996955394,-0.9051931898913975,-0.7759355928113316,0.3140063212472345,0.3741798552536717,232.5032842694917
0.14715379755637212,0.9891136233339112,0.9932568492674143,-0.11593459959550041,-0.5810997034022207,0.5746761293279017,0.3347956326766779,226.53182984231648
0.4087743644345523,0.9126354797952619,0.5947266869607634,0.8039279618328213,-0.21415358490775172,0.7931524443572167,0.2478317570762687,193.3258048960564
-0.8496223544502354,-0.5273915574015557,-0.02581844022713239,-0.9996666485105112,-0.9147622767830357,0.7442513748788893,0.33342917872549843,277.59850092140323
0.43415288785347617,-0.9008392031702922,0.440518784350495,-0.8977433935342337,-0.9066453483948833,0.636597235463275,0.17531655220828343,251.8412988907329
-0.5534064867480527,-0.832911316062627,-0.7583058084785625,0.6518989958787125,-0.23266045142843908,0.23832873930407264,0.0,195.9597888379364
-0.9522751592971916,-0.3052409228552232,0.7748840413670407,-0.6321034111873487,-0.8284898049352764,0.47500602710553486,0.41491908558769697,280.0423531659011
-0.9922812413844478,0.12400781425595353,-0.9992500112396835,0.03872228089217399,-0.3512174000568605,0.23973957445201707,0.4131369224894639,234.52837303607274
0.060856093730676374,-0.9981465502900079,-0.23867276600594997,0.9711000518829505,-0.09955918568523918,0.1422791588024114,0.36150841892118374,179.3222699012838
-0.9983839326656705,0.0568288922558766,-0.9175836260593934,-0.3975428142825566,-0.5748580236325306,0.6053308086090081,0.3793343926763439,244.6752598591441
-0.46897958860820477,0.883209004408854,-0.6486295610349818,0.7611042586607742,-0.14040752768366002,0.5570419419264678,0.08061615122890567,201.95498799749828
-0.6059765230728704,-0.7954825287110427,0.8452490573530633,-0.5343725582809786,-0.8232200933612441,0.30166827375582245,0.3454090539251441,252.81878443150086
0.9780019486003069,0.20859575387337737,-0.7526668275320083,-0.6584015846980489,-0.7101900975425127,0.37367410999766476,0.30173676034315033,222.83495116520058
-0.5538924522050916,-0.832588224388401,0.9070138128026359,0.4211008707960896,-0.4060006845822741,0.4533333596090571,0.28798703272510673,220.1433426960514
0.22928886687847277,-0.9733584208941668,0.9995462806873573,-0.030120304846908114,-0.612300733730458,0.4720074526749577,0.27151028458939697,231.88413234380332
-0.8224701379549917,-0.5688082912302677,-0.9997685019798909,0.021516097436222233,-0.4442733348521978,0.7281515298622262,0.3799999009431513,220.46997556741653
0.963067644553947,-0.2692595625290071,-0.7526668275320083,-0.6584015846980489,-0.6849844354626654,0.2547311382917493,0.38474008160990114,227.2924162160693
0.4442696901501074,-0.8958930976483341,0.21352091543979612,-0.9769384927771817,-0.8586796405610184,0.2715550665745141,0.0,249.59407925830533
0.03575940546464755,0.9993604279341938,0.8064799463209448,-0.5912614448635781,-0.855793632430753,0.5814976134294316,0.36379840340775565,255.92117769014664
-0.9900566800756581,0.1406690095137022,0.9999907397361901,0.004303538296244289,-0.5937694468440656,0.5972379214686825,0.34593354135420085,250.9997492444774
0.9910851241521188,0.133230164318668,-0.9368813462954315,-0.34964745525122826,-0.5587098683931729,0.7309094008589032,0.10092670355232505,202.6378628904127
0.5955742430013253,0.8033002683140336,0.8587639582758029,0.5123714121284237,-0.3032159133053681,0.6856192622009978,0.5090165957566815,200.60182717013097
0.024215159484797563,-0.9997067700336564,-0.6680638642135333,-0.7441039398713608,-0.7931378793917004,0.3904038581176762,0.3637340835991837,250.77122921140315
-0.15752175846583377,-0.9875155166425648,-0.034421611622745804,0.9994074007397048,-0.06732087749720866,0.37684578498207316,0.1202160332986831,188.35972505869563
0.38968973141877117,-0.9209462053924572,0.6287628145958344,-0.7775971469736269,-0.8608441677428849,0.6153695896153563,0.30343003879482,253.82643328203886
0.9967799874973058,-0.0801851390525136,0.699458327051647,0.7146733860429609,-0.33494305770438026,0.6534673843501351,0.27526185119163954,198.05168595769447
0.6891633328639832,0.7246060313272354,0.9398560579418954,0.3415707691678556,-0.38008832422230443,0.7357063051759352,0.422410824078168,197.00991857117305
0.9440667875780796,0.3297543033714725,-0.4014879892059737,0.9158642882672868,-0.1559142644327123,0.34015564061236186,0.16094454795395627,179.53293589038
0.9190230008199379,0.3942039116547632,-0.4635502709028512,0.8860706215341378,-0.0946152459256312,0.39458047124087603,0.1557160671335266,180.3569577017978
0.955695536646429,0.29435699623772155,0.8880573226294932,-0.45973273945210397,-0.7672357520055875,0.37190774399975746,0.5562299694658669,233.85995321524186
-0.9715021709649394,0.23703065584520852,-0.9796136916454901,-0.20089055513063528,-0.47994711103224963,0.597276602867719,0.48866946259987687,239.16760181545297
-0.19058537091703642,-0.9816706252060391,-0.8996308696522434,0.4366512319560638,-0.28433494240823004,0.35482705876545084,0.5787606628848092,208.82549311605254
-0.9486493160468714,0.31632969377502806,-0.888057322629493,-0.4597327394521046,-0.5843213230073421,0.6104369212733733,0.383986171742563,254.78187106244062
0.9746991888311697,0.22352067307490764,-0.888057322629493,-0.4597327394521046,-0.681621137990001,0.5938827446359422,0.4881881521878634,219.22172898041902
0.7944195195184018,0.6073694320659804,0.5947266869607634,0.8039279618328213,-0.18587082062084892,0.19168204915188883,0.4451002189538493,199.72825174050732
0.1397292013978846,-0.9901897546817526,0.5667017562911176,0.8239230057575542,-0.1817236128405595,0.5524878365356615,0.3162948720747675,193.17477208247453
-0.8450982013729382,0.5346111016769337,-0.4862727071086902,-0.8738071036110807,-0.7930778181586511,0.7165062541787423,0.25078370124296834,254.5727631815632
0.5548309632080545,-0.831963101504882,0.7295575540864875,-0.6839194216246106,-0.8331365565784695,0.47588236661970623,0.27558025463418023,254.9056529411728
-0.8812717221033691,-0.4726099362275005,0.9911140639934547,-0.1330147065341959,-0.6316831484962298,0.6560491317810111,0.45543139620221107,245.3697419143441
-0.8563204594421449,0.5164448380425483,-0.801361088174677,0.5981809144059158,-0.3108731275692767,0.544024349480391,0.6431849125774909,220.4913197891596
-0.6434840431606489,0.7654595261655734,-0.9760105506323682,-0.21772323039653224,-0.5786675035242106,0.5381630192403581,0.16701297991109715,223.22605338662817
0.9985202179283026,0.05438174683122247,0.9844738167520922,0.1755314904214282,-0.4444624199372983,0.2425799172988164,0.2965770930655485,204.34503261211708
0.40482612017765296,0.9143936856857163,-0.5160623910158526,-0.8565509959010037,-0.7633773954882693,0.5979700725436673,0.5923599838150015,251.73122205650978
-0.989650119158311,0.14350136462745122,0.9611297838723007,0.27609697309746883,-0.46268388949604977,0.6311646214756649,0.35003183823844447,241.76985304065562
0.9440379125724725,-0.3298369591568065,0.12874817745258132,-0.99167731989929,-0.9076740187494857,0.7594460714540086,0.18975371154430962,242.2503896466837
-0.7886936155682398,0.6147864513486756,0.4093559588156213,-0.9123747579707273,-0.8825258697538539,0.24777520193699393,0.3526068815267254,270.5727040789878
-0.9414107673958796,-0.33726216365181133,-0.8840675099433637,0.46735921715800205,-0.2857528334442217,0.09284420341411312,0.5013052189182702,224.90218651099758
-0.9747854142163259,0.223144339455667,-0.4327755925504317,0.9015016841318838,-0.15612161001374056,0.5929782951960725,0.4232949768380886,217.00585117529388
-0.1065960378129193,-0.9943024111016662,-0.9999166586547379,-0.012910296075008843,-0.4653740506202413,0.015,0.24254282788660536,225.12811444770597
-0.40198113850995304,0.9156479477846504,0.6932812268869777,-0.7206671495538609,-0.8155003746730894,0.664700103250117,0.1772799708944582,263.81285966082135
-0.5505048229322314,0.8348319830530887,0.28023067519921585,-0.9599326896597447,-0.9117078815711364,0.9279437321788665,0.19291381002510816,257.2058514877976
0.9339848512780845,0.3573126048477081,0.42500033996955416,-0.9051931898913974,-0.8938575953988603,0.3221325988427456,0.513867706484117,246.2832477713439
-0.8413222108376616,-0.5405339374648268,-0.3697245428906732,0.9291414114031743,-0.193542921302344,0.7405968300831967,0.3562270419435205,203.3921793516124
-0.9466042973342611,0.32239774234369223,0.9455963874271426,0.3253420847119801,-0.4558353938669751,0.42594624135845394,0.2298499429213104,244.97601066637506
0.9017473225136161,-0.43226353806390416,-0.9844738167520923,0.17553149042142777,-0.41996986750621906,0.18436777071473243,0.3788666249727296,191.18509709654953
0.6716672638249459,0.7408529453986874,0.9992500112396835,0.03872228089217446,-0.5466146696731413,0.44670488832166455,0.19730354452365045,232.2195906173902
-0.8751257791741934,0.48389551622717153,-0.6354323008901775,0.7721565844991641,-0.10281086561500291,0.745009138545931,0.4084197687351656,200.64181865486933
0.707112896909737,-0.7071006654104631,-0.9483615800121716,-0.31719128858910595,-0.5259383347671241,0.22806935146697946,0.47004057594597815,222.761853185782
0.7952869831512878,0.6062331353779035,0.12874817745258132,-0.99167731989929,-0.9186978409364563,0.38373969375252415,0.23000451098816532,263.6397965869498
-0.9223950345352068,0.3862478482332228,-0.17976658572556214,-0.9837092937736098,-0.8424938641952547,0.4910969904377424,0.3187720613567933,262.69418654085007
0.28043546426639715,-0.9598728824077125,-0.9427611433904206,-0.33346877891818705,-0.5761678510519337,0.9075482629626134,0.518224817831292,234.72834926376262
-0.06980221467672396,-0.9975608506884303,0.6420547132365637,-0.766658819300159,-0.7872550480406262,0.33702369359985934,0.37647295467828484,250.36090806774516
-0.5634948880481282,-0.8261195501521723,-0.9242907221930934,-0.3816892202666586,-0.5874621321640512,0.4425111605687226,0.173261092786063,236.33728147315853
0.7694201865358704,0.638742965950394,0.8758917051442429,0.48250774176121847,-0.3531031741300889,0.7170749709487442,0.4968640919247425,208.47366297427132
0.9852644571589009,-0.17103785972519775,0.5808002734538009,0.8140460935082178,-0.2246745213199604,0.4728869258517864,0.20686873426400876,191.32671212056323
-0.449798995509128,0.8931298134308245,0.7583058084785624,0.6518989958787126,-0.25027234345191224,0.42256256047324514,0.22634732447926592,207.21747802059267
0.644331000156829,0.7647467307788248,0.10310169744743485,0.9946708199115211,-0.12293612626157178,0.3118005133786264,0.5566670623507889,193.41989550298226
0.426900976783872,-0.9042983777608893,0.5877852522924732,-0.8090169943749473,-0.8849188447500503,0.5089451818971589,0.5266244481922939,259.2152465072418
0.7957006296680736,-0.6056901088393561,-0.9873494423939864,0.15855938510313475,-0.3674773899209244,0.4073690582075673,0.3227665647563154,208.01559563011088
0.9134147487500585,-0.40703009319443145,-0.8996308696522434,0.4366512319560638,-0.25943034955786465,0.5431246946562583,0.5866789756108486,191.6866676051559
0.10936316153648105,0.9940018606113097,-0.7469720876965551,0.6648553979642866,-0.1469950696802734,0.3549541685081954,0.42419086958106045,192.93548927590314
-0.13360395567781339,0.9910348041452636,-0.7583058084785625,0.6518989958787125,-0.13169506516958512,0.4464590632577969,0.4917942050682652,195.10667891993916
0.9987446815100728,0.05009052959735353,0.9242907221930933,-0.3816892202666588,-0.7624910578321145,0.6935883396380091,0.07571711315593666,227.72209844116736
0.9829050093227645,-0.18411339616718903,0.9307239310379795,-0.36572252349726897,-0.7759247533991771,0.7732278470792294,0.3244532941742698,223.24834366093359
0.3318405245872558,-0.9433355003611679,-0.2636654927280072,-0.9646141756912435,-0.7875843481062326,0.6323214779620399,0.35249006605248423,254.76558855847804
-0.9722598211326213,-0.23390348482047701,-0.455906693508459,-0.8900275764346766,-0.8645405425178686,0.16826098766530131,0.40688474467637603,273.063086778506
0.14417610650761048,0.9895520452772083,-0.2135209154397959,-0.9769384927771817,-0.8996236147330996,0.658438813841556,0.3296007583044846,262.944885977079
0.05325729073242294,-0.9985808234608965,-0.33752289959411347,0.941317317512847,-0.1277191084162313,0.5349872762089769,0.14287028969248375,191.29412496993606
0.6475316747096878,-0.7620385359334967,-0.7469720876965551,0.6648553979642866,-0.1813784965112475,0.6864463963257899,0.2249021638627986,198.9518520164923
-0.957542682700259,-0.28829153786955164,0.9562348265919056,0.29260033563334836,-0.49535058232419465,0.22538838461825256,0.18226370299021918,238.1508627246786
0.9797650578898838,0.20015102132647913,0.9634705485641488,-0.2678143051621742,-0.640866201559012,0.7199133914591729,0.24744348937486046,217.07211477689566
-0.5956230761885553,0.8032640606373986,0.545240438540651,-0.8382797052177744,-0.806275997902343,0.17708534622031374,0.5312939356401034,249.66740585059765
0.9993066307823368,0.03723248144368472,-0.965739937654855,0.25951179706979943,-0.37907028364791523,0.40045868902858206,0.2667686279321354,179.2138443991052
0.6428791061851038,-0.7659676591284008,0.2051044998686192,0.9787400799669153,-0.19052542581644324,0.36471277976239513,0.4414096260308178,187.69874094149856
0.5329637914409471,0.8461380484370684,-0.5737722679043243,-0.8190148866680802,-0.7590131403379579,0.49322800754371166,0.31665612793692777,259.8288163982856
-0.5273189846324566,0.8496673987191664,-0.09453674981719933,-0.9955213724144752,-0.8771775449223808,0.4677361970768924,0.40783197783210967,270.1635566167081
-0.5832276406674033,-0.8123087585158333,-0.9886775902323404,-0.15005539834465262,-0.5697515991789626,0.735455748161589,0.42703357800894404,226.74305091529274
0.7518874203035191,-0.6592915191243698,-0.23030567023061196,-0.973118337233262,-0.8548778616854636,0.48083992303701145,0.25501202513831694,243.320276688172
-0.32584286417629543,-0.9454239408145895,-0.13727877211326517,0.9905324521322227,-0.051233924835198986,0.4305806185009004,0.31955004894607514,182.02308981901015
0.29042999067814773,-0.9568962433381641,0.7748840413670407,-0.6321034111873487,-0.8142124202331756,0.36906882217872683,0.6058033154175115,260.1792888159857
0.538665274708043,-0.8425198643496238,0.895839290734909,-0.4443781781046132,-0.7189543002491229,0.9129823008065528,0.34789558508585505,243.77501051507622
-0.6888617481081609,-0.724892745165358,0.7354170229639855,0.6776147890466889,-0.2231504240622406,0.16109644321688696,0.20446508474338468,198.08530095989718
0.9712695219612378,-0.23798217519215267,0.9999907397361901,0.004303538296244289,-0.5534572698504326,0.18542823538991846,0.16536737029127124,202.39989525551437
0.9962677859166542,0.08631627161044202,0.995918996147179,0.09025161003104117,-0.5305583398409737,0.5217921333467426,0.22752829382614265,210.4090392523471
0.9928495437437346,-0.11937245699012049,0.7802958510707755,0.6254105729852463,-0.35059865775043164,0.4023563165212701,0.3583210980976135,194.66015414794714
-0.3294915165400363,-0.9441585356962818,-0.8064799463209447,-0.5912614448635782,-0.708545636999106,0.3896493747639277,0.3890913953584192,234.6782285773595
0.8896394119447448,-0.456663680091387,0.08596479873744647,0.9962981749346078,-0.08383621429899589,0.4480024844728824,0.3764365907031409,175.0422051957567
-0.005737065312199893,-0.9999835429053838,0.1882267098432442,0.9821256058680006,-0.10160153594673606,0.6329938531409869,0.227892437373384,180.7780551281796
0.9987133491014492,0.050711402332877194,0.9209712877166346,0.38963044953078796,-0.4283774679219188,0.670139073341465,0.20884351892754288,199.6956632302968
0.23402442477413485,-0.9722307177872623,0.6287628145958344,-0.7775971469736269,-0.8520430842763248,0.1727477146265532,0.3859455653887144,278.12345901692896
-0.9995978857144967,0.02835607298460188,-0.801361088174677,0.5981809144059158,-0.19805234087215443,0.3591838631073474,0.45325367111242465,223.0736672554994
0.972804594692552,-0.23162733117026496,0.017213356155834685,0.9998518392091162,-0.10484900843865658,0.2467346396213698,0.28857447095814587,177.90712921173105
-0.6432504804436181,0.7656558100145616,-0.4093559588156211,-0.9123747579707274,-0.822904621704148,0.22223330090578353,0.10817478820263199,260.54702253692835
0.7942367601221583,-0.6076084009217262,-0.9932568492674143,-0.11593459959550066,-0.4843674220186188,0.22406208410824316,0.17303246268267986,214.63554526505905
-0.3863368862738192,0.922357745294227,-0.99665890175417,-0.08167639533042288,-0.40186097620987654,0.1411956170181623,0.4677976052459527,210.6820122095562
-0.9412235366130604,0.33778433078756487,0.8996308696522433,0.43665123195606403,-0.40693830785908097,0.547418022896912,0.5156027350660326,231.15399630876877
-0.5664138109877812,0.8241209830615273,-0.8115390590073611,0.5842981736283683,-0.19613099151907765,0.5995476973442565,0.22634788137048328,198.6269260746829
0.9188858121349877,-0.3945235915088276,0.2219215130041655,0.9750645322571948,-0.18138524983773263,0.4863932876979078,0.3455872143381968,196.39995168033346
0.3093729156561447,-0.9509407968209251,0.9657399376548549,0.2595117970697999,-0.4946578272608197,0.5874165601913084,0.10678761358143518,219.69779451426544
-0.8055734715307697,-0.5924958919400742,0.9455963874271426,0.3253420847119801,-0.40254814991502963,0.42695912474262726,0.4263870270722825,224.78102018672064
0.9998317057236282,-0.018345577935295204,-0.6680638642135333,-0.7441039398713608,-0.7149752590867544,0.489745743638628,0.12895475030524875,229.17279156350182
-0.6735540268347151,0.7391379931614528,-0.14579919691987442,-0.9893142039703664,-0.7895887344181167,0.27312226904941406,0.35554665015785675,268.48239663619984
-0.4665592160635706,0.8844899648419684,-0.594726686960764,0.8039279618328208,-0.13282907144315387,0.629055147602622,0.30604821091577933,189.0451509940153
-0.539048190153932,0.8422749246485796,-0.8263541987239094,-0.5631507242749187,-0.6416250620186199,0.7826849758368042,0.12176925584914569,238.17206461057043
-0.3186023381398177,-0.9478884692472218,-0.9829265519799822,-0.18399835165767986,-0.48317612137817584,0.5536606477873142,0.7296761987166248,211.0803828336837
0.41297785133295845,0.9107410687502858,-0.888057322629493,-0.4597327394521046,-0.6323440698772492,0.3905662850780748,0.4327389417048434,242.6704751522113
0.7937574427004435,0.6082344302632434,0.7802958510707755,0.6254105729852463,-0.33300406674848804,0.4737416082827598,0.2912304089068598,201.17084201339534
-0.05969686912338262,-0.9982165515642714,0.2219215130041655,0.9750645322571948,-0.1631299066335314,0.3437010385945761,0.2142409627410523,188.6259558193008
0.24691868485159005,-0.9690362031787879,-0.7694148268839381,0.6387494220515268,-0.22262853711771224,0.5324936148192414,0.23138968040507174,199.65202978569067
-0.9486519622348947,0.3163217579425798,0.4482293417404106,0.893918596519257,-0.17301052121414184,0.11883991589663037,0.16061520179253444,198.0820595225148
0.2252253825578549,0.9743066904479656,-0.9859481499638303,-0.1670516255021195,-0.5682453288829257,0.26211504017501136,0.36436274690737186,238.1030643378274
-0.03736205084054038,-0.999301794833267,-0.9611297838723007,0.27609697309746883,-0.31507837969417113,0.5903888050985582,0.3192629362597859,201.06602517649384
-0.9932152526010861,-0.11629042093208186,-0.6807734094770159,-0.7324940716135792,-0.7637346936093091,0.3153252663700149,0.264774057521875,272.03390817021733
0.5526391189002273,0.8334206646473199,0.9859481499638304,-0.16705162550211924,-0.5952052705159976,0.32567563187630266,0.4201327266332968,234.2883084490459
0.9397978791755309,0.34173080969847325,0.9275416835791966,0.37371971479046906,-0.4284137323910564,0.5192062831899517,0.17858299771055317,203.10448306928154
0.44325679412243424,-0.8963946756113079,0.9741004551724205,0.22611568550828828,-0.44198698126546565,0.015,0.12998592458881417,226.84527237001492
-0.7751360090242956,0.631794402882684,0.9922222094179323,0.12447926388678915,-0.46762334472576816,1.0703616035915098,0.3032463472309729,225.64410750773513
0.9812052075521712,0.19296720102779272,0.5524353131676196,0.8335557718385699,-0.21490214463578966,0.5786405834474948,0.27411865097391835,186.96808448327982
0.2510852138662483,-0.9679649866486599,-0.3697245428906732,0.9291414114031743,-0.1426925297600266,0.38790676613443975,0.48762294604130196,188.70672770486547
-0.8068182524535178,0.5907997186084737,-0.14579919691987442,-0.9893142039703664,-0.9600382438960661,0.6235800072197041,0.28813203562147977,266.4525195488533
-0.7354922659121865,-0.677533118587835,0.21352091543979612,-0.9769384927771817,-0.8787004989477114,0.32408566315506954,0.2796472404750192,250.503195479404
-0.8595927202834803,0.5109797992442033,-0.2553532951161881,0.9668478136052773,-0.07812284540979812,0.218945764726802,0.19850002985523918,188.2519439841151
0.9888387090837012,0.14898995743901441,0.8263541987239096,-0.5631507242749186,-0.7679585168330799,0.14926097148042125,0.49072112475389695,232.60705880799557
-0.36847477188811667,0.9296377479868169,0.23030567023061221,-0.9731183372332619,-0.8859072339297174,0.30726816777501764,0.7025109543120234,236.09620951808373
0.9503893298660359,-0.31106289022766326,-0.8758917051442433,0.48250774176121763,-0.26943376655434226,0.47145939957202865,0.3664431907044428,183.44383347656654
-0.33882117358334035,-0.9408507917473461,0.9657399376548549,0.2595117970697999,-0.4153481295671032,0.5536569301937851,0.23259156798290692,210.85457887152273
-0.4480932166333274,0.8939868395044739,0.9778483415056568,0.20931464596304847,-0.5238588158203819,0.4142406150256884,0.26218415702930176,231.063653907832
-0.9988968398886005,-0.046958527027235936,-0.4862727071086902,-0.8738071036110807,-0.7941147265070195,0.3181797157079741,0.3853429805306889,264.99618276460495
-0.3180165243757879,0.9480851703428042,-0.8958392907349089,-0.4443781781046134,-0.6788295594519518,0.5331091486862546,0.18516692152048336,233.54631868556416
0.3935499194425732,-0.9193032475232229,0.49377555015997715,0.869589389346611,-0.19759638225612633,0.5209849742851109,0.24038475244208618,201.8236065446664
0.6763812641933815,0.736551685523944,-0.12874817745258066,-0.99167731989929,-0.801859767678252,0.4833640012161296,0.3477016815236872,258.52260158823685
-0.4380450516790867,0.8989530202960921,-0.9307239310379793,-0.3657225234972692,-0.6131180262063183,0.3646077936780598,0.3831086012977103,235.32166231526054
-0.6401925728154519,-0.768214468564562,0.8359254794186372,-0.548842958284719,-0.7490428407610059,0.5372592786542061,0.3650153454610381,252.12132654988056
-0.5539812570307501,-0.8325291387444826,0.24702218048093552,-0.9690098257244062,-0.8414309370097408,0.5306381831994554,0.2649277949082572,261.84074271042846
-0.25094370734916555,-0.9680016816833824,0.9700639218515071,0.2428497220959356,-0.4643961918102537,0.6367140854847302,0.2540506719876307,213.53016293754789
-0.8014533706041906,-0.5980572671134278,-0.12020804489935275,0.9927487224577402,-0.09082553894218623,0.48791185909575085,0.31950289707086516,193.67559064278487
-0.9014271669248085,-0.4329307828393743,-0.09453674981719933,-0.9955213724144752,-0.9179622547710455,0.5711647323875167,0.5226026970602662,268.6795910656475
-0.43710025841052713,-0.8994127884889398,-0.38566340624360745,0.9226395488404875,-0.11698439648922893,0.884167853563824,0.3996763720224036,178.2722206306941
0.49461679871043346,0.8691111680524204,-0.9070138128026362,0.42110087079608916,-0.27716685188703294,0.5243738647668243,0.32300200865764833,203.02546954316537
-0.9692937478491176,0.24590573474527017,0.9911140639934547,-0.1330147065341959,-0.6463963812783611,0.7725919393171452,0.15144582993515585,259.42071842259037
-0.6633599849813527,-0.7483004278533719,0.5307300481619334,-0.8475409228928311,-0.880419936863195,0.48454892692441065,0.04056904142794859,257.86868832578284
0.7649412011031649,0.6441001155525805,0.5877852522924732,-0.8090169943749473,-0.8184303530237762,0.09467797035685539,0.3887902984099628,254.21710388524426
0.5678906986183992,0.8231039754628248,-0.9859481499638303,-0.1670516255021195,-0.5426509155623976,0.7640623171743983,0.14016196785719517,229.9583185083784
0.6208515771912624,-0.7839281338867243,0.288482432880609,0.9574851883550393,-0.18335309886119383,0.4119642562915205,0.39590393053225814,193.9355053965819
0.9378674173600795,-0.34699381472057184,-0.9760105506323682,-0.21772323039653224,-0.5857027764023478,0.5125254508005874,0.1630474907283427,228.04746922046962
-0.9366250473027633,0.3503334422590805,-0.5307300481619331,-0.8475409228928312,-0.814716348563019,0.5289245795170862,0.7514659894338542,264.91817059667824
0.24085088458729478,-0.9705621316502708,0.8452490573530633,-0.5343725582809786,-0.7746664181208527,0.6406463984482238,0.3081037232856726,255.41848108261573
-0.5234791160845328,-0.8520385055989877,0.5086709438521044,0.8609610158889943,-0.21370054059968255,0.545522216323465,0.3682603916348694,186.80791687650444
0.9792543197768564,-0.20263508382895185,0.6084768701151261,0.7935716089521474,-0.19452993855209857,0.5108826271109039,0.2545716062483195,180.68286661650887
-0.9806507998919832,-0.19576518758761352,0.854322169749827,-0.5197438121555155,-0.817910797860141,0.3810294210345894,0.35032264593432444,271.32456997405734
-0.9916192994153261,-0.12919429177428046,-0.9873494423939864,0.15855938510313475,-0.316600841421852,0.09849266222304887,0.2435799057282597,232.95573203746983
-0.831230990072173,-0.5559271905057666,-0.8631421280499115,-0.5049610547215202,-0.6529192749637006,0.3440645962676354,0.43250965298414473,248.85810933260612
0.6395562092518827,-0.7687443366993749,0.7856498550787147,-0.6186714032625031,-0.8349606115285981,0.527367822093922,0.3840778409276729,257.63652859744894
-0.9776332737059785,0.21031686129012875,-0.3617137307297674,-0.9322892131745134,-0.8191928044196369,0.6170241718664713,0.19540128774071883,280.0838407206543
0.4687714164980205,-0.8833195113176429,-0.034421611622745804,0.9994074007397048,-0.021241942310960393,0.1720843616102306,0.18797647854556626,191.29560654810797
-0.7369448433062256,0.6759528814380205,-0.9562348265919058,0.2926003356333479,-0.309462921153223,0.6376106333261728,0.5968595773479417,211.73609626493487
0.08225311130292022,-0.9966114717787415,0.7354170229639855,0.6776147890466889,-0.2804550594110264,0.6053603479788616,0.40472297808805247,191.9578163546054
0.998035941003289,0.0626439180262492,0.9455963874271426,0.3253420847119801,-0.3777448718628282,0.07639597095429589,0.09133508228388598,203.1958795891565
0.23923968707959695,0.97096054097273,-0.5160623910158526,-0.8565509959010037,-0.8040413863394312,0.29927932215312164,0.4616563927823887,260.39708345200313
-0.9506506301195244,0.3102634033419847,0.11165900712169512,-0.993746580436178,-0.9737569880412942,0.4646597877503,0.3279501705050872,299.13315709806534
0.9543277736839668,0.2987616112813082,-0.9587178169872964,-0.2843591872810036,-0.5043623206477633,0.5152358091410354,0.4556763961035404,199.20937952726325
0.9891686399490679,-0.14678351999223638,-0.9679377830240642,-0.25119006388481957,-0.6161078177015912,0.28529361866568237,0.4366685039762759,207.32034452308108
0.39750732935691485,-0.9175989990772294,0.9859481499638304,-0.16705162550211924,-0.6502804233767238,0.22890222318828696,0.5759620849103255,239.24814974288597
-0.2233979923619802,0.9747273141800411,-0.7638886127905429,-0.64534811322955,-0.6632437763771112,0.3357315625627417,0.252811934396833,239.06491776021988
0.8683031864874502,-0.49603384595785427,0.5877852522924732,-0.8090169943749473,-0.8255690744546652,0.4705464106560817,0.14403701400775512,236.60976311304347
0.1594276342212153,-0.9872096177847065,0.5380051715382996,0.8429415373547828,-0.1540680966137107,0.8068591821025322,0.08102161452555662,202.18982130570615
-0.4646531209598799,0.8854927877641032,0.8880573226294932,-0.45973273945210397,-0.761874082553389,0.3342000204036092,0.37411347989778077,247.57283696140217
0.9505064989511609,-0.3107046756191588,0.717676913675962,-0.6963762255968722,-0.8089871996498905,0.4425565364766573,0.2855833113621473,237.24136237374958
0.6138371184268065,-0.7894327026678555,0.7748840413670407,-0.6321034111873487,-0.7975719315599519,0.9047483900998037,0.42820079402535766,240.50139310860683
-0.2969900520244717,0.9548805731600688,0.9242907221930933,-0.3816892202666588,-0.8002266250154002,0.2839827430387188,0.3672965534179097,243.95723539838025
-0.21972274500856726,-0.9755623585019566,0.6551563572090853,-0.7554933140726803,-0.8955543396892018,0.6899055901092381,0.6071222696391236,259.5336787889623
-0.011006907651105562,-0.9999394221571425,0.15430882066428117,0.9880226656636976,-0.14134940689546718,0.8151909204156198,0.24167833305253425,199.68813980637108
-0.8553019577033373,-0.5181298689989207,-0.8311706263658079,0.5560174366570446,-0.22767379811292313,0.34321706250956063,0.12241720105779938,206.8569963879021
-0.848638485462168,-0.5289732705841361,-0.9999907397361901,0.004303538296243821,-0.42473187274550495,0.4517939218774713,0.39238071822774917,217.09565913496925
-0.9883870963241751,-0.1519570591314066,-0.970063921851507,0.2428497220959358,-0.2914108703407512,1.0746205895582381,0.41674495181608856,213.85292070783862
-0.9179642089620168,-0.39666322121509934,0.13727877211326478,0.9905324521322229,-0.10975918212999337,0.7281495565565178,0.42387622540681635,200.25231816981537
-0.41961823951689253,0.9077006847329927,0.9141279881853337,0.40542572835999735,-0.42167941874926945,0.46152867334614217,0.3091383599242074,217.3373139023378
